fam	name	layers
033	abhyankar	b
036	abhyankar	b
037	abhyankar	b
047	abhyankar	b
049	abhyankar	Db
066	abhyankar	b
002	adams	B
014	adams	bB
055	adams	b
108	adams	B
193	adams	b
289	adams	B
302	adams	Eb
308	adams	EbB
309	adams	Eb
313	adams	b
316	adams	bB
318	adams	Eb
319	adams	b
340	adams	bB
162	aharoni	bB
181	aharoni	EbB
185	aharoni	bB
324	aharoni	bB
212	ahlberg	EbB
224	ahlberg	bB
033	ahlfors	b
034	ahlfors	bB
071	ahlfors	bB
073	ahlfors	b
081	ahlfors	Eb
098	ahlfors	b
211	ahlfors	bB
233	ahlfors	bB
246	ahlfors	b
304	ahlfors	b
325	ahlfors	b
368	ahlfors	bB
032	albanese	b
033	albanese	b
034	albanese	b
035	albanese	b
036	albanese	b
040	albanese	b
041	albanese	b
057	albanese	Eb
058	albanese	Eb
060	albanese	b
067	albanese	Eb
315	albanese	bB
337	alexandrov	b
338	alexandrov	b
356	alexandrov	FMEb
360	alexandrov	Eb
375	alexandrov	b
202	alperin	FMEbB
203	alperin	bB
320	alperin	b
002	amitsur	B
116	amitsur	bB
201	amitsur	bB
247	amitsur	b
308	amitsur	b
309	amitsur	b
313	amitsur	b
318	amitsur	Eb
033	ampere	b
034	ampere	b
051	ampere	Eb
057	ampere	b
062	ampere	b
334	ampere	b
338	ampere	b
341	ampere	b
342	ampere	b
353	ampere	b
149	anderson	bB
184	anderson	b
219	anderson	Mb
227	anderson	bB
261	anderson	FMbB
273	anderson	b
275	anderson	bB
291	anderson	b
297	anderson	bB
307	anderson	b
351	anderson	bB
144	anosov	bB
146	anosov	b
339	anosov	EbB
008	arnold	b
059	arnold	Eb
089	arnold	b
104	arnold	B
147	arnold	bB
157	arnold	b
340	arnold	b
347	arnold	FMDb
361	arnold	b
002	arthur	bB
010	arthur	B
014	arthur	FMEbB
030	arthur	B
125	arthur	B
262	arthur	b
294	arthur	b
305	arthur	b
002	artin	b
003	artin	b
004	artin	Eb
006	artin	Eb
010	artin	b
014	artin	b
018	artin	b
029	artin	Fb
032	artin	b
034	artin	bB
035	artin	b
041	artin	B
043	artin	b
048	artin	b
053	artin	b
056	artin	bB
068	artin	B
069	artin	b
166	artin	b
194	artin	b
198	artin	b
199	artin	b
201	artin	b
203	artin	b
249	artin	b
250	artin	b
254	artin	FMEDb
305	artin	bB
311	artin	b
313	artin	b
318	artin	Eb
319	artin	b
320	artin	b
355	artin	bB
010	artinian	b
014	artinian	b
032	artinian	b
058	artinian	b
166	artinian	b
193	artinian	b
194	artinian	b
199	artinian	b
200	artinian	MEb
202	artinian	b
208	artinian	b
305	artinian	b
309	artinian	b
313	artinian	b
318	artinian	b
320	artinian	b
233	ashkin	FMbB
014	atiyah	b
032	atiyah	Eb
033	atiyah	bB
041	atiyah	B
046	atiyah	bB
057	atiyah	bB
060	atiyah	b
068	atiyah	B
069	atiyah	b
200	atiyah	b
204	atiyah	bB
258	atiyah	b
285	atiyah	bB
302	atiyah	bB
305	atiyah	b
306	atiyah	B
307	atiyah	b
315	atiyah	bB
348	atiyah	b
035	auslander	b
195	auslander	b
199	auslander	FMbB
208	auslander	b
200	bacharach	Eb
010	baire	b
015	baire	b
016	baire	b
027	baire	b
032	baire	b
033	baire	b
034	baire	b
036	baire	b
039	baire	b
052	baire	b
055	baire	b
058	baire	b
150	baire	b
211	baire	b
241	baire	b
264	baire	Eb
296	baire	b
306	baire	b
313	baire	b
318	baire	b
331	baire	b
334	baire	b
338	baire	b
345	baire	b
365	baire	b
010	banach	b
018	banach	b
041	banach	b
042	banach	b
051	banach	b
057	banach	b
058	banach	b
071	banach	b
073	banach	b
075	banach	b
086	banach	b
087	banach	b
090	banach	b
094	banach	b
098	banach	EDb
143	banach	b
144	banach	Fb
147	banach	b
159	banach	b
164	banach	b
207	banach	b
216	banach	b
218	banach	b
224	banach	b
225	banach	b
227	banach	b
228	banach	b
234	banach	b
251	banach	b
256	banach	b
260	banach	b
261	banach	b
264	banach	b
278	banach	b
280	banach	b
285	banach	b
287	banach	b
288	banach	b
289	banach	b
290	banach	b
291	banach	b
293	banach	b
294	banach	b
295	banach	b
297	banach	b
298	banach	b
303	banach	b
306	banach	b
307	banach	b
311	banach	b
313	banach	Eb
318	banach	b
322	banach	b
323	banach	b
324	banach	Mb
326	banach	b
327	banach	b
328	banach	FMb
330	banach	b
331	banach	b
332	banach	b
335	banach	b
341	banach	b
342	banach	b
351	banach	b
352	banach	b
355	banach	b
356	banach	b
364	banach	b
372	banach	b
376	banach	b
100	bang	FbB
179	barker	Eb
180	barnette	Fb
010	barthel	bB
265	barthel	bB
308	barthel	bB
311	barthel	bB
313	barthel	bB
314	barthel	b
318	barthel	EbB
319	barthel	b
007	bass	b
018	bass	b
031	bass	b
047	bass	b
178	bass	b
198	bass	bB
207	bass	FMDbB
232	bass	b
247	bass	b
254	bass	b
258	bass	b
305	bass	b
315	bass	b
320	bass	b
347	bass	bB
369	bass	bB
010	baum	B
032	baum	b
034	baum	b
041	baum	B
285	baum	FMbB
307	baum	b
250	baumslag	bB
257	baumslag	bB
258	baumslag	Mb
080	bayes	b
105	bayes	b
119	bayes	b
140	bayes	b
171	bayes	b
178	bayes	b
211	bayes	b
212	bayes	b
213	bayes	b
216	bayes	b
227	bayes	b
229	bayes	Eb
231	bayes	b
232	bayes	b
236	bayes	b
250	belk	EbB
184	benjamini	bB
212	benjamini	bB
213	benjamini	bB
214	benjamini	FbB
224	benjamini	bB
231	benjamini	bB
267	benjamini	bB
330	benjamini	b
208	benson	FbB
313	benson	B
033	bergman	b
034	bergman	b
040	bergman	b
058	bergman	Eb
072	bergman	b
087	bergman	b
237	bergman	b
325	bergman	b
359	bergman	b
097	bergstrom	FMEDbB
002	bernoulli	b
007	bernoulli	b
011	bernoulli	b
012	bernoulli	b
028	bernoulli	b
029	bernoulli	b
065	bernoulli	b
074	bernoulli	b
075	bernoulli	b
084	bernoulli	b
092	bernoulli	b
102	bernoulli	b
107	bernoulli	b
109	bernoulli	b
111	bernoulli	b
113	bernoulli	b
114	bernoulli	b
115	bernoulli	b
120	bernoulli	b
121	bernoulli	b
122	bernoulli	b
125	bernoulli	b
127	bernoulli	b
130	bernoulli	b
134	bernoulli	b
138	bernoulli	b
140	bernoulli	b
146	bernoulli	b
148	bernoulli	b
153	bernoulli	FMb
160	bernoulli	b
161	bernoulli	b
162	bernoulli	b
170	bernoulli	b
175	bernoulli	b
181	bernoulli	b
184	bernoulli	b
186	bernoulli	b
210	bernoulli	b
211	bernoulli	b
212	bernoulli	b
213	bernoulli	b
214	bernoulli	b
215	bernoulli	b
218	bernoulli	b
219	bernoulli	b
223	bernoulli	b
227	bernoulli	b
231	bernoulli	b
232	bernoulli	b
235	bernoulli	b
237	bernoulli	b
238	bernoulli	b
239	bernoulli	Mb
241	bernoulli	b
248	bernoulli	b
251	bernoulli	b
257	bernoulli	b
259	bernoulli	b
260	bernoulli	b
261	bernoulli	b
263	bernoulli	b
267	bernoulli	b
271	bernoulli	b
274	bernoulli	b
277	bernoulli	b
279	bernoulli	b
283	bernoulli	b
285	bernoulli	b
286	bernoulli	b
359	bernoulli	b
367	bernoulli	FMb
002	bernstein	bB
012	bernstein	b
014	bernstein	bB
043	bernstein	B
056	bernstein	bB
069	bernstein	b
074	bernstein	b
079	bernstein	b
080	bernstein	b
083	bernstein	b
087	bernstein	b
090	bernstein	EbB
101	bernstein	b
119	bernstein	b
120	bernstein	b
121	bernstein	b
125	bernstein	b
162	bernstein	b
170	bernstein	b
178	bernstein	b
203	bernstein	b
211	bernstein	b
215	bernstein	b
219	bernstein	b
223	bernstein	b
227	bernstein	b
229	bernstein	b
232	bernstein	b
237	bernstein	b
244	bernstein	b
254	bernstein	B
284	bernstein	B
286	bernstein	bB
348	bernstein	Eb
349	bernstein	bB
353	bernstein	FMb
355	bernstein	bB
375	bernstein	b
003	bessel	b
018	bessel	b
029	bessel	b
077	bessel	b
078	bessel	Eb
080	bessel	b
081	bessel	Eb
086	bessel	Eb
093	bessel	Eb
102	bessel	b
145	bessel	b
154	bessel	b
164	bessel	b
207	bessel	b
211	bessel	b
216	bessel	b
223	bessel	b
224	bessel	b
225	bessel	b
227	bessel	b
232	bessel	b
263	bessel	b
269	bessel	b
274	bessel	b
281	bessel	b
282	bessel	b
286	bessel	b
331	bessel	b
001	betti	b
002	betti	b
004	betti	b
014	betti	b
016	betti	b
030	betti	b
032	betti	b
034	betti	b
035	betti	b
036	betti	b
040	betti	b
041	betti	b
043	betti	b
044	betti	b
048	betti	b
057	betti	b
058	betti	b
060	betti	b
062	betti	b
064	betti	b
066	betti	b
067	betti	b
069	betti	b
194	betti	b
200	betti	Mb
203	betti	b
214	betti	b
246	betti	b
251	betti	b
260	betti	b
285	betti	b
287	betti	b
305	betti	b
314	betti	b
315	betti	b
321	betti	b
338	betti	b
341	betti	b
342	betti	b
345	betti	b
347	betti	b
348	betti	b
030	bianchi	bB
260	bianchi	b
264	bianchi	b
305	bianchi	b
320	bianchi	b
348	bianchi	Eb
351	bianchi	b
002	birch	FMbB
004	birch	bB
006	birch	bB
147	birkhoff	FbB
154	birkhoff	b
310	birkhoff	b
339	birkhoff	b
345	birkhoff	bB
347	birkhoff	b
361	birkhoff	b
011	blaschke	b
087	blaschke	b
140	blaschke	b
223	blaschke	b
225	blaschke	b
237	blaschke	b
344	blaschke	FMEbB
353	blaschke	b
002	bloch	b
006	bloch	bB
009	bloch	B
010	bloch	bB
030	bloch	bB
040	bloch	FEb
054	bloch	B
271	bloch	FEbB
318	bloch	bB
003	bochner	b
034	bochner	b
037	bochner	b
041	bochner	b
055	bochner	b
057	bochner	b
058	bochner	b
077	bochner	b
078	bochner	FMEbB
079	bochner	Eb
091	bochner	b
158	bochner	b
264	bochner	b
290	bochner	b
304	bochner	bB
348	bochner	b
351	bochner	b
352	bochner	b
355	bochner	b
356	bochner	b
357	bochner	Eb
363	bochner	b
364	bochner	b
367	bochner	Eb
371	bochner	b
002	bockstein	Eb
009	bockstein	b
059	bockstein	Eb
308	bockstein	b
309	bockstein	b
316	bockstein	b
002	bogomolov	b
004	bogomolov	bB
006	bogomolov	bB
009	bogomolov	FMEbB
016	bogomolov	b
033	bogomolov	b
034	bogomolov	b
035	bogomolov	b
041	bogomolov	bB
046	bogomolov	bB
055	bogomolov	b
057	bogomolov	EbB
058	bogomolov	b
060	bogomolov	b
064	bogomolov	b
195	bogomolov	b
211	boltzmann	b
228	boltzmann	b
237	boltzmann	b
268	boltzmann	b
271	boltzmann	b
356	boltzmann	b
363	boltzmann	FMbB
364	boltzmann	FMb
260	bondi	MEb
004	boolean	b
006	boolean	b
007	boolean	b
015	boolean	b
016	boolean	b
028	boolean	b
033	boolean	b
046	boolean	b
058	boolean	b
074	boolean	b
092	boolean	Eb
099	boolean	b
102	boolean	b
103	boolean	b
105	boolean	b
109	boolean	b
111	boolean	b
112	boolean	Mb
113	boolean	b
119	boolean	MEb
120	boolean	b
122	boolean	b
124	boolean	b
127	boolean	Eb
131	boolean	b
132	boolean	b
133	boolean	b
134	boolean	Eb
136	boolean	Eb
138	boolean	b
141	boolean	b
157	boolean	b
159	boolean	Eb
164	boolean	b
175	boolean	b
186	boolean	b
188	boolean	b
192	boolean	Eb
206	boolean	Eb
214	boolean	b
218	boolean	b
224	boolean	b
232	boolean	b
235	boolean	b
238	boolean	b
242	boolean	b
243	boolean	b
244	boolean	b
245	boolean	b
247	boolean	b
249	boolean	b
253	boolean	b
267	boolean	b
274	boolean	b
277	boolean	b
279	boolean	b
283	boolean	FMb
284	boolean	b
285	boolean	b
305	boolean	b
318	boolean	b
319	boolean	b
323	boolean	b
351	boolean	b
364	boolean	b
250	boone	FMbB
001	borel	b
002	borel	B
003	borel	b
010	borel	b
014	borel	b
015	borel	b
016	borel	b
018	borel	b
029	borel	b
032	borel	bB
033	borel	bB
034	borel	b
036	borel	b
041	borel	bB
042	borel	bB
043	borel	b
044	borel	b
046	borel	bB
050	borel	b
053	borel	b
055	borel	B
056	borel	b
058	borel	bB
062	borel	b
067	borel	B
069	borel	b
071	borel	Eb
072	borel	Eb
073	borel	b
074	borel	b
075	borel	b
076	borel	b
077	borel	b
078	borel	b
079	borel	b
080	borel	b
081	borel	b
082	borel	b
084	borel	b
085	borel	b
087	borel	b
090	borel	b
091	borel	b
092	borel	b
093	borel	b
096	borel	b
102	borel	b
111	borel	b
139	borel	b
140	borel	Eb
145	borel	b
146	borel	b
148	borel	b
152	borel	b
153	borel	b
154	borel	b
157	borel	b
158	borel	b
159	borel	b
167	borel	b
182	borel	b
183	borel	b
197	borel	b
200	borel	b
203	borel	b
204	borel	b
206	borel	b
207	borel	b
211	borel	b
212	borel	b
215	borel	b
216	borel	b
217	borel	b
219	borel	b
220	borel	b
221	borel	b
222	borel	b
223	borel	b
224	borel	b
226	borel	b
227	borel	b
228	borel	b
229	borel	b
230	borel	b
231	borel	b
232	borel	b
233	borel	b
234	borel	b
235	borel	b
236	borel	b
237	borel	b
241	borel	b
255	borel	b
256	borel	b
258	borel	b
259	borel	b
260	borel	b
261	borel	b
263	borel	b
264	borel	b
267	borel	b
271	borel	b
282	borel	b
285	borel	b
286	borel	bB
287	borel	b
289	borel	b
290	borel	b
291	borel	b
293	borel	b
295	borel	b
298	borel	b
301	borel	b
302	borel	b
303	borel	b
305	borel	b
308	borel	Eb
309	borel	b
316	borel	b
318	borel	b
320	borel	Fb
323	borel	b
335	borel	b
337	borel	b
339	borel	b
341	borel	b
342	borel	b
344	borel	b
345	borel	b
346	borel	b
350	borel	b
355	borel	b
356	borel	b
357	borel	b
360	borel	b
363	borel	b
364	borel	b
366	borel	b
368	borel	b
373	borel	b
156	borsuk	FDbB
166	borsuk	b
237	bose	b
267	bose	FMbB
271	bose	b
014	bott	b
034	bott	Eb
036	bott	b
056	bott	b
068	bott	B
203	bott	b
209	bott	b
260	bott	B
285	bott	EbB
307	bott	b
318	bott	b
340	bott	bB
344	bott	b
345	bott	bB
073	bourgain	bB
074	bourgain	bB
076	bourgain	bB
077	bourgain	EbB
078	bourgain	bB
079	bourgain	bB
080	bourgain	bB
083	bourgain	bB
084	bourgain	bB
087	bourgain	bB
094	bourgain	b
101	bourgain	bB
136	bourgain	B
154	bourgain	bB
159	bourgain	b
162	bourgain	bB
186	bourgain	b
218	bourgain	b
235	bourgain	b
323	bourgain	b
327	bourgain	b
329	bourgain	bB
331	bourgain	EbB
371	bourgain	bB
258	bowditch	b
315	bowditch	EbB
346	brakke	bB
355	brakke	EbB
095	branden	bB
114	branden	EbB
115	branden	bB
231	branden	bB
238	branden	b
271	branden	bB
018	bray	b
206	bray	B
221	bray	EbB
260	bray	bB
101	brenier	bB
374	brenier	MbB
072	brennan	FEDbB
003	brown	b
004	brown	b
006	brown	b
008	brown	b
013	brown	b
020	brown	b
021	brown	b
023	brown	b
029	brown	b
065	brown	b
159	brown	b
177	brown	b
196	brown	bB
197	brown	bB
205	brown	b
247	brown	b
248	brown	bB
250	brown	bB
258	brown	b
285	brown	bB
291	brown	EbB
293	brown	bB
302	brown	b
308	brown	bB
309	brown	b
310	brown	bB
315	brown	bB
318	brown	b
319	brown	b
368	brown	bB
093	brownian	b
097	brownian	Eb
139	brownian	b
147	brownian	b
211	brownian	MEb
215	brownian	b
216	brownian	b
217	brownian	b
218	brownian	b
219	brownian	b
220	brownian	b
222	brownian	b
223	brownian	b
224	brownian	b
226	brownian	b
227	brownian	b
230	brownian	b
231	brownian	Eb
232	brownian	Eb
233	brownian	b
236	brownian	b
267	brownian	b
281	brownian	b
298	brownian	b
038	brunn	b
088	brunn	b
091	brunn	FMEDb
224	brunn	b
227	brunn	b
232	brunn	b
088	busemann	b
089	busemann	b
212	busemann	Eb
338	busemann	b
339	busemann	b
032	calabi	b
033	calabi	b
034	calabi	MEb
036	calabi	b
041	calabi	b
055	calabi	b
062	calabi	b
065	calabi	b
066	calabi	Eb
341	calabi	b
351	calabi	b
352	calabi	FMbB
353	calabi	bB
359	calabi	bB
083	calderon	bB
154	calderon	bB
260	calderon	bB
261	calderon	b
278	calderon	b
297	calderon	bB
346	calderon	bB
351	calderon	b
365	calderon	MbB
372	calderon	b
211	cameron	Eb
215	cameron	bB
216	cameron	Eb
233	cameron	b
243	cameron	B
264	cameron	bB
289	cameron	bB
295	cameron	bB
314	cameron	b
033	campana	FEbB
034	campana	EbB
035	campana	B
036	campana	bB
042	campana	bB
046	campana	bB
050	campana	bB
052	campana	b
054	campana	bB
056	campana	B
057	campana	FEbB
058	campana	bB
063	campana	bB
067	campana	FMbB
068	campana	B
246	cannon	FEb
248	cannon	bB
258	cannon	b
072	carleson	bB
075	carleson	bB
077	carleson	bB
078	carleson	bB
080	carleson	FbB
081	carleson	Eb
082	carleson	b
083	carleson	EbB
224	carleson	b
260	carleson	b
368	carleson	b
291	carrion	EbB
001	cartan	b
002	cartan	b
004	cartan	b
006	cartan	b
014	cartan	b
016	cartan	b
032	cartan	b
033	cartan	b
034	cartan	b
042	cartan	b
044	cartan	b
048	cartan	b
056	cartan	b
058	cartan	bB
062	cartan	b
069	cartan	b
087	cartan	b
147	cartan	b
203	cartan	Eb
204	cartan	b
206	cartan	b
215	cartan	b
237	cartan	b
254	cartan	Eb
255	cartan	Eb
257	cartan	b
260	cartan	b
266	cartan	Eb
286	cartan	Eb
289	cartan	b
295	cartan	b
296	cartan	b
300	cartan	b
305	cartan	Eb
308	cartan	b
309	cartan	b
316	cartan	b
318	cartan	b
333	cartan	bB
334	cartan	bB
337	cartan	FMb
338	cartan	b
339	cartan	b
340	cartan	b
341	cartan	b
347	cartan	b
358	cartan	b
002	cartesian	b
004	cartesian	b
009	cartesian	b
022	cartesian	b
028	cartesian	b
034	cartesian	b
036	cartesian	b
047	cartesian	b
069	cartesian	b
074	cartesian	b
087	cartesian	b
088	cartesian	b
090	cartesian	b
100	cartesian	b
105	cartesian	b
109	cartesian	b
115	cartesian	b
125	cartesian	b
134	cartesian	b
135	cartesian	b
136	cartesian	b
138	cartesian	b
159	cartesian	b
161	cartesian	b
171	cartesian	b
206	cartesian	Eb
214	cartesian	b
243	cartesian	b
250	cartesian	b
252	cartesian	b
260	cartesian	b
263	cartesian	b
264	cartesian	b
265	cartesian	b
268	cartesian	b
278	cartesian	b
282	cartesian	b
284	cartesian	b
289	cartesian	b
302	cartesian	b
328	cartesian	b
344	cartesian	b
348	cartesian	b
350	cartesian	b
351	cartesian	b
367	cartesian	b
368	cartesian	b
369	cartesian	b
371	cartesian	b
376	cartesian	b
001	cartier	b
002	cartier	b
004	cartier	b
009	cartier	b
014	cartier	b
016	cartier	b
017	cartier	b
032	cartier	b
033	cartier	b
034	cartier	Eb
035	cartier	bB
036	cartier	bB
037	cartier	b
038	cartier	b
039	cartier	b
040	cartier	b
041	cartier	b
046	cartier	b
047	cartier	b
048	cartier	b
050	cartier	b
051	cartier	b
052	cartier	b
053	cartier	b
054	cartier	bB
055	cartier	b
056	cartier	b
058	cartier	b
062	cartier	b
063	cartier	b
064	cartier	b
065	cartier	b
066	cartier	MDbB
068	cartier	b
069	cartier	b
166	cartier	b
194	cartier	b
195	cartier	b
202	cartier	b
249	cartier	B
305	cartier	b
309	cartier	b
311	cartier	b
313	cartier	bB
316	cartier	bB
318	cartier	EbB
319	cartier	b
341	cartier	b
002	casimir	b
065	casimir	b
069	casimir	b
238	casimir	Eb
268	casimir	b
282	casimir	b
348	casimir	b
361	casimir	b
291	castillejos	EbB
301	castillejos	bB
302	castillejos	bB
005	catalan	Fb
205	catalan	b
211	catalan	Eb
218	catalan	b
238	catalan	b
239	catalan	b
287	catalan	b
295	catalan	b
298	catalan	b
003	cauchy	b
004	cauchy	b
005	cauchy	b
006	cauchy	b
007	cauchy	b
010	cauchy	b
011	cauchy	b
012	cauchy	b
013	cauchy	b
014	cauchy	b
015	cauchy	b
016	cauchy	b
017	cauchy	b
018	cauchy	b
020	cauchy	b
021	cauchy	b
022	cauchy	b
023	cauchy	b
024	cauchy	b
025	cauchy	b
026	cauchy	b
029	cauchy	b
033	cauchy	b
034	cauchy	b
037	cauchy	b
039	cauchy	b
040	cauchy	b
041	cauchy	b
042	cauchy	b
046	cauchy	b
051	cauchy	b
052	cauchy	b
054	cauchy	b
055	cauchy	b
057	cauchy	b
058	cauchy	b
060	cauchy	b
065	cauchy	b
071	cauchy	b
072	cauchy	b
073	cauchy	b
074	cauchy	b
075	cauchy	b
076	cauchy	b
077	cauchy	b
078	cauchy	b
079	cauchy	b
080	cauchy	b
081	cauchy	b
082	cauchy	b
083	cauchy	b
085	cauchy	b
086	cauchy	b
087	cauchy	b
088	cauchy	b
090	cauchy	b
091	cauchy	b
093	cauchy	b
094	cauchy	b
096	cauchy	b
097	cauchy	b
098	cauchy	b
100	cauchy	b
101	cauchy	b
102	cauchy	Eb
105	cauchy	b
113	cauchy	b
114	cauchy	b
115	cauchy	b
116	cauchy	b
117	cauchy	b
119	cauchy	b
120	cauchy	b
121	cauchy	b
122	cauchy	Eb
127	cauchy	b
131	cauchy	b
135	cauchy	b
136	cauchy	b
138	cauchy	b
139	cauchy	b
140	cauchy	b
143	cauchy	Eb
144	cauchy	b
145	cauchy	b
147	cauchy	b
150	cauchy	b
152	cauchy	b
153	cauchy	b
154	cauchy	b
157	cauchy	b
158	cauchy	b
159	cauchy	b
161	cauchy	b
162	cauchy	b
164	cauchy	b
166	cauchy	b
167	cauchy	b
169	cauchy	b
170	cauchy	b
171	cauchy	b
178	cauchy	b
182	cauchy	b
184	cauchy	b
188	cauchy	b
192	cauchy	b
195	cauchy	b
197	cauchy	b
203	cauchy	b
204	cauchy	b
207	cauchy	b
210	cauchy	b
211	cauchy	b
212	cauchy	b
213	cauchy	b
214	cauchy	b
215	cauchy	b
216	cauchy	b
217	cauchy	b
218	cauchy	b
219	cauchy	b
220	cauchy	b
221	cauchy	b
222	cauchy	b
223	cauchy	b
224	cauchy	b
225	cauchy	b
226	cauchy	b
227	cauchy	b
228	cauchy	b
229	cauchy	b
230	cauchy	b
231	cauchy	b
232	cauchy	Eb
233	cauchy	Eb
234	cauchy	b
235	cauchy	b
236	cauchy	b
237	cauchy	b
238	cauchy	b
239	cauchy	b
243	cauchy	b
246	cauchy	b
247	cauchy	b
251	cauchy	b
252	cauchy	b
253	cauchy	b
255	cauchy	b
256	cauchy	b
257	cauchy	b
260	cauchy	b
261	cauchy	Eb
262	cauchy	b
263	cauchy	b
264	cauchy	Eb
265	cauchy	b
266	cauchy	b
267	cauchy	b
268	cauchy	b
269	cauchy	b
271	cauchy	b
273	cauchy	b
274	cauchy	b
275	cauchy	b
276	cauchy	b
277	cauchy	b
278	cauchy	b
280	cauchy	b
281	cauchy	b
282	cauchy	b
284	cauchy	b
285	cauchy	b
286	cauchy	b
287	cauchy	b
289	cauchy	b
290	cauchy	b
291	cauchy	b
292	cauchy	b
293	cauchy	b
295	cauchy	b
296	cauchy	b
297	cauchy	b
298	cauchy	b
301	cauchy	b
306	cauchy	b
313	cauchy	b
315	cauchy	b
318	cauchy	b
319	cauchy	b
322	cauchy	b
323	cauchy	b
324	cauchy	b
325	cauchy	b
326	cauchy	b
328	cauchy	b
330	cauchy	b
331	cauchy	b
332	cauchy	b
334	cauchy	b
335	cauchy	b
336	cauchy	b
337	cauchy	b
338	cauchy	b
341	cauchy	b
342	cauchy	b
345	cauchy	b
346	cauchy	b
348	cauchy	b
350	cauchy	b
351	cauchy	b
352	cauchy	b
353	cauchy	b
354	cauchy	b
355	cauchy	b
356	cauchy	b
357	cauchy	b
358	cauchy	b
359	cauchy	b
360	cauchy	b
361	cauchy	b
362	cauchy	b
363	cauchy	b
364	cauchy	b
365	cauchy	b
366	cauchy	b
367	cauchy	b
368	cauchy	b
369	cauchy	b
371	cauchy	b
372	cauchy	b
375	cauchy	b
376	cauchy	b
002	cayley	b
010	cayley	b
014	cayley	b
016	cayley	b
018	cayley	b
032	cayley	b
034	cayley	b
050	cayley	b
058	cayley	b
059	cayley	b
100	cayley	b
122	cayley	b
136	cayley	b
142	cayley	b
161	cayley	b
166	cayley	Eb
200	cayley	Eb
213	cayley	b
214	cayley	Eb
223	cayley	b
225	cayley	b
229	cayley	b
231	cayley	b
246	cayley	b
248	cayley	b
249	cayley	b
252	cayley	Eb
254	cayley	b
255	cayley	b
258	cayley	b
285	cayley	b
286	cayley	b
289	cayley	b
305	cayley	b
306	cayley	b
307	cayley	b
315	cayley	b
320	cayley	b
339	cayley	b
344	cayley	Eb
359	cayley	b
002	chai	b
016	chai	bB
032	chai	b
309	chai	b
311	chai	FbB
319	chai	b
139	chatterji	B
207	chatterji	EbB
002	chebotarev	b
003	chebotarev	b
004	chebotarev	Eb
006	chebotarev	Eb
010	chebotarev	b
014	chebotarev	b
018	chebotarev	b
023	chebotarev	b
029	chebotarev	b
030	chebotarev	b
031	chebotarev	b
032	chebotarev	b
014	chern	b
016	chern	b
032	chern	b
033	chern	Eb
034	chern	Eb
036	chern	b
037	chern	b
040	chern	b
041	chern	b
043	chern	b
044	chern	b
050	chern	b
051	chern	b
052	chern	b
053	chern	b
054	chern	b
055	chern	b
056	chern	b
057	chern	b
058	chern	b
060	chern	b
063	chern	b
065	chern	b
066	chern	b
067	chern	b
193	chern	b
195	chern	b
200	chern	b
207	chern	bB
260	chern	bB
285	chern	b
294	chern	b
302	chern	b
304	chern	b
305	chern	EbB
306	chern	b
307	chern	b
308	chern	b
309	chern	b
316	chern	b
318	chern	b
320	chern	b
333	chern	b
338	chern	b
341	chern	b
343	chern	b
344	chern	b
345	chern	b
347	chern	b
348	chern	b
351	chern	bB
353	chern	bB
001	chow	b
016	chow	b
022	chow	bB
032	chow	b
033	chow	b
034	chow	b
039	chow	bB
040	chow	Eb
046	chow	b
052	chow	b
053	chow	MEb
054	chow	Eb
055	chow	b
056	chow	b
058	chow	b
063	chow	b
065	chow	b
066	chow	b
114	chow	b
152	chow	B
169	chow	bB
200	chow	b
210	chow	b
007	chowla	FbB
028	chowla	b
014	clifford	b
016	clifford	b
032	clifford	Eb
069	clifford	b
197	clifford	bB
200	clifford	b
203	clifford	b
237	clifford	b
260	clifford	b
270	clifford	b
305	clifford	b
306	clifford	b
310	clifford	b
341	clifford	b
349	clifford	b
009	cohen	b
010	cohen	bB
020	cohen	b
034	cohen	b
035	cohen	b
036	cohen	b
037	cohen	b
041	cohen	B
048	cohen	b
056	cohen	b
059	cohen	b
062	cohen	b
064	cohen	b
089	cohen	b
103	cohen	bB
110	cohen	B
125	cohen	b
166	cohen	b
178	cohen	b
191	cohen	bB
193	cohen	b
194	cohen	b
195	cohen	FMb
199	cohen	b
200	cohen	b
203	cohen	b
206	cohen	B
232	cohen	b
244	cohen	b
250	cohen	B
258	cohen	b
297	cohen	b
306	cohen	b
316	cohen	B
318	cohen	b
321	cohen	bB
345	cohen	bB
157	colin	FMb
361	colin	b
001	colmez	b
002	colmez	bB
010	colmez	bB
311	colmez	b
313	colmez	bB
318	colmez	EbB
207	connes	bB
256	connes	b
280	connes	b
285	connes	FMbB
286	connes	bB
287	connes	B
290	connes	FbB
291	connes	bB
292	connes	b
301	connes	bB
307	connes	b
011	corput	b
025	corput	b
145	corput	b
154	corput	Eb
158	corput	b
044	coulomb	b
090	coulomb	Mb
216	coulomb	b
223	coulomb	Eb
225	coulomb	b
234	coulomb	b
237	coulomb	b
260	coulomb	b
263	coulomb	MEDb
275	coulomb	FMEb
278	coulomb	Mb
306	coulomb	b
341	coulomb	b
362	coulomb	b
373	coulomb	FMb
119	courtade	FEDbB
139	courtade	bB
018	coxeter	b
069	coxeter	b
092	coxeter	bB
168	coxeter	b
203	coxeter	b
206	coxeter	b
246	coxeter	b
249	coxeter	b
254	coxeter	Eb
286	coxeter	Eb
305	coxeter	b
315	coxeter	b
318	coxeter	b
320	coxeter	b
183	crouzeix	B
325	crouzeix	FMDb
291	cuntz	MEb
292	cuntz	bB
294	cuntz	b
299	cuntz	b
301	cuntz	b
302	cuntz	b
303	cuntz	bB
018	curtis	bB
205	curtis	b
316	curtis	FbB
331	daugavet	MEb
001	david	b
003	david	b
014	david	b
032	david	b
033	david	b
052	david	b
081	david	FEbB
089	david	b
099	david	b
114	david	b
118	david	b
119	david	b
175	david	b
178	david	b
200	david	b
211	david	bB
216	david	b
234	david	b
262	david	b
275	david	b
283	david	b
284	david	b
294	david	b
300	david	b
309	david	b
319	david	b
330	david	b
357	david	bB
366	david	bB
001	deligne	b
002	deligne	bB
004	deligne	bB
006	deligne	bB
008	deligne	FMDb
009	deligne	bB
010	deligne	bB
014	deligne	bB
016	deligne	bB
030	deligne	b
032	deligne	bB
033	deligne	bB
034	deligne	bB
036	deligne	bB
037	deligne	b
040	deligne	b
041	deligne	B
043	deligne	bB
046	deligne	b
053	deligne	b
054	deligne	B
056	deligne	bB
057	deligne	bB
062	deligne	b
063	deligne	b
065	deligne	b
066	deligne	b
067	deligne	bB
069	deligne	b
200	deligne	b
202	deligne	B
203	deligne	b
208	deligne	bB
254	deligne	bB
318	deligne	B
004	diophantine	b
022	diophantine	b
047	diophantine	b
118	diophantine	b
150	diophantine	b
154	diophantine	b
206	diophantine	b
242	diophantine	FMb
293	diophantine	b
002	dirichlet	b
003	dirichlet	Db
004	dirichlet	b
005	dirichlet	b
006	dirichlet	Eb
007	dirichlet	b
010	dirichlet	b
011	dirichlet	MEb
012	dirichlet	b
013	dirichlet	b
015	dirichlet	b
016	dirichlet	b
017	dirichlet	b
018	dirichlet	b
020	dirichlet	b
023	dirichlet	b
027	dirichlet	b
029	dirichlet	b
031	dirichlet	b
037	dirichlet	b
066	dirichlet	b
071	dirichlet	b
087	dirichlet	b
090	dirichlet	b
093	dirichlet	Eb
097	dirichlet	b
103	dirichlet	b
113	dirichlet	b
114	dirichlet	b
115	dirichlet	b
119	dirichlet	b
120	dirichlet	b
136	dirichlet	b
146	dirichlet	b
147	dirichlet	b
150	dirichlet	b
153	dirichlet	b
162	dirichlet	b
182	dirichlet	b
186	dirichlet	b
211	dirichlet	b
214	dirichlet	b
215	dirichlet	b
216	dirichlet	Eb
220	dirichlet	b
222	dirichlet	b
223	dirichlet	b
224	dirichlet	b
227	dirichlet	b
230	dirichlet	b
232	dirichlet	Eb
233	dirichlet	b
234	dirichlet	b
235	dirichlet	b
237	dirichlet	b
260	dirichlet	Eb
261	dirichlet	b
262	dirichlet	b
267	dirichlet	b
271	dirichlet	b
278	dirichlet	b
285	dirichlet	b
315	dirichlet	b
325	dirichlet	b
335	dirichlet	b
336	dirichlet	b
337	dirichlet	b
338	dirichlet	b
345	dirichlet	b
346	dirichlet	b
348	dirichlet	b
351	dirichlet	b
355	dirichlet	b
356	dirichlet	b
357	dirichlet	b
361	dirichlet	Eb
365	dirichlet	b
366	dirichlet	Eb
367	dirichlet	b
368	dirichlet	b
369	dirichlet	b
371	dirichlet	b
372	dirichlet	b
375	dirichlet	b
251	dixmier	DbB
255	dixmier	bB
258	dixmier	b
286	dixmier	bB
289	dixmier	b
290	dixmier	b
291	dixmier	bB
295	dixmier	bB
301	dixmier	B
218	dobrushin	Eb
223	dobrushin	Eb
227	dobrushin	b
232	dobrushin	b
014	donaldson	b
037	donaldson	bB
043	donaldson	bB
055	donaldson	bB
060	donaldson	b
306	donaldson	EbB
341	donaldson	FbB
342	donaldson	FbB
034	donovan	b
203	donovan	FMEb
010	dospinescu	bB
318	dospinescu	EbB
001	drinfeld	b
002	drinfeld	b
004	drinfeld	bB
006	drinfeld	bB
008	drinfeld	FMDb
014	drinfeld	bB
069	drinfeld	b
193	drinfeld	b
309	drinfeld	b
313	drinfeld	b
318	drinfeld	Eb
022	duffin	FMEbB
211	duffin	b
273	duffin	b
047	dutta	b
049	dutta	B
097	dutta	bB
135	dutta	bB
184	dutta	bB
193	dutta	b
194	dutta	Eb
002	dyer	Mb
004	dyer	b
006	dyer	b
018	dyer	b
114	dyer	bB
115	dyer	bB
131	dyer	b
168	dyer	Eb
250	dyer	bB
316	dyer	Eb
321	dyer	b
316	eccles	EbB
014	eilenberg	b
069	eilenberg	b
249	eilenberg	FMbB
250	eilenberg	bB
285	eilenberg	b
304	eilenberg	bB
305	eilenberg	b
308	eilenberg	b
309	eilenberg	b
312	eilenberg	b
316	eilenberg	b
318	eilenberg	bB
319	eilenberg	b
320	eilenberg	b
366	eilenberg	b
015	einsiedler	EbB
033	einstein	b
034	einstein	b
037	einstein	b
038	einstein	b
041	einstein	b
052	einstein	b
055	einstein	b
062	einstein	Eb
067	einstein	b
260	einstein	Eb
264	einstein	b
267	einstein	FMbB
282	einstein	b
348	einstein	FMb
351	einstein	b
352	einstein	b
359	einstein	b
361	einstein	b
365	einstein	b
020	eisenbud	B
032	eisenbud	b
059	eisenbud	B
067	eisenbud	B
194	eisenbud	b
195	eisenbud	B
200	eisenbud	FMEb
359	eisenbud	B
002	eisenstein	Eb
003	eisenstein	b
004	eisenstein	b
006	eisenstein	b
010	eisenstein	b
014	eisenstein	b
018	eisenstein	b
020	eisenstein	b
023	eisenstein	b
029	eisenstein	b
032	eisenstein	b
034	eisenstein	b
069	eisenstein	b
142	eisenstein	b
179	eisenstein	b
209	eisenstein	b
318	eisenstein	b
003	elliott	b
007	elliott	FEbB
011	elliott	b
012	elliott	b
028	elliott	b
262	elliott	b
289	elliott	B
291	elliott	bB
301	elliott	bB
302	elliott	bB
303	elliott	bB
348	emden	b
370	emden	FMEDb
010	emerton	EbB
006	erdos	bB
007	erdos	b
011	erdos	bB
012	erdos	bB
020	erdos	b
021	erdos	bB
022	erdos	b
024	erdos	bB
025	erdos	FbB
026	erdos	b
028	erdos	b
076	erdos	bB
080	erdos	b
084	erdos	FMbB
099	erdos	b
112	erdos	b
131	erdos	b
134	erdos	bB
148	erdos	b
153	erdos	EbB
157	erdos	b
158	erdos	B
159	erdos	Fb
160	erdos	bB
161	erdos	bB
162	erdos	bB
165	erdos	B
166	erdos	FMbB
167	erdos	bB
170	erdos	b
171	erdos	b
172	erdos	bB
176	erdos	b
181	erdos	FDbB
183	erdos	b
184	erdos	b
188	erdos	b
189	erdos	bB
191	erdos	b
197	erdos	bB
219	erdos	b
240	erdos	b
252	erdos	b
261	erdos	bB
285	erdos	bB
368	erdos	bB
032	etingof	b
053	etingof	b
208	etingof	FbB
238	etingof	b
265	etingof	B
003	euclidean	b
006	euclidean	b
007	euclidean	b
014	euclidean	b
015	euclidean	b
020	euclidean	b
023	euclidean	b
028	euclidean	b
033	euclidean	b
034	euclidean	b
036	euclidean	b
037	euclidean	b
039	euclidean	b
041	euclidean	b
042	euclidean	b
046	euclidean	b
050	euclidean	b
051	euclidean	b
052	euclidean	b
055	euclidean	b
056	euclidean	b
057	euclidean	b
058	euclidean	b
060	euclidean	b
064	euclidean	b
066	euclidean	b
071	euclidean	b
072	euclidean	b
073	euclidean	b
074	euclidean	b
076	euclidean	b
077	euclidean	b
079	euclidean	b
080	euclidean	b
081	euclidean	b
082	euclidean	b
083	euclidean	b
085	euclidean	b
086	euclidean	b
087	euclidean	b
088	euclidean	b
089	euclidean	b
090	euclidean	b
091	euclidean	b
092	euclidean	b
093	euclidean	b
094	euclidean	b
095	euclidean	b
096	euclidean	b
097	euclidean	FMEDb
098	euclidean	b
100	euclidean	b
102	euclidean	b
107	euclidean	b
109	euclidean	b
113	euclidean	b
114	euclidean	b
116	euclidean	b
117	euclidean	Eb
120	euclidean	b
121	euclidean	b
125	euclidean	b
130	euclidean	b
131	euclidean	b
136	euclidean	b
139	euclidean	b
140	euclidean	b
141	euclidean	b
142	euclidean	b
146	euclidean	b
147	euclidean	b
150	euclidean	b
152	euclidean	b
155	euclidean	b
156	euclidean	Eb
157	euclidean	b
158	euclidean	FMDb
159	euclidean	b
160	euclidean	b
166	euclidean	b
167	euclidean	b
172	euclidean	FMDb
182	euclidean	b
183	euclidean	b
188	euclidean	b
191	euclidean	b
203	euclidean	b
206	euclidean	b
207	euclidean	b
211	euclidean	b
212	euclidean	b
213	euclidean	b
215	euclidean	Eb
216	euclidean	b
217	euclidean	b
218	euclidean	b
219	euclidean	b
220	euclidean	b
222	euclidean	b
223	euclidean	b
224	euclidean	b
225	euclidean	b
226	euclidean	b
227	euclidean	Eb
228	euclidean	b
229	euclidean	b
230	euclidean	b
232	euclidean	b
233	euclidean	b
234	euclidean	b
237	euclidean	b
238	euclidean	b
239	euclidean	b
246	euclidean	b
251	euclidean	b
252	euclidean	b
253	euclidean	b
254	euclidean	b
255	euclidean	b
257	euclidean	b
260	euclidean	b
261	euclidean	b
262	euclidean	b
263	euclidean	b
264	euclidean	b
265	euclidean	b
266	euclidean	b
267	euclidean	b
268	euclidean	b
270	euclidean	b
274	euclidean	b
275	euclidean	b
279	euclidean	b
281	euclidean	b
282	euclidean	b
283	euclidean	b
284	euclidean	b
285	euclidean	b
286	euclidean	b
291	euclidean	b
298	euclidean	b
302	euclidean	b
304	euclidean	b
305	euclidean	b
307	euclidean	b
315	euclidean	b
320	euclidean	b
323	euclidean	b
324	euclidean	b
325	euclidean	b
326	euclidean	b
329	euclidean	b
331	euclidean	b
333	euclidean	Mb
334	euclidean	Eb
335	euclidean	b
336	euclidean	b
337	euclidean	MEb
338	euclidean	b
340	euclidean	b
341	euclidean	b
342	euclidean	b
343	euclidean	b
344	euclidean	b
345	euclidean	b
346	euclidean	b
347	euclidean	b
348	euclidean	b
349	euclidean	b
350	euclidean	b
351	euclidean	b
352	euclidean	b
353	euclidean	b
354	euclidean	b
355	euclidean	b
356	euclidean	b
357	euclidean	Eb
358	euclidean	b
359	euclidean	b
360	euclidean	b
361	euclidean	b
362	euclidean	b
363	euclidean	b
364	euclidean	b
365	euclidean	b
367	euclidean	Eb
368	euclidean	b
369	euclidean	b
371	euclidean	b
372	euclidean	b
373	euclidean	b
375	euclidean	b
376	euclidean	Eb
002	euler	b
003	euler	Eb
004	euler	b
005	euler	b
006	euler	Eb
007	euler	b
009	euler	b
010	euler	b
011	euler	b
012	euler	b
013	euler	b
014	euler	b
015	euler	b
016	euler	b
020	euler	b
021	euler	b
022	euler	b
023	euler	b
024	euler	b
025	euler	b
026	euler	b
029	euler	b
032	euler	b
034	euler	b
035	euler	b
036	euler	b
037	euler	b
040	euler	Eb
042	euler	b
043	euler	b
044	euler	b
048	euler	b
053	euler	b
054	euler	b
055	euler	b
056	euler	b
058	euler	b
059	euler	b
060	euler	Eb
062	euler	b
064	euler	Eb
065	euler	b
066	euler	b
068	euler	b
069	euler	b
074	euler	b
090	euler	b
093	euler	b
101	euler	b
119	euler	b
128	euler	b
143	euler	Eb
147	euler	b
153	euler	b
159	euler	b
164	euler	b
166	euler	b
169	euler	b
179	euler	bB
180	euler	b
182	euler	b
193	euler	b
194	euler	b
195	euler	b
196	euler	b
197	euler	b
200	euler	b
202	euler	b
203	euler	b
204	euler	b
207	euler	b
210	euler	b
211	euler	b
215	euler	b
216	euler	b
218	euler	b
223	euler	b
229	euler	b
230	euler	b
233	euler	b
237	euler	b
238	euler	b
252	euler	b
254	euler	Eb
256	euler	b
257	euler	b
259	euler	b
260	euler	b
262	euler	b
263	euler	b
269	euler	b
275	euler	b
281	euler	b
282	euler	b
285	euler	Eb
287	euler	b
305	euler	b
306	euler	b
308	euler	Eb
309	euler	Eb
310	euler	b
314	euler	b
315	euler	b
316	euler	b
321	euler	b
336	euler	b
337	euler	b
340	euler	b
341	euler	b
344	euler	b
345	euler	b
347	euler	b
348	euler	b
353	euler	b
355	euler	b
358	euler	b
367	euler	b
368	euler	b
369	euler	b
371	euler	b
375	euler	b
376	euler	b
085	evans	B
091	evans	b
166	evans	b
167	evans	B
200	evans	b
229	evans	bB
236	evans	bB
237	evans	b
338	evans	b
350	evans	bB
368	evans	Fb
377	evans	b
291	evington	EbB
301	evington	bB
302	evington	bB
073	falconer	FMDbB
084	falconer	bB
158	falconer	bB
028	fano	b
034	fano	Eb
036	fano	b
037	fano	b
038	fano	b
052	fano	b
054	fano	EbB
055	fano	b
056	fano	Eb
062	fano	Mb
063	fano	b
065	fano	b
066	fano	FMb
067	fano	b
197	fano	b
257	fano	b
273	fano	b
276	fano	b
001	fargues	b
311	fargues	EbB
313	fargues	bB
318	fargues	bB
087	fenchel	b
228	fenchel	Eb
002	fermat	b
016	fermat	b
032	fermat	Eb
039	fermat	b
041	fermat	b
054	fermat	b
109	fermat	b
197	fermat	b
310	fermat	b
008	feynman	b
097	feynman	b
215	feynman	b
217	feynman	b
222	feynman	b
224	feynman	b
227	feynman	Eb
267	feynman	bB
363	feynman	b
017	flint	Eb
059	floer	b
064	floer	b
304	floer	b
306	floer	EbB
340	floer	b
347	floer	MEbB
002	fock	b
032	fock	b
065	fock	b
069	fock	b
135	fock	b
227	fock	b
237	fock	b
263	fock	b
267	fock	b
269	fock	Mb
273	fock	b
281	fock	b
282	fock	b
365	fock	b
001	fontaine	b
002	fontaine	bB
004	fontaine	bB
010	fontaine	FMbB
030	fontaine	b
311	fontaine	EbB
313	fontaine	bB
318	fontaine	bB
003	ford	b
011	ford	FbB
012	ford	bB
013	ford	B
021	ford	bB
024	ford	EbB
026	ford	bB
029	ford	b
113	ford	bB
120	ford	B
157	ford	bB
180	ford	B
211	ford	B
211	fortuin	MbB
215	fortuin	bB
216	fortuin	B
218	fortuin	bB
223	fortuin	bB
232	fortuin	bB
233	fortuin	B
238	fortuin	b
210	foulkes	FMbB
001	fourier	b
002	fourier	Eb
003	fourier	Eb
004	fourier	Eb
006	fourier	Eb
007	fourier	Eb
008	fourier	b
010	fourier	b
011	fourier	Eb
012	fourier	b
013	fourier	b
015	fourier	Eb
016	fourier	b
018	fourier	b
021	fourier	b
022	fourier	b
023	fourier	Eb
025	fourier	b
026	fourier	b
029	fourier	b
032	fourier	Eb
033	fourier	b
034	fourier	b
036	fourier	b
037	fourier	b
042	fourier	b
043	fourier	b
044	fourier	b
048	fourier	b
051	fourier	b
052	fourier	b
053	fourier	b
054	fourier	b
055	fourier	b
056	fourier	b
057	fourier	b
058	fourier	b
059	fourier	b
060	fourier	b
062	fourier	b
066	fourier	b
069	fourier	Eb
073	fourier	Eb
074	fourier	b
075	fourier	FMDb
076	fourier	b
077	fourier	FMb
078	fourier	b
079	fourier	b
080	fourier	Eb
081	fourier	b
082	fourier	b
083	fourier	Eb
084	fourier	b
086	fourier	b
090	fourier	MEb
093	fourier	b
096	fourier	b
098	fourier	b
099	fourier	Eb
102	fourier	b
105	fourier	b
107	fourier	b
109	fourier	b
116	fourier	b
117	fourier	b
119	fourier	b
122	fourier	b
127	fourier	b
130	fourier	FMEDb
136	fourier	b
138	fourier	b
144	fourier	b
147	fourier	Eb
150	fourier	b
153	fourier	b
154	fourier	b
157	fourier	b
158	fourier	b
159	fourier	Eb
161	fourier	b
164	fourier	b
178	fourier	b
179	fourier	b
182	fourier	Eb
186	fourier	Eb
192	fourier	b
197	fourier	b
200	fourier	b
203	fourier	b
206	fourier	b
211	fourier	b
215	fourier	b
216	fourier	b
217	fourier	b
218	fourier	b
220	fourier	b
223	fourier	b
224	fourier	b
225	fourier	b
227	fourier	b
229	fourier	b
232	fourier	b
233	fourier	b
234	fourier	b
237	fourier	b
238	fourier	MEb
239	fourier	b
254	fourier	b
256	fourier	b
260	fourier	b
261	fourier	b
262	fourier	b
263	fourier	b
264	fourier	b
265	fourier	Eb
266	fourier	MEb
267	fourier	b
269	fourier	b
271	fourier	b
274	fourier	b
275	fourier	b
278	fourier	b
279	fourier	b
280	fourier	b
281	fourier	b
282	fourier	b
283	fourier	Eb
285	fourier	Eb
286	fourier	Eb
287	fourier	b
288	fourier	b
289	fourier	b
290	fourier	b
293	fourier	b
301	fourier	b
302	fourier	b
325	fourier	b
326	fourier	b
337	fourier	b
338	fourier	b
341	fourier	b
342	fourier	b
345	fourier	b
346	fourier	b
348	fourier	b
351	fourier	b
352	fourier	b
355	fourier	b
359	fourier	b
361	fourier	b
362	fourier	b
363	fourier	b
364	fourier	b
365	fourier	b
366	fourier	b
369	fourier	b
371	fourier	b
372	fourier	b
376	fourier	b
002	fricke	Eb
006	fricke	b
102	friedgut	EbB
106	friedgut	B
175	friedgut	b
186	friedgut	FEb
235	friedgut	bB
257	friedgut	bB
001	frobenius	b
002	frobenius	Eb
003	frobenius	b
004	frobenius	b
005	frobenius	b
006	frobenius	b
009	frobenius	b
010	frobenius	b
014	frobenius	MEb
015	frobenius	b
016	frobenius	b
018	frobenius	b
023	frobenius	b
027	frobenius	b
029	frobenius	b
030	frobenius	Eb
031	frobenius	Eb
032	frobenius	b
034	frobenius	Eb
035	frobenius	b
036	frobenius	Eb
046	frobenius	b
052	frobenius	b
053	frobenius	b
055	frobenius	Eb
058	frobenius	b
059	frobenius	b
062	frobenius	b
065	frobenius	b
066	frobenius	b
087	frobenius	b
101	frobenius	b
139	frobenius	Eb
142	frobenius	b
156	frobenius	b
157	frobenius	b
166	frobenius	b
169	frobenius	b
178	frobenius	b
191	frobenius	b
193	frobenius	b
194	frobenius	b
199	frobenius	b
202	frobenius	b
203	frobenius	Eb
205	frobenius	b
206	frobenius	Eb
208	frobenius	Eb
209	frobenius	b
215	frobenius	b
219	frobenius	b
222	frobenius	b
223	frobenius	b
227	frobenius	b
234	frobenius	b
238	frobenius	b
239	frobenius	b
254	frobenius	b
260	frobenius	b
261	frobenius	b
266	frobenius	b
268	frobenius	b
274	frobenius	b
279	frobenius	b
280	frobenius	b
284	frobenius	b
292	frobenius	b
305	frobenius	b
308	frobenius	Eb
309	frobenius	b
311	frobenius	Eb
313	frobenius	b
314	frobenius	b
316	frobenius	b
318	frobenius	Eb
319	frobenius	b
320	frobenius	b
338	frobenius	b
339	frobenius	b
345	frobenius	b
359	frobenius	b
361	frobenius	b
365	frobenius	b
367	frobenius	b
368	frobenius	b
073	frostman	Eb
074	frostman	Eb
077	frostman	b
079	frostman	b
140	frostman	b
232	frostman	Eb
034	fujita	b
036	fujita	b
038	fujita	FbB
047	fujita	b
051	fujita	b
018	furstenberg	bB
050	furstenberg	bB
073	furstenberg	Eb
074	furstenberg	Eb
077	furstenberg	Eb
078	furstenberg	b
079	furstenberg	Eb
145	furstenberg	bB
154	furstenberg	bB
158	furstenberg	bB
159	furstenberg	b
182	furstenberg	bB
212	furstenberg	b
251	furstenberg	b
286	furstenberg	bB
295	furstenberg	bB
291	gabe	EbB
301	gabe	bB
032	gale	MEb
120	gale	bB
157	gale	B
181	gallai	FDb
001	galois	b
002	galois	Eb
003	galois	b
004	galois	b
006	galois	Eb
008	galois	b
009	galois	b
010	galois	b
014	galois	b
015	galois	b
016	galois	b
018	galois	b
019	galois	b
020	galois	b
029	galois	b
030	galois	b
031	galois	FMb
032	galois	b
033	galois	b
034	galois	b
036	galois	b
037	galois	b
046	galois	b
054	galois	b
056	galois	b
057	galois	b
058	galois	b
066	galois	b
142	galois	b
193	galois	b
195	galois	b
200	galois	b
201	galois	b
202	galois	b
203	galois	b
206	galois	b
272	galois	b
286	galois	b
309	galois	b
310	galois	b
311	galois	b
313	galois	b
318	galois	b
319	galois	b
002	gan	bB
014	gan	Eb
079	gan	bB
249	ganea	FMbB
148	garsia	bB
153	garsia	EbB
169	garsia	bB
220	garsia	bB
237	garsia	b
215	gaudin	bB
225	gaudin	EbB
002	gauss	b
003	gauss	Eb
004	gauss	b
006	gauss	Eb
009	gauss	b
010	gauss	b
013	gauss	b
014	gauss	b
015	gauss	b
016	gauss	b
019	gauss	b
020	gauss	b
021	gauss	b
023	gauss	FMb
029	gauss	Eb
032	gauss	b
033	gauss	b
036	gauss	b
037	gauss	b
064	gauss	b
066	gauss	Eb
087	gauss	b
090	gauss	b
096	gauss	b
119	gauss	b
161	gauss	b
167	gauss	b
182	gauss	b
195	gauss	b
202	gauss	b
209	gauss	b
216	gauss	b
222	gauss	b
223	gauss	b
252	gauss	b
260	gauss	Eb
264	gauss	b
269	gauss	b
275	gauss	b
286	gauss	b
311	gauss	b
313	gauss	b
318	gauss	b
333	gauss	b
334	gauss	b
335	gauss	b
336	gauss	b
337	gauss	b
338	gauss	Eb
340	gauss	b
344	gauss	b
346	gauss	b
348	gauss	b
349	gauss	b
351	gauss	b
353	gauss	b
354	gauss	b
360	gauss	b
361	gauss	b
375	gauss	b
002	gaussian	b
003	gaussian	Eb
004	gaussian	b
005	gaussian	b
006	gaussian	b
015	gaussian	b
017	gaussian	b
020	gaussian	b
023	gaussian	b
028	gaussian	FMDb
029	gaussian	Eb
032	gaussian	b
034	gaussian	b
059	gaussian	b
066	gaussian	Eb
067	gaussian	b
071	gaussian	b
073	gaussian	b
075	gaussian	b
076	gaussian	b
078	gaussian	b
079	gaussian	Eb
080	gaussian	Eb
082	gaussian	Eb
087	gaussian	Eb
090	gaussian	Eb
091	gaussian	b
092	gaussian	Eb
093	gaussian	Eb
095	gaussian	b
096	gaussian	FMEDb
097	gaussian	Eb
098	gaussian	b
101	gaussian	b
102	gaussian	b
107	gaussian	b
109	gaussian	b
113	gaussian	b
114	gaussian	b
116	gaussian	b
117	gaussian	b
119	gaussian	b
122	gaussian	b
127	gaussian	b
130	gaussian	b
136	gaussian	b
139	gaussian	Eb
140	gaussian	FMEb
142	gaussian	b
144	gaussian	b
153	gaussian	b
154	gaussian	Eb
166	gaussian	b
172	gaussian	b
178	gaussian	b
179	gaussian	b
192	gaussian	b
200	gaussian	b
210	gaussian	b
211	gaussian	Eb
215	gaussian	Eb
216	gaussian	Eb
217	gaussian	Eb
218	gaussian	b
219	gaussian	Eb
220	gaussian	Eb
222	gaussian	Eb
223	gaussian	b
225	gaussian	FMb
226	gaussian	b
227	gaussian	Eb
229	gaussian	b
230	gaussian	b
231	gaussian	b
232	gaussian	FMEb
233	gaussian	Eb
234	gaussian	Eb
235	gaussian	Eb
236	gaussian	Eb
237	gaussian	b
238	gaussian	b
239	gaussian	Eb
243	gaussian	b
247	gaussian	b
251	gaussian	b
254	gaussian	b
260	gaussian	b
261	gaussian	b
262	gaussian	b
263	gaussian	b
264	gaussian	b
265	gaussian	b
267	gaussian	Eb
269	gaussian	b
270	gaussian	b
271	gaussian	b
273	gaussian	b
275	gaussian	b
279	gaussian	b
280	gaussian	b
281	gaussian	Eb
282	gaussian	b
283	gaussian	b
291	gaussian	Eb
298	gaussian	b
299	gaussian	b
325	gaussian	Eb
331	gaussian	Eb
333	gaussian	b
334	gaussian	b
336	gaussian	b
337	gaussian	b
338	gaussian	b
341	gaussian	b
342	gaussian	b
346	gaussian	Eb
348	gaussian	b
350	gaussian	b
354	gaussian	b
355	gaussian	Eb
356	gaussian	b
357	gaussian	b
358	gaussian	b
359	gaussian	b
361	gaussian	b
363	gaussian	Eb
364	gaussian	Eb
365	gaussian	b
371	gaussian	Eb
376	gaussian	b
055	gepner	FMb
193	gepner	b
209	gersten	FMbB
254	gersten	b
258	gersten	FbB
285	gersten	bB
245	geuvers	FEbB
078	gevrey	b
086	gevrey	b
143	gevrey	Eb
154	gevrey	b
216	gevrey	b
237	gevrey	b
350	gevrey	b
355	gevrey	b
357	gevrey	b
221	ghirlanda	bB
222	ghirlanda	EbB
234	ghirlanda	b
235	ghirlanda	bB
075	gibbs	b
113	gibbs	b
139	gibbs	b
215	gibbs	b
217	gibbs	b
218	gibbs	b
220	gibbs	b
221	gibbs	b
222	gibbs	b
223	gibbs	b
225	gibbs	b
227	gibbs	Eb
228	gibbs	b
229	gibbs	b
232	gibbs	b
233	gibbs	b
234	gibbs	b
235	gibbs	b
236	gibbs	b
238	gibbs	b
265	gibbs	b
267	gibbs	b
268	gibbs	b
271	gibbs	b
273	gibbs	Eb
339	gibbs	b
041	gigli	B
257	gigli	bB
356	gigli	FEbB
357	gigli	bB
374	gigli	B
001	giorgi	b
260	giorgi	b
264	giorgi	bB
278	giorgi	b
335	giorgi	b
336	giorgi	b
337	giorgi	b
366	giorgi	b
373	giorgi	b
375	giorgi	Fb
227	glauber	Mb
223	glazman	bB
225	glazman	bB
232	glazman	bB
237	glazman	b
003	goldbach	b
013	goldbach	Fb
136	goldbach	b
002	goldfeld	b
006	goldfeld	FEbB
029	goldfeld	b
033	gongyo	bB
034	gongyo	EbB
036	gongyo	bB
037	gongyo	b
102	gopalan	bB
114	gopalan	bB
115	gopalan	bB
192	gopalan	Fb
127	gotsman	FDb
013	gowers	bB
074	gowers	b
086	gowers	bB
102	gowers	bB
126	gowers	B
154	gowers	b
159	gowers	Eb
160	gowers	bB
161	gowers	bB
162	gowers	bB
164	gowers	b
167	gowers	B
171	gowers	b
323	gowers	bB
025	graham	bB
037	graham	B
053	graham	b
113	graham	B
124	graham	bB
138	graham	b
140	graham	bB
161	graham	bB
164	graham	b
171	graham	b
172	graham	DbB
188	graham	bB
206	graham	B
213	graham	B
250	graham	b
002	gram	b
003	gram	Eb
010	gram	b
011	gram	b
015	gram	b
016	gram	b
018	gram	b
023	gram	Eb
032	gram	b
041	gram	b
046	gram	b
051	gram	b
054	gram	b
057	gram	b
060	gram	b
066	gram	b
073	gram	b
077	gram	b
078	gram	b
079	gram	b
080	gram	b
082	gram	Eb
083	gram	b
086	gram	b
087	gram	b
090	gram	b
093	gram	b
094	gram	b
095	gram	Eb
096	gram	b
100	gram	b
101	gram	b
102	gram	b
105	gram	b
117	gram	b
122	gram	Eb
131	gram	b
139	gram	b
140	gram	Eb
145	gram	b
152	gram	b
153	gram	b
154	gram	b
156	gram	b
157	gram	Eb
158	gram	b
159	gram	b
161	gram	b
166	gram	b
168	gram	b
172	gram	b
178	gram	b
182	gram	b
197	gram	b
215	gram	b
216	gram	b
218	gram	b
219	gram	b
222	gram	b
223	gram	b
225	gram	b
227	gram	b
228	gram	b
233	gram	b
234	gram	b
235	gram	b
237	gram	b
238	gram	b
239	gram	b
251	gram	b
253	gram	b
260	gram	b
261	gram	b
262	gram	b
264	gram	b
266	gram	Eb
269	gram	Eb
273	gram	b
275	gram	b
276	gram	b
280	gram	b
281	gram	Eb
282	gram	b
283	gram	b
286	gram	Eb
289	gram	b
290	gram	b
291	gram	b
294	gram	b
299	gram	b
302	gram	b
310	gram	b
325	gram	b
333	gram	b
337	gram	b
338	gram	b
341	gram	b
344	gram	b
346	gram	b
350	gram	b
356	gram	b
357	gram	Eb
359	gram	b
361	gram	b
365	gram	b
367	gram	b
369	gram	b
371	gram	b
033	grassmann	b
034	grassmann	b
102	grassmann	b
105	grassmann	Eb
218	grassmann	b
260	grassmann	b
294	grassmann	b
339	grassmann	b
345	grassmann	b
034	greb	bB
041	greb	EbB
048	greb	b
055	greb	B
056	greb	b
068	greb	B
004	green	bB
013	green	bB
020	green	B
021	green	bB
022	green	bB
026	green	bB
041	green	b
042	green	b
051	green	Eb
057	green	b
060	green	b
067	green	B
072	green	b
086	green	B
090	green	Eb
125	green	b
145	green	bB
146	green	b
147	green	b
159	green	b
160	green	bB
164	green	b
178	green	b
182	green	bB
198	green	bB
200	green	FMEb
203	green	b
211	green	Eb
213	green	bB
215	green	b
216	green	Eb
218	green	b
219	green	b
223	green	Eb
225	green	b
230	green	b
232	green	Eb
233	green	Eb
237	green	b
249	green	bB
260	green	Eb
261	green	Eb
264	green	b
270	green	B
271	green	b
274	green	bB
282	green	b
306	green	b
335	green	b
336	green	b
337	green	b
338	green	b
339	green	b
341	green	b
344	green	bB
348	green	b
351	green	b
356	green	b
361	green	b
365	green	Eb
368	green	b
369	green	b
371	green	b
375	green	Eb
032	griffiths	b
033	griffiths	EbB
034	griffiths	bB
050	griffiths	FbB
058	griffiths	bB
067	griffiths	bB
075	griffiths	b
171	griffiths	b
215	griffiths	bB
216	griffiths	b
218	griffiths	b
223	griffiths	b
224	griffiths	bB
232	griffiths	b
233	griffiths	bB
237	griffiths	b
271	griffiths	B
338	griffiths	b
034	gromov	b
037	gromov	b
041	gromov	b
042	gromov	bB
046	gromov	bB
051	gromov	bB
053	gromov	b
054	gromov	b
057	gromov	b
058	gromov	bB
060	gromov	b
062	gromov	b
063	gromov	b
065	gromov	b
071	gromov	b
087	gromov	bB
146	gromov	b
151	gromov	bB
157	gromov	bB
177	gromov	b
196	gromov	bB
197	gromov	bB
211	gromov	b
213	gromov	bB
214	gromov	b
234	gromov	b
246	gromov	b
252	gromov	bB
255	gromov	bB
257	gromov	bB
260	gromov	b
285	gromov	bB
302	gromov	bB
307	gromov	b
315	gromov	b
320	gromov	b
327	gromov	b
333	gromov	bB
335	gromov	FEbB
336	gromov	bB
337	gromov	bB
338	gromov	b
340	gromov	bB
341	gromov	b
342	gromov	bB
343	gromov	b
347	gromov	bB
348	gromov	bB
351	gromov	bB
356	gromov	b
357	gromov	b
361	gromov	b
002	gross	EbB
004	gross	bB
006	gross	bB
014	gross	b
032	gross	bB
053	gross	b
087	gross	bB
093	gross	bB
119	gross	bB
169	gross	bB
227	gross	bB
267	gross	b
285	gross	bB
309	gross	b
311	gross	bB
318	gross	bB
341	gross	bB
001	grothendieck	b
002	grothendieck	b
008	grothendieck	b
009	grothendieck	B
010	grothendieck	bB
014	grothendieck	b
016	grothendieck	bB
019	grothendieck	bB
030	grothendieck	bB
032	grothendieck	bB
033	grothendieck	bB
034	grothendieck	bB
035	grothendieck	B
036	grothendieck	bB
040	grothendieck	b
041	grothendieck	B
043	grothendieck	b
046	grothendieck	B
048	grothendieck	b
053	grothendieck	b
054	grothendieck	b
055	grothendieck	b
056	grothendieck	bB
057	grothendieck	B
058	grothendieck	bB
067	grothendieck	b
068	grothendieck	B
069	grothendieck	b
096	grothendieck	b
107	grothendieck	b
142	grothendieck	b
193	grothendieck	b
195	grothendieck	b
200	grothendieck	b
202	grothendieck	bB
203	grothendieck	b
207	grothendieck	b
208	grothendieck	b
288	grothendieck	b
309	grothendieck	b
311	grothendieck	b
312	grothendieck	FMDbB
317	grothendieck	b
318	grothendieck	b
319	grothendieck	b
326	grothendieck	b
200	guerra	b
217	guerra	bB
220	guerra	bB
221	guerra	bB
222	guerra	EbB
227	guerra	bB
234	guerra	b
235	guerra	bB
281	guerra	bB
003	guth	b
073	guth	bB
074	guth	bB
077	guth	bB
078	guth	bB
079	guth	bB
080	guth	bB
166	guth	EbB
167	guth	bB
170	guth	bB
335	guth	bB
157	gyarfas	bB
162	gyarfas	FbB
032	gysin	b
033	gysin	b
034	gysin	b
040	gysin	b
043	gysin	b
044	gysin	b
053	gysin	b
054	gysin	b
065	gysin	b
344	gysin	Eb
345	gysin	Eb
347	gysin	b
002	haar	Eb
007	haar	b
011	haar	b
012	haar	b
013	haar	b
014	haar	b
015	haar	b
018	haar	b
029	haar	b
033	haar	b
066	haar	b
071	haar	b
073	haar	Eb
075	haar	Eb
076	haar	b
081	haar	b
082	haar	b
086	haar	b
092	haar	b
099	haar	b
139	haar	b
140	haar	Eb
144	haar	b
145	haar	b
152	haar	b
154	haar	b
158	haar	b
159	haar	b
164	haar	b
211	haar	b
214	haar	b
215	haar	b
216	haar	b
222	haar	Eb
225	haar	b
227	haar	Eb
232	haar	b
234	haar	b
237	haar	b
238	haar	b
251	haar	b
255	haar	Eb
261	haar	b
263	haar	b
265	haar	b
269	haar	b
270	haar	b
285	haar	Eb
286	haar	Eb
287	haar	Eb
288	haar	b
289	haar	Eb
291	haar	Eb
293	haar	b
295	haar	b
296	haar	b
304	haar	b
335	haar	b
341	haar	b
364	haar	b
003	hadamard	b
005	hadamard	Eb
013	hadamard	b
015	hadamard	b
016	hadamard	b
018	hadamard	b
029	hadamard	b
056	hadamard	b
105	hadamard	b
109	hadamard	b
122	hadamard	b
130	hadamard	b
131	hadamard	b
136	hadamard	b
140	hadamard	b
147	hadamard	b
179	hadamard	FMDb
207	hadamard	b
227	hadamard	Eb
237	hadamard	b
239	hadamard	b
252	hadamard	b
257	hadamard	b
260	hadamard	b
266	hadamard	Mb
274	hadamard	b
275	hadamard	b
279	hadamard	b
283	hadamard	b
284	hadamard	b
335	hadamard	b
337	hadamard	FMb
358	hadamard	b
359	hadamard	b
157	hadwiger	FMDbB
158	hadwiger	bB
354	hadwiger	b
086	hahn	b
159	hahn	b
164	hahn	b
227	hahn	b
228	hahn	b
251	hahn	b
260	hahn	b
289	hahn	b
290	hahn	b
291	hahn	b
293	hahn	b
297	hahn	b
302	hahn	B
303	hahn	b
309	hahn	b
316	hahn	B
319	hahn	FMb
322	hahn	b
323	hahn	b
324	hahn	b
326	hahn	b
327	hahn	b
328	hahn	b
331	hahn	b
342	hahn	b
372	hahn	b
268	haldane	FMbB
269	haldane	bB
008	hall	b
009	hall	B
014	hall	bB
024	hall	bB
044	hall	b
099	hall	b
120	hall	bB
169	hall	b
171	hall	Eb
175	hall	bB
178	hall	b
181	hall	b
200	hall	b
204	hall	bB
205	hall	b
210	hall	b
212	hall	B
235	hall	bB
237	hall	b
251	hall	bB
266	hall	bB
269	hall	b
042	hamiltonian	b
044	hamiltonian	b
062	hamiltonian	b
065	hamiltonian	b
139	hamiltonian	b
143	hamiltonian	b
180	hamiltonian	FMb
189	hamiltonian	b
215	hamiltonian	b
217	hamiltonian	b
218	hamiltonian	b
219	hamiltonian	b
222	hamiltonian	b
225	hamiltonian	b
227	hamiltonian	b
234	hamiltonian	b
235	hamiltonian	b
260	hamiltonian	b
261	hamiltonian	b
262	hamiltonian	b
263	hamiltonian	b
264	hamiltonian	b
265	hamiltonian	Eb
267	hamiltonian	b
268	hamiltonian	b
269	hamiltonian	b
270	hamiltonian	Mb
271	hamiltonian	b
273	hamiltonian	b
275	hamiltonian	b
278	hamiltonian	Eb
281	hamiltonian	b
304	hamiltonian	b
305	hamiltonian	b
339	hamiltonian	b
340	hamiltonian	b
341	hamiltonian	b
343	hamiltonian	Eb
347	hamiltonian	MEb
348	hamiltonian	b
364	hamiltonian	b
370	hamiltonian	b
376	hamiltonian	b
087	hanner	EbB
315	hanner	bB
014	hansen	bB
087	hansen	EbB
104	hansen	B
272	hansen	b
318	hansen	B
005	hardy	b
026	hardy	b
051	hardy	b
071	hardy	b
079	hardy	b
080	hardy	b
082	hardy	bB
083	hardy	b
086	hardy	b
140	hardy	bB
143	hardy	b
154	hardy	b
222	hardy	b
237	hardy	b
260	hardy	b
263	hardy	b
264	hardy	b
275	hardy	Eb
278	hardy	b
282	hardy	Eb
336	hardy	Eb
338	hardy	b
350	hardy	b
351	hardy	bB
367	hardy	b
371	hardy	b
375	hardy	Eb
002	harris	B
014	harris	EbB
030	harris	bB
032	harris	b
034	harris	bB
041	harris	B
054	harris	bB
056	harris	bB
092	harris	bB
171	harris	b
200	harris	FMEb
204	harris	B
205	harris	b
210	harris	bB
213	harris	bB
214	harris	b
218	harris	b
223	harris	b
224	harris	b
238	harris	b
287	harris	B
296	harris	B
359	harris	B
363	harris	B
033	hartogs	b
034	hartogs	b
036	hartogs	b
041	hartogs	b
048	hartogs	b
052	hartogs	Eb
056	hartogs	b
057	hartogs	b
058	hartogs	b
244	hartogs	b
359	hartogs	EDb
002	hasse	b
003	hasse	b
004	hasse	b
006	hasse	b
018	hasse	Eb
029	hasse	b
032	hasse	b
059	hasse	Eb
244	hasse	b
309	hasse	b
313	hasse	b
318	hasse	b
032	hassett	b
041	hassett	bB
053	hassett	b
054	hassett	EbB
309	hassett	b
009	hausdorff	b
010	hausdorff	b
014	hausdorff	b
019	hausdorff	b
022	hausdorff	Eb
034	hausdorff	b
037	hausdorff	b
039	hausdorff	b
041	hausdorff	b
048	hausdorff	b
052	hausdorff	b
056	hausdorff	b
057	hausdorff	b
058	hausdorff	b
059	hausdorff	b
066	hausdorff	b
071	hausdorff	b
073	hausdorff	b
074	hausdorff	Mb
077	hausdorff	b
078	hausdorff	b
079	hausdorff	b
081	hausdorff	b
083	hausdorff	b
084	hausdorff	b
087	hausdorff	b
090	hausdorff	bB
091	hausdorff	b
107	hausdorff	b
140	hausdorff	b
146	hausdorff	b
148	hausdorff	b
153	hausdorff	b
156	hausdorff	b
158	hausdorff	b
159	hausdorff	b
164	hausdorff	b
172	hausdorff	b
183	hausdorff	b
200	hausdorff	b
207	hausdorff	b
211	hausdorff	b
218	hausdorff	b
223	hausdorff	b
224	hausdorff	b
230	hausdorff	FMEb
232	hausdorff	b
233	hausdorff	b
237	hausdorff	b
238	hausdorff	b
246	hausdorff	b
251	hausdorff	b
253	hausdorff	b
254	hausdorff	b
255	hausdorff	b
258	hausdorff	b
260	hausdorff	b
264	hausdorff	b
265	hausdorff	b
286	hausdorff	b
289	hausdorff	b
291	hausdorff	b
301	hausdorff	b
302	hausdorff	b
303	hausdorff	b
304	hausdorff	b
305	hausdorff	b
307	hausdorff	b
313	hausdorff	b
315	hausdorff	b
318	hausdorff	b
319	hausdorff	b
320	hausdorff	b
325	hausdorff	b
328	hausdorff	b
335	hausdorff	b
336	hausdorff	b
337	hausdorff	b
338	hausdorff	b
339	hausdorff	b
341	hausdorff	b
344	hausdorff	b
345	hausdorff	b
346	hausdorff	b
350	hausdorff	b
351	hausdorff	b
353	hausdorff	b
356	hausdorff	b
357	hausdorff	b
361	hausdorff	b
366	hausdorff	b
367	hausdorff	b
368	hausdorff	b
375	hausdorff	b
162	haxell	bB
181	haxell	EbB
002	hecke	Eb
003	hecke	EDb
004	hecke	b
006	hecke	b
010	hecke	Mb
014	hecke	MEb
015	hecke	b
016	hecke	b
023	hecke	Eb
029	hecke	b
030	hecke	b
032	hecke	b
043	hecke	b
069	hecke	b
142	hecke	b
168	hecke	b
203	hecke	b
002	heegner	Eb
004	heegner	b
006	heegner	Eb
003	heilbronn	b
191	heilbronn	FMb
068	heintze	B
260	heintze	EbB
002	heisenberg	b
015	heisenberg	b
029	heisenberg	b
057	heisenberg	b
069	heisenberg	b
079	heisenberg	b
117	heisenberg	b
197	heisenberg	b
215	heisenberg	b
216	heisenberg	b
237	heisenberg	b
243	heisenberg	b
255	heisenberg	b
260	heisenberg	b
268	heisenberg	Mb
271	heisenberg	MbB
275	heisenberg	b
281	heisenberg	b
285	heisenberg	Eb
370	henon	FMEDb
002	hermite	b
010	hermite	b
015	hermite	b
017	hermite	b
039	hermite	b
042	hermite	b
087	hermite	b
090	hermite	b
093	hermite	Eb
101	hermite	b
102	hermite	b
139	hermite	b
210	hermite	b
216	hermite	b
219	hermite	b
227	hermite	Eb
237	hermite	b
270	hermite	b
298	hermite	b
351	hermite	b
001	hermitian	b
002	hermitian	b
014	hermitian	b
016	hermitian	b
018	hermitian	b
032	hermitian	b
033	hermitian	b
034	hermitian	b
036	hermitian	b
041	hermitian	b
042	hermitian	b
044	hermitian	b
046	hermitian	b
050	hermitian	b
051	hermitian	b
052	hermitian	b
055	hermitian	b
056	hermitian	b
057	hermitian	b
058	hermitian	b
059	hermitian	Eb
060	hermitian	b
064	hermitian	b
065	hermitian	b
067	hermitian	b
076	hermitian	b
077	hermitian	b
082	hermitian	b
087	hermitian	b
095	hermitian	b
122	hermitian	b
147	hermitian	b
170	hermitian	b
200	hermitian	b
204	hermitian	b
206	hermitian	b
210	hermitian	b
215	hermitian	b
219	hermitian	b
223	hermitian	b
225	hermitian	b
227	hermitian	b
231	hermitian	b
232	hermitian	b
237	hermitian	b
238	hermitian	b
256	hermitian	b
260	hermitian	b
261	hermitian	b
262	hermitian	b
264	hermitian	b
265	hermitian	b
266	hermitian	b
267	hermitian	b
269	hermitian	b
270	hermitian	b
273	hermitian	b
275	hermitian	b
276	hermitian	b
278	hermitian	b
280	hermitian	b
281	hermitian	b
282	hermitian	b
283	hermitian	b
286	hermitian	b
294	hermitian	b
298	hermitian	b
306	hermitian	b
325	hermitian	b
338	hermitian	b
341	hermitian	b
342	hermitian	b
343	hermitian	b
347	hermitian	b
348	hermitian	b
350	hermitian	b
352	hermitian	b
355	hermitian	b
359	hermitian	b
361	hermitian	b
365	hermitian	b
369	hermitian	b
371	hermitian	b
372	hermitian	b
376	hermitian	b
169	hessenberg	Eb
020	hessian	b
034	hessian	b
037	hessian	b
050	hessian	b
051	hessian	b
057	hessian	b
058	hessian	b
059	hessian	b
062	hessian	b
065	hessian	b
072	hessian	b
073	hessian	b
074	hessian	b
077	hessian	b
078	hessian	b
080	hessian	b
082	hessian	Eb
083	hessian	b
087	hessian	b
090	hessian	b
091	hessian	b
093	hessian	b
101	hessian	b
107	hessian	b
113	hessian	b
114	hessian	b
121	hessian	b
139	hessian	b
140	hessian	b
143	hessian	b
147	hessian	b
166	hessian	b
170	hessian	b
172	hessian	b
215	hessian	Eb
216	hessian	Eb
217	hessian	b
219	hessian	b
222	hessian	Eb
224	hessian	b
227	hessian	b
234	hessian	b
237	hessian	b
260	hessian	Eb
261	hessian	b
264	hessian	b
273	hessian	b
275	hessian	b
276	hessian	b
281	hessian	b
282	hessian	b
305	hessian	b
306	hessian	b
320	hessian	b
325	hessian	b
333	hessian	b
334	hessian	b
335	hessian	b
336	hessian	b
337	hessian	b
338	hessian	b
339	hessian	b
340	hessian	b
341	hessian	b
342	hessian	b
343	hessian	b
344	hessian	b
345	hessian	b
347	hessian	b
348	hessian	Eb
349	hessian	b
350	hessian	Eb
351	hessian	b
352	hessian	b
353	hessian	b
355	hessian	b
356	hessian	MEDb
357	hessian	b
359	hessian	b
360	hessian	b
365	hessian	b
367	hessian	b
368	hessian	b
373	hessian	b
375	hessian	b
376	hessian	b
014	higgs	b
033	higgs	Eb
034	higgs	b
043	higgs	b
044	higgs	b
055	higgs	b
196	higman	bB
197	higman	B
202	higman	bB
250	higman	FMbB
253	higman	b
044	hikita	FMbB
169	hikita	bB
001	hilbert	b
002	hilbert	b
003	hilbert	b
004	hilbert	FbB
005	hilbert	b
006	hilbert	b
007	hilbert	b
009	hilbert	b
010	hilbert	b
011	hilbert	b
013	hilbert	b
014	hilbert	b
016	hilbert	b
018	hilbert	b
020	hilbert	b
022	hilbert	b
023	hilbert	b
029	hilbert	b
030	hilbert	b
032	hilbert	Eb
033	hilbert	b
034	hilbert	b
036	hilbert	b
037	hilbert	Eb
038	hilbert	b
039	hilbert	b
040	hilbert	Eb
041	hilbert	b
043	hilbert	b
044	hilbert	b
051	hilbert	b
053	hilbert	b
054	hilbert	Eb
055	hilbert	b
056	hilbert	b
057	hilbert	b
058	hilbert	b
060	hilbert	b
066	hilbert	b
069	hilbert	b
071	hilbert	b
075	hilbert	b
079	hilbert	b
080	hilbert	b
081	hilbert	b
082	hilbert	FMDb
083	hilbert	FMb
086	hilbert	FMb
087	hilbert	b
091	hilbert	b
093	hilbert	b
094	hilbert	b
097	hilbert	b
098	hilbert	MDb
102	hilbert	b
107	hilbert	b
117	hilbert	b
122	hilbert	b
127	hilbert	b
139	hilbert	b
141	hilbert	b
142	hilbert	b
143	hilbert	FbB
145	hilbert	b
150	hilbert	b
154	hilbert	Eb
157	hilbert	b
158	hilbert	b
159	hilbert	b
164	hilbert	b
166	hilbert	b
168	hilbert	b
169	hilbert	b
193	hilbert	b
194	hilbert	Eb
200	hilbert	b
203	hilbert	b
205	hilbert	b
206	hilbert	b
207	hilbert	b
211	hilbert	Eb
214	hilbert	b
215	hilbert	b
216	hilbert	b
218	hilbert	Eb
219	hilbert	b
222	hilbert	b
223	hilbert	b
225	hilbert	Eb
227	hilbert	b
232	hilbert	b
233	hilbert	b
235	hilbert	b
236	hilbert	b
237	hilbert	b
238	hilbert	Eb
242	hilbert	b
248	hilbert	b
251	hilbert	b
254	hilbert	b
255	hilbert	b
256	hilbert	b
260	hilbert	b
261	hilbert	b
262	hilbert	b
263	hilbert	b
264	hilbert	b
265	hilbert	b
266	hilbert	b
267	hilbert	b
268	hilbert	b
269	hilbert	b
270	hilbert	b
271	hilbert	b
272	hilbert	b
273	hilbert	b
274	hilbert	b
275	hilbert	b
276	hilbert	b
277	hilbert	b
278	hilbert	b
280	hilbert	Eb
281	hilbert	b
282	hilbert	Eb
285	hilbert	b
286	hilbert	Eb
287	hilbert	b
288	hilbert	b
289	hilbert	b
290	hilbert	b
291	hilbert	b
292	hilbert	b
293	hilbert	b
294	hilbert	b
295	hilbert	b
296	hilbert	b
297	hilbert	b
298	hilbert	b
299	hilbert	b
301	hilbert	b
303	hilbert	b
304	hilbert	FMEbB
306	hilbert	b
307	hilbert	b
310	hilbert	b
315	hilbert	b
318	hilbert	b
324	hilbert	b
325	hilbert	b
326	hilbert	b
331	hilbert	Eb
332	hilbert	b
335	hilbert	b
336	hilbert	b
337	hilbert	b
338	hilbert	b
341	hilbert	b
342	hilbert	b
344	hilbert	b
345	hilbert	b
348	hilbert	b
351	hilbert	b
356	hilbert	b
358	hilbert	b
361	hilbert	b
362	hilbert	b
365	hilbert	b
368	hilbert	b
369	hilbert	b
371	hilbert	b
372	hilbert	b
164	hindman	Fb
172	hindman	B
291	hirshberg	EbB
297	hirshberg	bB
302	hirshberg	bB
002	hochschild	b
004	hochschild	b
006	hochschild	b
014	hochschild	b
018	hochschild	b
032	hochschild	Eb
063	hochschild	b
199	hochschild	b
203	hochschild	Eb
207	hochschild	b
253	hochschild	b
295	hochschild	Mb
308	hochschild	b
313	hochschild	b
318	hochschild	b
001	hodge	Eb
002	hodge	Eb
004	hodge	b
009	hodge	b
010	hodge	b
016	hodge	b
030	hodge	b
032	hodge	FMEbB
033	hodge	MEb
034	hodge	Eb
035	hodge	b
036	hodge	b
040	hodge	b
041	hodge	b
042	hodge	b
043	hodge	b
053	hodge	b
054	hodge	b
055	hodge	b
056	hodge	Eb
057	hodge	b
058	hodge	b
059	hodge	b
060	hodge	b
065	hodge	Eb
066	hodge	b
067	hodge	b
069	hodge	b
114	hodge	b
168	hodge	b
195	hodge	b
260	hodge	b
264	hodge	b
282	hodge	b
306	hodge	b
309	hodge	b
313	hodge	b
318	hodge	b
338	hodge	b
341	hodge	b
342	hodge	b
348	hodge	b
365	hodge	b
366	hodge	b
376	hodge	b
066	hoffman	b
212	hoffman	EbB
239	hoffman	b
266	hoffman	B
354	hoffman	b
011	holder	b
013	holder	b
014	holder	b
021	holder	b
022	holder	b
025	holder	b
033	holder	b
034	holder	b
037	holder	b
038	holder	b
042	holder	b
051	holder	b
055	holder	b
057	holder	b
058	holder	b
071	holder	b
072	holder	b
073	holder	b
074	holder	b
077	holder	b
078	holder	b
079	holder	b
080	holder	b
081	holder	b
082	holder	b
083	holder	b
085	holder	b
086	holder	b
087	holder	b
090	holder	b
093	holder	b
094	holder	b
103	holder	b
119	holder	b
139	holder	b
140	holder	b
147	holder	b
154	holder	b
159	holder	b
162	holder	b
164	holder	b
166	holder	b
171	holder	b
178	holder	b
182	holder	Eb
183	holder	b
184	holder	b
186	holder	b
207	holder	b
211	holder	b
214	holder	b
215	holder	b
216	holder	b
217	holder	b
218	holder	b
219	holder	b
222	holder	b
223	holder	b
224	holder	b
225	holder	b
226	holder	b
227	holder	b
228	holder	b
230	holder	b
232	holder	b
233	holder	b
234	holder	b
235	holder	b
237	holder	b
238	holder	b
239	holder	b
246	holder	Eb
260	holder	Eb
261	holder	b
262	holder	b
263	holder	b
264	holder	b
265	holder	b
267	holder	b
271	holder	b
275	holder	b
278	holder	b
281	holder	b
286	holder	b
291	holder	b
304	holder	b
306	holder	b
323	holder	b
330	holder	b
331	holder	b
333	holder	b
335	holder	b
336	holder	b
337	holder	b
338	holder	b
339	holder	b
341	holder	b
346	holder	b
348	holder	b
349	holder	b
351	holder	b
352	holder	b
353	holder	b
355	holder	b
357	holder	b
360	holder	MEDb
361	holder	b
362	holder	b
364	holder	b
365	holder	b
368	holder	b
369	holder	b
374	holder	b
375	holder	b
377	holder	b
309	honda	b
311	honda	b
313	honda	Eb
318	honda	b
319	honda	b
357	honda	bB
008	hopf	b
042	hopf	b
060	hopf	b
072	hopf	bB
203	hopf	b
208	hopf	b
211	hopf	b
215	hopf	b
220	hopf	b
224	hopf	b
237	hopf	b
255	hopf	b
257	hopf	b
260	hopf	b
281	hopf	b
285	hopf	b
305	hopf	b
306	hopf	b
308	hopf	b
309	hopf	b
311	hopf	b
313	hopf	b
316	hopf	b
318	hopf	b
319	hopf	b
336	hopf	b
337	hopf	b
338	hopf	b
339	hopf	b
340	hopf	b
341	hopf	b
348	hopf	b
356	hopf	b
358	hopf	b
361	hopf	Eb
367	hopf	b
368	hopf	b
375	hopf	b
308	hovey	B
311	hovey	EbB
312	hovey	bB
313	hovey	bB
318	hovey	bB
319	hovey	b
018	howe	bB
210	howe	Mb
286	howe	bB
249	howie	bB
256	howie	FbB
258	howie	b
321	howie	bB
032	huang	b
088	huang	b
091	huang	bB
102	huang	bB
106	huang	B
111	huang	bB
132	huang	bB
142	huang	b
154	huang	bB
173	huang	bB
178	huang	b
189	huang	bB
197	huang	bB
199	huang	bB
202	huang	bB
211	huang	bB
216	huang	B
217	huang	bB
219	huang	bB
222	huang	bB
227	huang	bB
254	huang	bB
260	huang	bB
265	huang	bB
267	huang	bB
280	huang	b
284	huang	EbB
320	huang	b
322	huang	b
341	huang	bB
352	huang	bB
357	huang	B
361	huang	b
363	huang	bB
370	huang	bB
237	hubbard	b
275	hubbard	Eb
114	huh	EbB
115	huh	bB
169	huh	bB
057	hurewicz	b
059	hurewicz	b
196	hurewicz	b
197	hurewicz	b
200	hurewicz	b
249	hurewicz	b
250	hurewicz	b
257	hurewicz	b
302	hurewicz	b
306	hurewicz	b
308	hurewicz	b
309	hurewicz	b
314	hurewicz	b
316	hurewicz	MEb
318	hurewicz	b
319	hurewicz	b
321	hurewicz	b
344	hurewicz	b
347	hurewicz	b
213	hutchcroft	EbB
214	hutchcroft	bB
033	iitaka	FMEbB
034	iitaka	FMEb
035	iitaka	b
036	iitaka	b
037	iitaka	b
046	iitaka	b
048	iitaka	b
056	iitaka	b
057	iitaka	Eb
058	iitaka	b
066	iitaka	b
359	iitaka	B
211	ising	Mb
215	ising	b
216	ising	b
217	ising	b
218	ising	FMb
221	ising	b
222	ising	MEb
223	ising	Mb
227	ising	Eb
229	ising	b
231	ising	b
232	ising	b
233	ising	b
234	ising	FMb
236	ising	FMb
281	ising	b
291	jacelon	bB
301	jacelon	FMbB
002	jacobi	b
003	jacobi	b
004	jacobi	b
006	jacobi	b
008	jacobi	b
013	jacobi	b
019	jacobi	b
029	jacobi	b
030	jacobi	b
057	jacobi	b
058	jacobi	b
063	jacobi	b
147	jacobi	b
169	jacobi	b
222	jacobi	b
227	jacobi	b
232	jacobi	b
237	jacobi	b
239	jacobi	b
255	jacobi	b
260	jacobi	Eb
264	jacobi	b
265	jacobi	b
266	jacobi	b
280	jacobi	b
310	jacobi	b
318	jacobi	b
335	jacobi	b
336	jacobi	b
337	jacobi	b
338	jacobi	b
339	jacobi	b
342	jacobi	b
344	jacobi	Eb
345	jacobi	b
346	jacobi	b
348	jacobi	Eb
349	jacobi	b
351	jacobi	b
354	jacobi	b
355	jacobi	b
356	jacobi	b
358	jacobi	b
360	jacobi	Eb
365	jacobi	b
375	jacobi	b
002	jacobian	b
003	jacobian	b
004	jacobian	b
009	jacobian	b
011	jacobian	b
012	jacobian	b
014	jacobian	b
015	jacobian	b
016	jacobian	b
018	jacobian	b
019	jacobian	b
020	jacobian	b
023	jacobian	b
024	jacobian	b
029	jacobian	b
030	jacobian	b
032	jacobian	b
033	jacobian	b
034	jacobian	b
035	jacobian	b
036	jacobian	b
037	jacobian	b
039	jacobian	b
041	jacobian	b
046	jacobian	b
047	jacobian	b
048	jacobian	b
049	jacobian	b
052	jacobian	b
053	jacobian	b
054	jacobian	b
056	jacobian	b
057	jacobian	b
058	jacobian	b
064	jacobian	b
065	jacobian	b
066	jacobian	b
071	jacobian	b
072	jacobian	Eb
073	jacobian	b
074	jacobian	b
076	jacobian	b
077	jacobian	b
079	jacobian	b
080	jacobian	b
082	jacobian	b
083	jacobian	b
086	jacobian	b
087	jacobian	b
088	jacobian	b
091	jacobian	b
093	jacobian	Eb
100	jacobian	b
101	jacobian	Eb
114	jacobian	b
130	jacobian	b
139	jacobian	b
140	jacobian	b
141	jacobian	b
142	jacobian	b
143	jacobian	b
144	jacobian	b
146	jacobian	b
147	jacobian	b
152	jacobian	b
153	jacobian	b
154	jacobian	b
158	jacobian	b
159	jacobian	b
164	jacobian	b
166	jacobian	b
194	jacobian	b
195	jacobian	b
200	jacobian	b
201	jacobian	b
203	jacobian	b
211	jacobian	b
215	jacobian	Eb
216	jacobian	b
218	jacobian	b
219	jacobian	b
222	jacobian	b
223	jacobian	b
224	jacobian	b
225	jacobian	b
227	jacobian	b
228	jacobian	b
230	jacobian	b
232	jacobian	b
237	jacobian	b
255	jacobian	b
260	jacobian	b
261	jacobian	b
264	jacobian	b
265	jacobian	b
266	jacobian	b
267	jacobian	b
270	jacobian	b
275	jacobian	b
282	jacobian	b
285	jacobian	b
286	jacobian	b
305	jacobian	b
306	jacobian	b
313	jacobian	b
316	jacobian	b
318	jacobian	b
319	jacobian	b
320	jacobian	b
325	jacobian	b
335	jacobian	b
336	jacobian	b
337	jacobian	b
338	jacobian	b
339	jacobian	b
343	jacobian	b
344	jacobian	b
346	jacobian	b
348	jacobian	b
349	jacobian	b
350	jacobian	b
351	jacobian	b
352	jacobian	b
353	jacobian	b
354	jacobian	b
355	jacobian	b
359	jacobian	b
360	jacobian	Eb
362	jacobian	b
363	jacobian	b
364	jacobian	b
365	jacobian	b
367	jacobian	b
368	jacobian	b
375	jacobian	b
376	jacobian	b
021	jacobsthal	FbB
012	jiang	bB
034	jiang	bB
097	jiang	bB
128	jiang	b
140	jiang	bB
157	jiang	B
174	jiang	B
218	jiang	b
223	jiang	B
225	jiang	B
260	jiang	B
291	jiang	FMEbB
299	jiang	b
302	jiang	b
303	jiang	b
356	jiang	B
357	jiang	bB
365	jiang	bB
369	jiang	bB
372	jiang	bB
002	jordan	b
010	jordan	b
014	jordan	EbB
018	jordan	b
027	jordan	b
032	jordan	b
033	jordan	b
042	jordan	b
043	jordan	b
044	jordan	b
055	jordan	b
059	jordan	b
060	jordan	b
071	jordan	b
072	jordan	b
087	jordan	b
090	jordan	b
113	jordan	B
130	jordan	b
139	jordan	B
143	jordan	b
147	jordan	b
180	jordan	b
183	jordan	b
203	jordan	Eb
204	jordan	b
206	jordan	b
208	jordan	b
211	jordan	b
212	jordan	b
215	jordan	b
218	jordan	b
223	jordan	Eb
224	jordan	Eb
225	jordan	b
226	jordan	Eb
227	jordan	b
230	jordan	b
232	jordan	b
233	jordan	b
237	jordan	b
246	jordan	b
251	jordan	b
252	jordan	b
255	jordan	b
256	jordan	b
260	jordan	b
265	jordan	b
285	jordan	b
289	jordan	Eb
306	jordan	b
309	jordan	b
325	jordan	b
345	jordan	b
371	jordan	b
006	kac	B
044	kac	bB
069	kac	b
097	kac	b
115	kac	b
131	kac	b
177	kac	b
204	kac	bB
215	kac	b
217	kac	b
222	kac	b
224	kac	b
227	kac	Eb
228	kac	Eb
237	kac	b
247	kac	b
267	kac	b
270	kac	B
339	kac	B
363	kac	b
331	kadets	EbB
178	kadison	b
197	kadison	bB
207	kadison	b
285	kadison	FMbB
287	kadison	b
288	kadison	FbB
289	kadison	FMEbB
290	kadison	b
291	kadison	b
293	kadison	bB
295	kadison	FbB
297	kadison	bB
300	kadison	b
303	kadison	bB
014	kahler	b
032	kahler	b
033	kahler	MEb
034	kahler	MEb
036	kahler	Mb
037	kahler	b
038	kahler	b
039	kahler	b
041	kahler	b
042	kahler	b
046	kahler	b
051	kahler	Mb
052	kahler	Mb
055	kahler	b
056	kahler	MEb
057	kahler	MEb
058	kahler	b
060	kahler	b
062	kahler	Eb
063	kahler	b
065	kahler	b
067	kahler	b
087	kahler	b
202	kahler	b
305	kahler	b
306	kahler	b
315	kahler	b
335	kahler	b
338	kahler	Mb
341	kahler	Eb
342	kahler	b
343	kahler	Eb
347	kahler	b
348	kahler	b
351	kahler	b
352	kahler	b
359	kahler	FMb
040	kahn	b
156	kahn	bB
162	kahn	bB
175	kahn	bB
176	kahn	FMDb
186	kahn	b
213	kahn	bB
218	kahn	b
239	kahn	b
246	kahn	b
074	kakeya	FMEbB
077	kakeya	Eb
078	kakeya	b
079	kakeya	b
080	kakeya	Eb
083	kakeya	b
170	kakeya	b
127	kalai	b
156	kalai	bB
175	kalai	bB
176	kalai	FMDb
186	kalai	FEb
212	kalai	bB
218	kalai	b
224	kalai	b
279	kalai	b
324	kalton	bB
330	kalton	Fb
332	kalton	b
196	kaplansky	FbB
197	kaplansky	DbB
201	kaplansky	b
202	kaplansky	bB
207	kaplansky	b
285	kaplansky	FMb
286	kaplansky	b
287	kaplansky	b
288	kaplansky	b
289	kaplansky	b
291	kaplansky	b
294	kaplansky	FDb
295	kaplansky	b
296	kaplansky	b
301	kaplansky	bB
303	kaplansky	b
260	karcher	Eb
361	karcher	b
113	kasteleyn	b
211	kasteleyn	MbB
215	kasteleyn	bB
216	kasteleyn	B
218	kasteleyn	bB
223	kasteleyn	bB
226	kasteleyn	b
232	kasteleyn	bB
233	kasteleyn	B
238	kasteleyn	b
271	kastler	B
289	kastler	FMEbB
015	katok	EbB
144	katok	bB
146	katok	b
150	katok	bB
152	katok	bB
339	katok	FbB
002	katz	bB
010	katz	bB
016	katz	bB
035	katz	bB
036	katz	bB
041	katz	B
043	katz	b
065	katz	b
074	katz	bB
076	katz	bB
079	katz	bB
080	katz	bB
104	katz	B
114	katz	bB
162	katz	bB
166	katz	EbB
167	katz	bB
170	katz	bB
305	katz	bB
033	kawamata	bB
034	kawamata	bB
035	kawamata	bB
036	kawamata	bB
037	kawamata	b
038	kawamata	EbB
048	kawamata	b
051	kawamata	b
054	kawamata	b
056	kawamata	bB
057	kawamata	bB
066	kawamata	b
002	kazhdan	B
014	kazhdan	bB
029	kazhdan	b
069	kazhdan	b
103	kazhdan	b
136	kazhdan	b
168	kazhdan	FMEb
177	kazhdan	b
247	kazhdan	Eb
251	kazhdan	b
285	kazhdan	b
286	kazhdan	Eb
289	kazhdan	bB
292	kazhdan	b
307	kazhdan	bB
040	kerr	b
260	kerr	Mb
264	kerr	FMbB
302	kerr	bB
256	kervaire	MEbB
309	kervaire	FMEb
314	kervaire	b
316	kervaire	b
096	khot	Eb
099	khot	b
102	khot	bB
105	khot	bB
106	khot	B
117	khot	bB
288	kirchberg	EbB
291	kirchberg	EbB
292	kirchberg	FbB
294	kirchberg	b
299	kirchberg	FMEDb
301	kirchberg	b
303	kirchberg	bB
216	kirkpatrick	bB
217	kirkpatrick	FMbB
221	kirkpatrick	b
222	kirkpatrick	b
227	kirkpatrick	FMbB
234	kirkpatrick	b
235	kirkpatrick	b
281	kirkpatrick	MbB
117	kleiner	bB
246	kleiner	Eb
257	kleiner	bB
337	kleiner	bB
355	kleiner	bB
245	klop	FEb
037	kobayashi	bB
042	kobayashi	b
050	kobayashi	bB
051	kobayashi	FbB
058	kobayashi	bB
062	kobayashi	b
359	kobayashi	b
002	kodaira	b
010	kodaira	b
032	kodaira	b
033	kodaira	MEbB
034	kodaira	EbB
035	kodaira	b
036	kodaira	b
038	kodaira	b
040	kodaira	b
042	kodaira	Eb
048	kodaira	b
051	kodaira	b
053	kodaira	b
054	kodaira	b
055	kodaira	b
056	kodaira	b
057	kodaira	Eb
058	kodaira	bB
060	kodaira	b
062	kodaira	b
067	kodaira	b
068	kodaira	B
309	kodaira	b
311	kodaira	b
315	kodaira	b
318	kodaira	b
341	kodaira	bB
343	kodaira	b
060	koebe	b
071	koebe	Fb
072	koebe	b
211	koebe	b
223	koebe	b
224	koebe	b
230	koebe	b
233	koebe	b
225	kohn	b
278	kohn	FMb
365	kohn	bB
033	kollar	bB
034	kollar	bB
035	kollar	b
036	kollar	bB
037	kollar	bB
038	kollar	bB
041	kollar	B
046	kollar	bB
051	kollar	bB
052	kollar	b
054	kollar	bB
056	kollar	bB
057	kollar	B
058	kollar	FEbB
062	kollar	b
063	kollar	bB
064	kollar	bB
066	kollar	B
067	kollar	bB
068	kollar	B
170	kollar	bB
011	konyagin	FbB
013	konyagin	B
021	konyagin	bB
025	konyagin	bB
026	konyagin	bB
002	koszul	b
014	koszul	Eb
032	koszul	b
034	koszul	b
036	koszul	b
037	koszul	b
042	koszul	b
053	koszul	b
055	koszul	b
057	koszul	b
058	koszul	b
059	koszul	b
065	koszul	b
069	koszul	b
166	koszul	b
168	koszul	b
193	koszul	b
194	koszul	b
199	koszul	b
200	koszul	Eb
202	koszul	b
253	koszul	b
260	koszul	b
264	koszul	b
304	koszul	b
305	koszul	bB
306	koszul	b
308	koszul	Eb
309	koszul	b
313	koszul	b
318	koszul	EbB
319	koszul	b
336	koszul	b
343	koszul	b
361	koszul	b
072	kraetzer	FbB
032	kuga	Mb
006	kumar	bB
089	kumar	bB
090	kumar	bB
102	kumar	bB
108	kumar	B
117	kumar	B
119	kumar	FEDbB
121	kumar	bB
125	kumar	bB
135	kumar	bB
139	kumar	B
179	kumar	B
204	kumar	bB
241	kumar	b
272	kumar	b
278	kumar	b
336	kumar	bB
002	kummer	Eb
003	kummer	b
004	kummer	Eb
006	kummer	Eb
009	kummer	b
010	kummer	b
014	kummer	b
019	kummer	b
023	kummer	b
029	kummer	Eb
030	kummer	b
031	kummer	Eb
032	kummer	b
033	kummer	b
034	kummer	b
036	kummer	b
041	kummer	b
042	kummer	b
054	kummer	b
056	kummer	b
066	kummer	b
069	kummer	b
095	kummer	bB
167	kummer	b
195	kummer	b
200	kummer	b
203	kummer	b
209	kummer	b
313	kummer	b
318	kummer	Eb
041	kunz	B
193	kunz	b
194	kunz	Eb
201	kurosh	Fb
247	kurosh	b
054	kuznetsov	FbB
130	kuznetsov	bB
250	kuznetsov	b
014	lafforgue	EbB
069	lafforgue	b
098	lafforgue	b
207	lafforgue	bB
285	lafforgue	bB
307	lafforgue	bB
001	lagrangian	b
002	lagrangian	b
014	lagrangian	b
016	lagrangian	b
032	lagrangian	b
041	lagrangian	MEb
053	lagrangian	b
058	lagrangian	b
062	lagrangian	b
065	lagrangian	b
087	lagrangian	b
125	lagrangian	b
143	lagrangian	b
161	lagrangian	Eb
282	lagrangian	b
305	lagrangian	b
339	lagrangian	b
340	lagrangian	FMb
341	lagrangian	b
343	lagrangian	b
344	lagrangian	b
347	lagrangian	b
356	lagrangian	b
090	laguerre	b
237	laguerre	Eb
265	laguerre	b
371	laguerre	Eb
216	lammers	bB
223	lammers	bB
225	lammers	bB
232	lammers	bB
233	lammers	b
003	landau	Mb
013	landau	b
090	landau	b
099	landau	b
121	landau	bB
215	landau	bB
232	landau	b
265	landau	bB
269	landau	b
363	landau	b
002	lang	b
004	lang	b
006	lang	bB
014	lang	bB
016	lang	b
018	lang	bB
027	lang	bB
098	lang	Fb
203	lang	b
206	lang	bB
337	lang	bB
001	langlands	b
002	langlands	bB
003	langlands	b
010	langlands	bB
014	langlands	FMEb
018	langlands	b
030	langlands	bB
069	langlands	FMb
203	langlands	b
224	langlands	bB
029	laplace	b
037	laplace	b
060	laplace	b
066	laplace	b
087	laplace	b
090	laplace	Eb
168	laplace	b
211	laplace	b
212	laplace	b
215	laplace	b
216	laplace	b
217	laplace	Eb
218	laplace	b
219	laplace	b
222	laplace	b
223	laplace	b
225	laplace	b
227	laplace	b
232	laplace	Eb
233	laplace	Eb
234	laplace	b
237	laplace	Eb
239	laplace	b
260	laplace	b
264	laplace	b
271	laplace	b
280	laplace	b
282	laplace	b
298	laplace	b
331	laplace	b
338	laplace	b
348	laplace	b
350	laplace	b
356	laplace	b
361	laplace	b
365	laplace	b
371	laplace	b
375	laplace	b
377	laplace	b
004	laplacian	b
006	laplacian	b
033	laplacian	b
034	laplacian	b
037	laplacian	b
055	laplacian	b
057	laplacian	b
058	laplacian	b
060	laplacian	Eb
072	laplacian	b
073	laplacian	b
090	laplacian	b
131	laplacian	b
147	laplacian	b
150	laplacian	b
211	laplacian	b
215	laplacian	b
216	laplacian	b
223	laplacian	Eb
227	laplacian	b
231	laplacian	b
232	laplacian	b
233	laplacian	b
260	laplacian	b
261	laplacian	Eb
263	laplacian	b
264	laplacian	b
267	laplacian	b
270	laplacian	b
271	laplacian	b
275	laplacian	b
278	laplacian	b
282	laplacian	b
285	laplacian	b
292	laplacian	b
306	laplacian	b
335	laplacian	b
336	laplacian	b
337	laplacian	b
338	laplacian	b
341	laplacian	b
342	laplacian	b
346	laplacian	b
348	laplacian	b
349	laplacian	b
350	laplacian	b
351	laplacian	b
352	laplacian	b
356	laplacian	Eb
357	laplacian	b
361	laplacian	b
365	laplacian	b
366	laplacian	b
367	laplacian	b
368	laplacian	b
370	laplacian	b
371	laplacian	b
372	laplacian	b
375	laplacian	b
376	laplacian	b
377	laplacian	b
316	lashof	Eb
269	laughlin	FMEDbB
002	laurent	b
003	laurent	b
004	laurent	Eb
005	laurent	b
006	laurent	Eb
010	laurent	b
014	laurent	b
016	laurent	b
017	laurent	bB
018	laurent	b
019	laurent	b
020	laurent	b
027	laurent	b
031	laurent	b
032	laurent	b
033	laurent	b
034	laurent	b
035	laurent	Eb
036	laurent	b
037	laurent	b
038	laurent	b
039	laurent	b
041	laurent	b
042	laurent	b
044	laurent	b
047	laurent	b
052	laurent	b
058	laurent	b
060	laurent	b
062	laurent	b
063	laurent	b
065	laurent	b
066	laurent	b
069	laurent	b
071	laurent	b
090	laurent	b
107	laurent	b
116	laurent	Eb
130	laurent	b
141	laurent	b
142	laurent	b
144	laurent	b
147	laurent	b
153	laurent	b
157	laurent	bB
168	laurent	b
169	laurent	b
172	laurent	b
193	laurent	b
200	laurent	b
201	laurent	b
203	laurent	b
210	laurent	b
215	laurent	b
223	laurent	b
225	laurent	b
230	laurent	b
232	laurent	b
237	laurent	b
256	laurent	b
269	laurent	b
280	laurent	b
282	laurent	b
287	laurent	b
288	laurent	b
289	laurent	b
293	laurent	b
295	laurent	b
296	laurent	b
305	laurent	b
308	laurent	b
309	laurent	b
313	laurent	Eb
316	laurent	b
318	laurent	b
319	laurent	Eb
320	laurent	b
321	laurent	b
325	laurent	b
332	laurent	B
338	laurent	b
341	laurent	b
351	laurent	b
355	laurent	b
041	lawson	B
087	lawson	B
260	lawson	B
335	lawson	EbB
336	lawson	bB
341	lawson	bB
342	lawson	bB
361	lawson	b
034	lazic	EbB
036	lazic	bB
041	lazic	bB
056	lazic	B
068	lazic	B
104	lazic	bB
003	lebesgue	b
011	lebesgue	b
012	lebesgue	b
015	lebesgue	b
022	lebesgue	b
024	lebesgue	b
026	lebesgue	b
033	lebesgue	b
037	lebesgue	b
042	lebesgue	b
052	lebesgue	b
058	lebesgue	b
071	lebesgue	b
072	lebesgue	b
073	lebesgue	b
074	lebesgue	b
075	lebesgue	b
076	lebesgue	b
077	lebesgue	b
078	lebesgue	b
079	lebesgue	b
080	lebesgue	b
081	lebesgue	b
082	lebesgue	b
083	lebesgue	b
084	lebesgue	b
085	lebesgue	b
086	lebesgue	b
087	lebesgue	b
089	lebesgue	b
091	lebesgue	b
092	lebesgue	b
093	lebesgue	b
094	lebesgue	b
095	lebesgue	b
097	lebesgue	b
098	lebesgue	b
100	lebesgue	b
101	lebesgue	b
114	lebesgue	b
115	lebesgue	b
117	lebesgue	b
138	lebesgue	b
140	lebesgue	b
144	lebesgue	FMb
146	lebesgue	b
147	lebesgue	b
150	lebesgue	b
152	lebesgue	b
153	lebesgue	b
154	lebesgue	b
158	lebesgue	b
159	lebesgue	b
161	lebesgue	b
162	lebesgue	b
164	lebesgue	b
166	lebesgue	b
167	lebesgue	b
183	lebesgue	b
188	lebesgue	b
211	lebesgue	b
212	lebesgue	b
214	lebesgue	b
215	lebesgue	b
216	lebesgue	b
217	lebesgue	b
218	lebesgue	b
219	lebesgue	b
222	lebesgue	b
223	lebesgue	b
224	lebesgue	b
225	lebesgue	b
227	lebesgue	b
228	lebesgue	b
231	lebesgue	b
232	lebesgue	b
233	lebesgue	b
235	lebesgue	b
236	lebesgue	b
237	lebesgue	b
246	lebesgue	b
249	lebesgue	b
252	lebesgue	b
253	lebesgue	b
255	lebesgue	b
259	lebesgue	b
260	lebesgue	b
261	lebesgue	b
263	lebesgue	b
264	lebesgue	b
267	lebesgue	b
268	lebesgue	b
271	lebesgue	b
282	lebesgue	b
285	lebesgue	b
286	lebesgue	b
293	lebesgue	b
294	lebesgue	b
299	lebesgue	b
301	lebesgue	b
315	lebesgue	b
324	lebesgue	b
335	lebesgue	b
336	lebesgue	b
337	lebesgue	b
338	lebesgue	b
339	lebesgue	b
341	lebesgue	b
342	lebesgue	b
343	lebesgue	b
346	lebesgue	b
350	lebesgue	b
351	lebesgue	b
354	lebesgue	b
356	lebesgue	b
359	lebesgue	b
361	lebesgue	b
362	lebesgue	b
363	lebesgue	b
364	lebesgue	b
366	lebesgue	b
368	lebesgue	b
370	lebesgue	b
375	lebesgue	b
376	lebesgue	b
193	lech	b
194	lech	FEb
002	lee	bB
004	lee	bB
006	lee	bB
014	lee	B
072	lee	bB
075	lee	bB
077	lee	bB
078	lee	bB
080	lee	bB
089	lee	bB
094	lee	b
098	lee	b
102	lee	bB
106	lee	B
110	lee	B
117	lee	bB
120	lee	B
122	lee	bB
125	lee	bB
126	lee	B
139	lee	B
156	lee	bB
161	lee	bB
171	lee	b
182	lee	bB
193	lee	b
194	lee	b
203	lee	b
216	lee	Eb
227	lee	bB
260	lee	bB
265	lee	bB
267	lee	bB
271	lee	b
272	lee	b
284	lee	bB
293	lee	B
304	lee	bB
305	lee	bB
308	lee	B
311	lee	bB
318	lee	bB
319	lee	b
327	lee	b
331	lee	bB
335	lee	b
338	lee	b
348	lee	bB
361	lee	b
365	lee	bB
002	legendre	b
003	legendre	b
004	legendre	b
006	legendre	b
029	legendre	b
076	legendre	b
087	legendre	b
099	legendre	b
213	legendre	b
227	legendre	b
234	legendre	b
237	legendre	b
343	legendre	b
352	legendre	b
353	legendre	b
359	legendre	Eb
361	legendre	b
014	lehn	B
034	lehn	bB
040	lehn	b
041	lehn	EbB
053	lehn	b
195	lehn	B
033	lelong	b
034	lelong	Eb
036	lelong	b
041	lelong	b
051	lelong	b
056	lelong	b
057	lelong	b
060	lelong	b
087	lelong	b
338	lelong	b
341	lelong	b
342	lelong	b
133	leman	FMEbB
161	leman	bB
086	leng	EbB
154	leng	bB
159	leng	b
160	leng	bB
002	levi	b
014	levi	b
016	levi	b
018	levi	b
033	levi	b
034	levi	b
050	levi	b
052	levi	b
058	levi	b
062	levi	b
069	levi	b
203	levi	Eb
206	levi	b
244	levi	b
260	levi	b
264	levi	b
286	levi	Eb
313	levi	b
318	levi	b
337	levi	b
338	levi	b
339	levi	b
341	levi	b
342	levi	b
348	levi	b
356	levi	b
359	levi	b
059	levine	EbB
209	levine	bB
014	lieb	b
055	lieb	b
068	lieb	B
090	lieb	bB
091	lieb	bB
093	lieb	bB
097	lieb	bB
131	lieb	b
182	lieb	bB
215	lieb	bB
216	lieb	bB
217	lieb	bB
218	lieb	bB
219	lieb	b
223	lieb	bB
224	lieb	b
225	lieb	bB
226	lieb	b
227	lieb	bB
232	lieb	bB
233	lieb	B
237	lieb	b
238	lieb	b
254	lieb	b
262	lieb	FMDbB
263	lieb	bB
265	lieb	bB
267	lieb	bB
268	lieb	bB
269	lieb	bB
271	lieb	bB
278	lieb	b
331	lieb	bB
337	lieb	bB
143	lienard	Db
087	lima	EbB
260	lima	b
318	lima	B
331	lima	B
015	lindenstrauss	EbB
090	lindenstrauss	bB
094	lindenstrauss	b
234	lindenstrauss	b
302	lindenstrauss	bB
324	lindenstrauss	bB
331	lindenstrauss	B
007	linial	bB
089	linial	bB
099	linial	b
106	linial	B
110	linial	B
113	linial	bB
117	linial	bB
127	linial	FDb
136	linial	B
177	linial	b
178	linial	b
186	linial	b
218	linial	b
238	linial	bB
003	liouville	b
007	liouville	Eb
011	liouville	b
022	liouville	b
041	liouville	b
058	liouville	b
071	liouville	b
147	liouville	b
150	liouville	b
172	liouville	bB
211	liouville	MEb
223	liouville	b
225	liouville	b
260	liouville	Eb
263	liouville	b
295	liouville	b
338	liouville	b
339	liouville	b
343	liouville	b
344	liouville	b
359	liouville	MEb
362	liouville	b
365	liouville	b
369	liouville	b
370	liouville	b
048	lipman	Fb
313	lipman	bB
003	lipschitz	b
012	lipschitz	b
015	lipschitz	b
016	lipschitz	b
021	lipschitz	b
024	lipschitz	b
029	lipschitz	b
033	lipschitz	b
034	lipschitz	b
036	lipschitz	b
037	lipschitz	b
041	lipschitz	b
052	lipschitz	b
057	lipschitz	b
058	lipschitz	b
059	lipschitz	b
066	lipschitz	b
071	lipschitz	b
072	lipschitz	b
073	lipschitz	b
074	lipschitz	b
075	lipschitz	b
076	lipschitz	b
077	lipschitz	b
078	lipschitz	Eb
079	lipschitz	b
080	lipschitz	b
081	lipschitz	b
083	lipschitz	FMb
084	lipschitz	b
085	lipschitz	b
086	lipschitz	b
087	lipschitz	b
089	lipschitz	b
090	lipschitz	b
091	lipschitz	b
092	lipschitz	b
093	lipschitz	b
094	lipschitz	b
095	lipschitz	b
097	lipschitz	b
098	lipschitz	Mb
100	lipschitz	b
101	lipschitz	b
102	lipschitz	b
103	lipschitz	b
107	lipschitz	b
113	lipschitz	b
114	lipschitz	b
115	lipschitz	b
117	lipschitz	b
119	lipschitz	b
120	lipschitz	b
121	lipschitz	b
125	lipschitz	b
136	lipschitz	Eb
139	lipschitz	b
140	lipschitz	b
143	lipschitz	b
146	lipschitz	b
147	lipschitz	b
150	lipschitz	b
151	lipschitz	b
152	lipschitz	b
153	lipschitz	b
154	lipschitz	b
158	lipschitz	b
159	lipschitz	b
160	lipschitz	b
164	lipschitz	b
167	lipschitz	b
171	lipschitz	b
172	lipschitz	b
178	lipschitz	b
183	lipschitz	b
188	lipschitz	b
204	lipschitz	b
207	lipschitz	b
211	lipschitz	b
215	lipschitz	b
216	lipschitz	b
217	lipschitz	b
218	lipschitz	b
219	lipschitz	b
221	lipschitz	b
222	lipschitz	Eb
223	lipschitz	b
224	lipschitz	b
225	lipschitz	b
227	lipschitz	b
228	lipschitz	b
230	lipschitz	b
231	lipschitz	b
232	lipschitz	FMb
233	lipschitz	b
234	lipschitz	b
235	lipschitz	b
236	lipschitz	b
237	lipschitz	b
238	lipschitz	b
239	lipschitz	b
246	lipschitz	b
248	lipschitz	b
252	lipschitz	b
253	lipschitz	b
254	lipschitz	b
255	lipschitz	Eb
260	lipschitz	b
261	lipschitz	b
262	lipschitz	b
263	lipschitz	b
264	lipschitz	b
265	lipschitz	b
266	lipschitz	b
267	lipschitz	Eb
271	lipschitz	b
275	lipschitz	b
278	lipschitz	b
279	lipschitz	b
281	lipschitz	b
282	lipschitz	b
285	lipschitz	b
286	lipschitz	b
287	lipschitz	b
289	lipschitz	b
291	lipschitz	Eb
294	lipschitz	b
298	lipschitz	b
304	lipschitz	b
306	lipschitz	b
307	lipschitz	b
311	lipschitz	b
313	lipschitz	b
315	lipschitz	b
318	lipschitz	b
322	lipschitz	b
324	lipschitz	FMEDb
325	lipschitz	b
327	lipschitz	b
328	lipschitz	b
330	lipschitz	FMb
331	lipschitz	b
332	lipschitz	b
333	lipschitz	b
335	lipschitz	b
336	lipschitz	b
337	lipschitz	Eb
338	lipschitz	b
339	lipschitz	b
341	lipschitz	b
345	lipschitz	b
346	lipschitz	b
347	lipschitz	b
348	lipschitz	b
349	lipschitz	b
350	lipschitz	b
351	lipschitz	b
352	lipschitz	b
353	lipschitz	b
355	lipschitz	b
356	lipschitz	Eb
357	lipschitz	Mb
359	lipschitz	b
360	lipschitz	b
361	lipschitz	b
362	lipschitz	b
363	lipschitz	b
364	lipschitz	b
365	lipschitz	b
366	lipschitz	b
367	lipschitz	b
368	lipschitz	Eb
369	lipschitz	b
370	lipschitz	b
371	lipschitz	b
375	lipschitz	b
376	lipschitz	b
377	lipschitz	b
003	littlewood	b
026	littlewood	b
071	littlewood	b
076	littlewood	FMDbB
077	littlewood	b
079	littlewood	b
080	littlewood	b
082	littlewood	bB
083	littlewood	b
086	littlewood	b
122	littlewood	b
140	littlewood	bB
154	littlewood	b
179	littlewood	b
204	littlewood	b
205	littlewood	b
222	littlewood	b
238	littlewood	b
239	littlewood	b
251	littlewood	b
351	littlewood	bB
082	loewner	b
211	loewner	b
218	loewner	b
222	loewner	b
223	loewner	b
224	loewner	b
227	loewner	b
230	loewner	Eb
232	loewner	b
237	loewner	b
246	loewner	b
360	loewner	b
034	lorentz	b
075	lorentz	b
079	lorentz	b
157	lorentz	b
260	lorentz	Eb
264	lorentz	b
282	lorentz	b
286	lorentz	b
341	lorentz	b
349	lorentz	Eb
362	lorentz	b
012	lovasz	bB
037	lovasz	B
102	lovasz	bB
103	lovasz	bB
113	lovasz	bB
114	lovasz	bB
120	lovasz	bB
134	lovasz	bB
157	lovasz	bB
160	lovasz	bB
161	lovasz	bB
162	lovasz	bB
171	lovasz	b
174	lovasz	B
181	lovasz	EbB
182	lovasz	b
183	lovasz	bB
184	lovasz	b
197	lovasz	bB
237	lovasz	b
285	lovasz	bB
368	lovasz	bB
011	luca	FbB
032	luca	b
038	luca	b
060	luck	b
197	luck	bB
207	luck	B
258	luck	b
285	luck	EbB
305	luck	b
315	luck	bB
320	luck	b
001	lusztig	b
069	lusztig	b
168	lusztig	FMEb
203	lusztig	b
204	lusztig	bB
009	macaulay	b
010	macaulay	b
020	macaulay	b
034	macaulay	b
035	macaulay	b
036	macaulay	b
037	macaulay	b
048	macaulay	b
056	macaulay	b
059	macaulay	b
062	macaulay	b
064	macaulay	b
166	macaulay	b
193	macaulay	b
194	macaulay	b
195	macaulay	FMb
199	macaulay	b
200	macaulay	b
272	macaulay	b
306	macaulay	b
318	macaulay	b
002	mahler	b
015	mahler	bB
017	mahler	bB
087	mahler	FMEDbB
101	mahler	b
187	maker	FMb
018	margulis	FMbB
136	margulis	bB
178	margulis	b
186	margulis	b
286	margulis	b
004	markov	b
007	markov	b
011	markov	b
012	markov	b
013	markov	b
015	markov	b
020	markov	b
021	markov	b
022	markov	b
025	markov	b
028	markov	b
033	markov	b
041	markov	b
071	markov	b
073	markov	b
074	markov	b
075	markov	b
076	markov	b
077	markov	b
078	markov	b
079	markov	b
080	markov	b
081	markov	b
083	markov	b
085	markov	b
086	markov	b
089	markov	Eb
090	markov	b
092	markov	b
093	markov	b
094	markov	b
097	markov	b
098	markov	b
102	markov	b
103	markov	b
107	markov	b
113	markov	b
114	markov	b
115	markov	b
117	markov	b
120	markov	b
121	markov	b
122	markov	b
125	markov	b
127	markov	b
130	markov	b
131	markov	b
134	markov	b
136	markov	b
138	markov	b
139	markov	b
140	markov	b
145	markov	b
146	markov	b
147	markov	b
152	markov	b
154	markov	b
157	markov	b
158	markov	b
159	markov	b
160	markov	b
162	markov	b
166	markov	b
167	markov	b
170	markov	b
171	markov	b
175	markov	b
178	markov	b
181	markov	b
184	markov	b
188	markov	b
196	markov	b
197	markov	b
207	markov	b
211	markov	b
213	markov	b
214	markov	b
215	markov	b
216	markov	b
217	markov	b
218	markov	b
219	markov	b
220	markov	b
221	markov	b
222	markov	b
223	markov	b
224	markov	b
225	markov	b
226	markov	b
227	markov	b
229	markov	b
230	markov	b
232	markov	b
233	markov	b
234	markov	b
235	markov	b
236	markov	b
237	markov	b
238	markov	b
239	markov	b
251	markov	b
252	markov	b
257	markov	b
259	markov	b
261	markov	b
263	markov	b
264	markov	b
265	markov	b
267	markov	b
268	markov	B
271	markov	b
273	markov	b
274	markov	b
283	markov	b
284	markov	b
285	markov	b
287	markov	b
289	markov	b
293	markov	b
295	markov	b
298	markov	b
323	markov	b
326	markov	b
327	markov	FMDb
331	markov	b
332	markov	FMb
338	markov	b
350	markov	b
356	markov	b
359	markov	b
363	markov	b
364	markov	b
368	markov	b
371	markov	b
014	martin	b
025	martin	bB
027	martin	B
041	martin	B
071	martin	B
112	martin	b
113	martin	b
115	martin	b
129	martin	bB
133	martin	b
142	martin	b
185	martin	b
187	martin	bB
203	martin	b
211	martin	EbB
212	martin	B
215	martin	bB
216	martin	b
220	martin	b
233	martin	bB
241	martin	b
246	martin	b
254	martin	bB
270	martin	b
304	martin	bB
305	martin	b
323	martin	b
047	mason	Eb
238	mason	bB
280	mason	b
007	matomaki	EbB
011	matomaki	bB
012	matomaki	bB
033	matsumura	bB
034	matsumura	EbB
036	matsumura	bB
052	matsumura	b
056	matsumura	bB
068	matsumura	B
260	maxwell	b
264	maxwell	b
266	maxwell	bB
282	maxwell	Eb
362	maxwell	FMb
034	mayer	b
059	mayer	Eb
065	mayer	b
187	mayer	b
215	mayer	b
218	mayer	b
223	mayer	b
237	mayer	b
247	mayer	b
249	mayer	b
305	mayer	Eb
306	mayer	b
307	mayer	b
310	mayer	b
313	mayer	b
320	mayer	b
347	mayer	b
002	mazur	b
004	mazur	bB
010	mazur	FMbB
016	mazur	B
087	mazur	b
322	mazur	b
323	mazur	b
002	mellin	b
003	mellin	Eb
004	mellin	b
006	mellin	b
011	mellin	Eb
013	mellin	b
023	mellin	Eb
029	mellin	b
069	mellin	b
142	mellin	b
182	mellin	b
094	mendel	b
110	mendel	B
327	mendel	b
332	mendel	EbB
010	mezard	B
221	mezard	FMbB
222	mezard	bB
229	mezard	bB
234	mezard	b
235	mezard	bB
001	milne	Fb
002	milne	bB
003	milne	b
004	milne	B
006	milne	B
010	milne	bB
014	milne	bB
015	milne	bB
016	milne	bB
018	milne	bB
019	milne	B
020	milne	B
027	milne	B
032	milne	bB
033	milne	bB
041	milne	B
053	milne	b
058	milne	bB
059	milne	bB
062	milne	b
068	milne	B
142	milne	b
167	milne	bB
169	milne	bB
200	milne	b
201	milne	B
202	milne	B
206	milne	b
208	milne	bB
209	milne	B
272	milne	b
309	milne	b
310	milne	B
313	milne	B
318	milne	B
339	milne	bB
009	milnor	FMbB
014	milnor	b
018	milnor	b
032	milnor	b
046	milnor	bB
056	milnor	bB
059	milnor	EbB
064	milnor	bB
200	milnor	b
247	milnor	b
249	milnor	bB
254	milnor	b
255	milnor	b
256	milnor	bB
262	milnor	bB
305	milnor	bB
308	milnor	bB
309	milnor	b
310	milnor	B
313	milnor	b
316	milnor	bB
318	milnor	b
319	milnor	b
320	milnor	b
335	milnor	bB
340	milnor	bB
341	milnor	B
344	milnor	bB
346	milnor	bB
347	milnor	bB
358	milnor	bB
003	minkowski	b
004	minkowski	b
006	minkowski	b
010	minkowski	b
011	minkowski	b
013	minkowski	b
015	minkowski	b
018	minkowski	b
023	minkowski	b
029	minkowski	b
032	minkowski	b
038	minkowski	b
059	minkowski	Eb
073	minkowski	b
074	minkowski	b
077	minkowski	b
078	minkowski	b
079	minkowski	b
080	minkowski	b
082	minkowski	b
083	minkowski	b
085	minkowski	b
086	minkowski	b
087	minkowski	b
088	minkowski	b
091	minkowski	FMEDb
092	minkowski	b
096	minkowski	b
097	minkowski	b
101	minkowski	b
103	minkowski	b
114	minkowski	b
122	minkowski	b
139	minkowski	b
143	minkowski	b
147	minkowski	b
150	minkowski	b
154	minkowski	b
178	minkowski	b
182	minkowski	b
191	minkowski	b
204	minkowski	b
211	minkowski	b
215	minkowski	b
216	minkowski	b
217	minkowski	b
218	minkowski	b
222	minkowski	b
223	minkowski	b
224	minkowski	b
225	minkowski	b
227	minkowski	b
230	minkowski	b
232	minkowski	b
233	minkowski	b
234	minkowski	b
236	minkowski	b
238	minkowski	b
239	minkowski	Eb
255	minkowski	b
260	minkowski	b
261	minkowski	b
263	minkowski	b
264	minkowski	b
271	minkowski	b
282	minkowski	b
286	minkowski	b
315	minkowski	b
324	minkowski	b
326	minkowski	b
329	minkowski	b
331	minkowski	b
332	minkowski	b
342	minkowski	b
344	minkowski	b
346	minkowski	b
351	minkowski	b
364	minkowski	b
207	mislin	EbB
003	mobius	b
004	mobius	b
007	mobius	b
012	mobius	b
013	mobius	b
015	mobius	b
023	mobius	b
026	mobius	b
029	mobius	b
032	mobius	b
060	mobius	b
071	mobius	b
167	mobius	b
182	mobius	b
211	mobius	Eb
218	mobius	b
223	mobius	b
224	mobius	b
237	mobius	b
246	mobius	b
280	mobius	b
282	mobius	Eb
298	mobius	b
033	moishezon	b
034	moishezon	Eb
036	moishezon	b
040	moishezon	b
046	moishezon	b
051	moishezon	Eb
054	moishezon	b
056	moishezon	b
057	moishezon	bB
195	moishezon	b
033	monge	b
034	monge	b
051	monge	Eb
057	monge	b
062	monge	b
334	monge	b
338	monge	b
341	monge	b
342	monge	b
353	monge	b
373	monge	Mb
014	moore	b
018	moore	bB
034	moore	b
036	moore	b
044	moore	b
056	moore	b
071	moore	bB
095	moore	b
172	moore	bB
209	moore	b
211	moore	b
229	moore	b
244	moore	bB
248	moore	bB
270	moore	B
274	moore	FbB
286	moore	bB
300	moore	b
306	moore	bB
308	moore	b
309	moore	b
310	moore	B
313	moore	b
315	moore	b
316	moore	b
318	moore	b
319	moore	b
321	moore	b
344	moore	bB
376	moore	bB
309	morava	b
311	morava	b
313	morava	b
314	morava	b
318	morava	EbB
319	morava	b
347	morava	b
033	mori	bB
034	mori	EbB
035	mori	bB
036	mori	MbB
037	mori	bB
041	mori	B
052	mori	b
054	mori	Eb
056	mori	EbB
062	mori	b
063	mori	bB
064	mori	bB
066	mori	b
067	mori	bB
068	mori	B
273	mori	b
293	mori	B
322	mori	b
338	mori	b
014	morse	b
032	morse	b
033	morse	b
037	morse	b
051	morse	b
056	morse	b
064	morse	b
076	morse	Eb
122	morse	b
143	morse	b
144	morse	b
252	morse	b
254	morse	b
258	morse	b
260	morse	b
336	morse	Eb
340	morse	b
341	morse	b
344	morse	b
345	morse	b
347	morse	Mb
349	morse	b
116	moura	EbB
173	moura	bB
032	mukai	b
053	mukai	b
054	mukai	b
055	mukai	b
063	mukai	FMbB
069	mukai	b
200	mukai	b
001	mumford	b
002	mumford	b
004	mumford	bB
014	mumford	b
016	mumford	b
019	mumford	b
027	mumford	B
032	mumford	bB
033	mumford	bB
034	mumford	Eb
036	mumford	b
037	mumford	b
040	mumford	b
041	mumford	B
044	mumford	b
046	mumford	b
053	mumford	b
055	mumford	b
056	mumford	b
062	mumford	b
063	mumford	b
065	mumford	b
066	mumford	b
068	mumford	B
200	mumford	b
366	mumford	FMbB
033	nagata	b
039	nagata	FDbB
046	nagata	b
062	nagata	b
194	nagata	b
202	nagata	b
305	nagata	b
337	nagata	b
158	naimark	b
227	naimark	b
297	naimark	Fb
002	nakayama	b
004	nakayama	b
006	nakayama	b
010	nakayama	b
014	nakayama	b
015	nakayama	b
016	nakayama	b
025	nakayama	bB
032	nakayama	b
034	nakayama	bB
036	nakayama	bB
037	nakayama	b
039	nakayama	b
048	nakayama	b
055	nakayama	b
058	nakayama	bB
062	nakayama	b
064	nakayama	b
066	nakayama	bB
069	nakayama	b
130	nakayama	b
166	nakayama	b
168	nakayama	b
194	nakayama	b
195	nakayama	b
198	nakayama	b
199	nakayama	Fb
202	nakayama	b
203	nakayama	b
205	nakayama	b
208	nakayama	b
210	nakayama	b
282	nakayama	bB
302	nakayama	b
305	nakayama	b
306	nakayama	b
308	nakayama	b
309	nakayama	b
313	nakayama	b
318	nakayama	b
319	nakayama	b
320	nakayama	b
094	naor	b
096	naor	Eb
098	naor	b
099	naor	b
102	naor	bB
105	naor	bB
110	naor	B
117	naor	bB
178	naor	b
327	naor	b
330	naor	b
331	naor	bB
332	naor	EbB
376	navier	FMb
058	neumann	b
059	neumann	bB
060	neumann	b
065	neumann	b
071	neumann	b
086	neumann	Eb
090	neumann	b
102	neumann	b
109	neumann	b
147	neumann	b
150	neumann	b
152	neumann	b
154	neumann	b
158	neumann	b
159	neumann	b
178	neumann	b
197	neumann	bB
207	neumann	b
211	neumann	b
212	neumann	b
215	neumann	b
216	neumann	b
219	neumann	b
223	neumann	b
225	neumann	b
227	neumann	b
232	neumann	b
243	neumann	b
248	neumann	b
250	neumann	b
256	neumann	b
258	neumann	b
260	neumann	Eb
261	neumann	b
263	neumann	b
264	neumann	b
265	neumann	b
267	neumann	Eb
270	neumann	b
273	neumann	b
278	neumann	b
280	neumann	b
281	neumann	b
282	neumann	b
283	neumann	b
285	neumann	b
286	neumann	Fb
287	neumann	Eb
288	neumann	b
289	neumann	Mb
290	neumann	b
291	neumann	b
293	neumann	b
294	neumann	b
295	neumann	b
296	neumann	b
297	neumann	b
298	neumann	b
299	neumann	b
300	neumann	b
301	neumann	b
303	neumann	b
305	neumann	b
306	neumann	b
315	neumann	b
318	neumann	b
322	neumann	b
324	neumann	b
325	neumann	b
336	neumann	b
346	neumann	b
351	neumann	b
352	neumann	b
355	neumann	b
361	neumann	b
365	neumann	b
369	neumann	b
371	neumann	b
372	neumann	b
005	newman	b
089	newman	bB
118	newman	b
155	newman	bB
190	newman	bB
212	newman	bB
213	newman	bB
214	newman	b
215	newman	bB
216	newman	bB
218	newman	bB
223	newman	bB
224	newman	b
244	newman	bB
250	newman	bB
258	newman	bB
260	newman	MbB
304	newman	bB
001	newton	b
002	newton	EbB
010	newton	bB
011	newton	b
014	newton	b
016	newton	b
018	newton	b
030	newton	EbB
032	newton	b
034	newton	b
036	newton	b
037	newton	b
038	newton	b
039	newton	b
042	newton	b
066	newton	b
067	newton	b
087	newton	b
109	newton	b
130	newton	Eb
147	newton	Eb
158	newton	b
164	newton	b
197	newton	b
210	newton	b
215	newton	b
225	newton	b
237	newton	b
260	newton	Eb
263	newton	b
264	newton	b
266	newton	b
283	newton	b
318	newton	b
319	newton	b
341	newton	b
351	newton	Eb
364	newton	b
370	newton	b
012	nikodym	b
018	nikodym	b
034	nikodym	b
074	nikodym	Eb
078	nikodym	b
085	nikodym	b
140	nikodym	b
170	nikodym	b
183	nikodym	b
211	nikodym	b
216	nikodym	b
217	nikodym	b
222	nikodym	b
223	nikodym	b
227	nikodym	b
230	nikodym	b
233	nikodym	b
286	nikodym	b
289	nikodym	b
291	nikodym	b
293	nikodym	b
300	nikodym	b
301	nikodym	b
327	nikodym	b
331	nikodym	b
341	nikodym	b
342	nikodym	b
054	novikov	b
065	novikov	b
072	novikov	b
143	novikov	bB
223	novikov	b
227	novikov	b
247	novikov	b
258	novikov	b
285	novikov	b
307	novikov	Mb
308	novikov	EbB
309	novikov	Eb
319	novikov	b
336	novikov	b
347	novikov	b
034	oka	b
042	oka	FMEb
051	oka	b
057	oka	b
058	oka	b
338	oka	b
372	oka	b
087	ornstein	b
093	ornstein	Eb
097	ornstein	b
101	ornstein	b
154	ornstein	B
211	ornstein	b
237	ornstein	b
273	ornstein	b
013	ostmann	FEbB
208	ostrik	FbB
099	ostrovsky	Eb
121	ostrovsky	bB
251	ozawa	bB
279	ozawa	b
286	ozawa	bB
288	ozawa	bB
289	ozawa	bB
291	ozawa	bB
297	ozawa	EbB
322	ozawa	b
330	ozawa	b
077	paley	b
080	paley	b
083	paley	b
175	paley	b
216	paley	b
217	paley	b
218	paley	b
227	paley	b
230	paley	b
271	paley	bB
282	paley	Eb
331	paley	bB
058	pardon	FEbB
304	pardon	bB
217	parisi	bB
221	parisi	FMbB
222	parisi	b
227	parisi	b
234	parisi	b
235	parisi	bB
281	parisi	bB
003	patterson	b
023	patterson	Fb
029	patterson	b
062	penrose	b
095	penrose	b
188	penrose	bB
215	penrose	b
218	penrose	b
224	penrose	b
228	penrose	bB
237	penrose	b
253	penrose	b
260	penrose	FMEbB
264	penrose	bB
267	penrose	bB
271	penrose	B
364	penrose	bB
012	perron	b
157	perron	b
208	perron	b
223	perron	Eb
225	perron	b
254	perron	b
260	perron	b
271	perron	b
284	perron	b
371	perron	b
032	peternell	b
033	peternell	bB
034	peternell	EbB
035	peternell	B
036	peternell	bB
048	peternell	b
052	peternell	b
056	peternell	bB
062	peternell	b
067	peternell	FMbB
068	peternell	B
088	petty	FDb
002	pfaffian	Eb
015	pfaffian	b
032	pfaffian	b
054	pfaffian	b
113	pfaffian	b
143	pfaffian	b
180	pfaffian	Eb
207	pfaffian	b
218	pfaffian	b
223	pfaffian	b
226	pfaffian	b
237	pfaffian	Eb
310	pfaffian	b
370	phan	EbB
130	phillips	bB
178	phillips	b
285	phillips	bB
289	phillips	bB
291	phillips	bB
292	phillips	bB
302	phillips	FbB
002	picard	b
014	picard	b
030	picard	b
032	picard	b
033	picard	b
034	picard	b
035	picard	Eb
036	picard	b
037	picard	b
040	picard	b
041	picard	b
042	picard	b
047	picard	b
052	picard	b
053	picard	b
054	picard	b
055	picard	b
056	picard	b
062	picard	b
063	picard	b
066	picard	b
067	picard	b
069	picard	b
139	picard	b
143	picard	b
147	picard	b
200	picard	b
203	picard	Eb
209	picard	b
231	picard	b
281	picard	b
287	picard	b
291	picard	b
308	picard	b
341	picard	bB
347	picard	b
363	picard	b
376	picard	b
205	pieri	Eb
210	pieri	b
238	pieri	b
329	pietsch	FbB
016	pink	FMEbB
206	pink	bB
076	pippenger	EbB
103	pippenger	bB
148	pisot	b
153	pisot	MEb
053	pixton	FMEb
011	plancherel	b
014	plancherel	b
015	plancherel	b
037	plancherel	b
060	plancherel	b
069	plancherel	Eb
073	plancherel	b
076	plancherel	b
077	plancherel	b
078	plancherel	b
079	plancherel	b
080	plancherel	b
082	plancherel	b
083	plancherel	b
086	plancherel	b
090	plancherel	b
154	plancherel	b
158	plancherel	b
182	plancherel	b
205	plancherel	b
237	plancherel	b
238	plancherel	Eb
260	plancherel	b
263	plancherel	b
264	plancherel	b
269	plancherel	b
286	plancherel	Eb
290	plancherel	b
363	plancherel	b
371	plancherel	b
376	plancherel	b
018	platonov	FMbB
059	platonov	bB
286	platonov	B
098	plaut	Fb
001	poincare	b
002	poincare	b
004	poincare	b
014	poincare	b
015	poincare	b
016	poincare	b
032	poincare	b
033	poincare	b
034	poincare	b
036	poincare	b
040	poincare	b
041	poincare	b
043	poincare	b
044	poincare	b
052	poincare	b
053	poincare	b
055	poincare	b
056	poincare	b
057	poincare	b
058	poincare	b
059	poincare	b
060	poincare	b
063	poincare	b
065	poincare	b
067	poincare	b
069	poincare	b
083	poincare	b
085	poincare	b
086	poincare	b
090	poincare	b
093	poincare	b
098	poincare	b
101	poincare	b
102	poincare	b
113	poincare	b
114	poincare	Eb
115	poincare	Eb
122	poincare	b
139	poincare	b
143	poincare	b
146	poincare	b
147	poincare	b
154	poincare	b
168	poincare	b
200	poincare	b
211	poincare	b
212	poincare	b
215	poincare	b
216	poincare	b
218	poincare	b
220	poincare	b
222	poincare	b
224	poincare	b
227	poincare	b
230	poincare	b
232	poincare	b
234	poincare	b
237	poincare	b
249	poincare	b
255	poincare	b
256	poincare	b
260	poincare	b
261	poincare	b
267	poincare	b
271	poincare	b
272	poincare	b
273	poincare	b
275	poincare	b
278	poincare	b
282	poincare	b
304	poincare	b
305	poincare	b
306	poincare	b
310	poincare	b
313	poincare	b
315	poincare	b
318	poincare	b
320	poincare	Eb
335	poincare	b
336	poincare	b
337	poincare	b
338	poincare	b
339	poincare	b
340	poincare	b
341	poincare	b
344	poincare	b
345	poincare	b
347	poincare	b
348	poincare	b
350	poincare	b
351	poincare	b
354	poincare	b
356	poincare	b
357	poincare	b
358	poincare	b
359	poincare	b
365	poincare	b
366	poincare	b
368	poincare	b
369	poincare	b
371	poincare	b
002	poisson	b
003	poisson	Eb
004	poisson	b
006	poisson	Eb
011	poisson	Mb
013	poisson	b
015	poisson	b
023	poisson	b
026	poisson	b
029	poisson	b
034	poisson	b
037	poisson	b
051	poisson	b
052	poisson	b
057	poisson	b
076	poisson	b
079	poisson	b
080	poisson	b
090	poisson	Eb
092	poisson	Eb
093	poisson	b
094	poisson	Eb
122	poisson	b
147	poisson	b
162	poisson	b
169	poisson	b
170	poisson	b
171	poisson	b
211	poisson	b
215	poisson	b
216	poisson	b
218	poisson	b
219	poisson	b
221	poisson	b
222	poisson	b
223	poisson	b
224	poisson	MEb
225	poisson	b
227	poisson	b
229	poisson	b
232	poisson	Eb
233	poisson	b
234	poisson	b
235	poisson	b
237	poisson	b
238	poisson	b
239	poisson	b
260	poisson	Eb
261	poisson	b
263	poisson	b
264	poisson	bB
265	poisson	b
268	poisson	b
271	poisson	b
273	poisson	b
275	poisson	b
289	poisson	b
325	poisson	b
338	poisson	b
339	poisson	b
343	poisson	b
348	poisson	b
349	poisson	b
351	poisson	b
357	poisson	Eb
361	poisson	b
362	poisson	b
365	poisson	b
368	poisson	Eb
369	poisson	b
375	poisson	b
376	poisson	b
009	pop	FMEbB
019	pop	bB
109	pop	b
213	pop	b
242	pop	b
295	pop	bB
300	pop	b
033	popa	bB
034	popa	bB
036	popa	B
056	popa	bB
068	popa	B
258	popa	b
286	popa	bB
288	popa	bB
289	popa	bB
290	popa	bB
293	popa	B
295	popa	EbB
296	popa	EbB
300	popa	Fb
114	potts	b
211	potts	b
218	potts	b
222	potts	b
223	potts	b
229	potts	Mb
233	potts	b
041	quillen	B
047	quillen	b
209	quillen	bB
254	quillen	bB
302	quillen	bB
308	quillen	bB
309	quillen	b
310	quillen	FbB
312	quillen	bB
317	quillen	Eb
318	quillen	bB
319	quillen	b
321	quillen	bB
089	rabani	bB
099	rabani	Eb
102	rabani	bB
110	rabani	B
117	rabani	B
121	rabani	bB
077	rademacher	b
085	rademacher	b
086	rademacher	b
087	rademacher	bB
098	rademacher	b
101	rademacher	bB
154	rademacher	b
183	rademacher	bB
216	rademacher	b
221	rademacher	b
222	rademacher	b
227	rademacher	Eb
283	rademacher	b
326	rademacher	b
327	rademacher	b
345	rademacher	bB
360	rademacher	b
368	rademacher	b
012	radon	b
018	radon	b
034	radon	b
050	radon	b
073	radon	b
077	radon	b
078	radon	b
081	radon	b
083	radon	b
085	radon	b
091	radon	b
140	radon	b
183	radon	b
211	radon	b
215	radon	b
216	radon	b
217	radon	b
222	radon	b
223	radon	b
227	radon	b
230	radon	b
233	radon	b
237	radon	b
251	radon	b
255	radon	Eb
258	radon	b
260	radon	b
286	radon	b
289	radon	b
291	radon	b
293	radon	b
300	radon	b
301	radon	b
327	radon	b
331	radon	b
335	radon	b
337	radon	b
341	radon	b
342	radon	b
346	radon	b
350	radon	b
355	radon	b
356	radon	b
366	radon	b
375	radon	b
003	radziwi	b
006	radziwi	b
007	radziwi	Eb
011	radziwi	b
012	radziwi	b
023	radziwi	b
029	radziwi	b
089	raghavendra	bB
095	raghavendra	bB
102	raghavendra	EbB
117	raghavendra	B
126	raghavendra	B
127	raghavendra	b
170	raghavendra	B
002	ramanujan	b
003	ramanujan	b
004	ramanujan	b
006	ramanujan	b
012	ramanujan	b
013	ramanujan	b
014	ramanujan	FMEb
177	ramanujan	b
178	ramanujan	FMb
219	ramanujan	b
004	ramsey	bB
006	ramsey	b
079	ramsey	bB
102	ramsey	bB
106	ramsey	B
145	ramsey	b
154	ramsey	b
164	ramsey	Eb
170	ramsey	FMEbB
171	ramsey	FMb
172	ramsey	FMDb
184	ramsey	b
189	ramsey	FMb
206	ramsey	bB
207	ramsey	bB
223	ramsey	bB
248	ramsey	b
323	ramsey	b
327	ramsey	b
093	rayleigh	b
097	rayleigh	b
114	rayleigh	b
157	rayleigh	b
188	rayleigh	b
211	rayleigh	b
223	rayleigh	Eb
227	rayleigh	b
231	rayleigh	Eb
237	rayleigh	b
238	rayleigh	b
254	rayleigh	b
262	rayleigh	b
267	rayleigh	b
275	rayleigh	b
278	rayleigh	b
337	rayleigh	b
338	rayleigh	b
349	rayleigh	b
350	rayleigh	b
369	rayleigh	b
375	rayleigh	b
301	razak	FMbB
010	rees	b
014	rees	b
017	rees	b
034	rees	b
036	rees	b
037	rees	Eb
039	rees	b
048	rees	b
066	rees	b
069	rees	b
134	rees	b
166	rees	b
194	rees	b
254	rees	bB
313	rees	b
318	rees	b
319	rees	b
343	rees	b
055	reiten	bB
199	reiten	FMbB
032	remmert	b
034	remmert	b
036	remmert	b
046	remmert	bB
048	remmert	b
056	remmert	b
058	remmert	Eb
067	remmert	b
073	ren	bB
074	ren	bB
077	ren	bB
078	ren	EbB
079	ren	bB
094	ren	b
117	ren	bB
306	ren	bB
020	ricci	bB
037	ricci	b
040	ricci	b
041	ricci	b
051	ricci	Eb
052	ricci	b
062	ricci	b
067	ricci	b
080	ricci	b
229	ricci	b
260	ricci	b
264	ricci	b
286	ricci	bB
335	ricci	Eb
336	ricci	b
337	ricci	b
338	ricci	b
348	ricci	b
351	ricci	FMEb
352	ricci	b
355	ricci	b
356	ricci	b
357	ricci	b
361	ricci	b
365	ricci	b
375	ricci	b
205	richardson	b
212	richardson	EbB
238	richardson	b
002	riemann	b
003	riemann	FMb
004	riemann	b
006	riemann	b
009	riemann	b
014	riemann	b
015	riemann	b
016	riemann	b
017	riemann	b
018	riemann	b
019	riemann	b
021	riemann	b
023	riemann	b
026	riemann	b
029	riemann	b
030	riemann	b
032	riemann	b
033	riemann	b
034	riemann	b
035	riemann	b
036	riemann	b
037	riemann	b
038	riemann	b
039	riemann	b
040	riemann	b
041	riemann	b
042	riemann	b
043	riemann	b
046	riemann	b
048	riemann	b
050	riemann	b
052	riemann	b
053	riemann	b
054	riemann	b
055	riemann	b
056	riemann	b
057	riemann	b
058	riemann	b
060	riemann	b
062	riemann	b
065	riemann	Eb
066	riemann	b
067	riemann	b
069	riemann	b
071	riemann	b
072	riemann	b
076	riemann	b
082	riemann	b
086	riemann	b
100	riemann	b
114	riemann	b
122	riemann	b
138	riemann	b
142	riemann	b
144	riemann	b
147	riemann	b
150	riemann	b
151	riemann	b
153	riemann	b
154	riemann	b
159	riemann	b
164	riemann	b
167	riemann	b
172	riemann	b
182	riemann	b
183	riemann	b
194	riemann	b
195	riemann	b
200	riemann	b
202	riemann	b
211	riemann	b
215	riemann	b
216	riemann	b
218	riemann	b
220	riemann	b
222	riemann	b
223	riemann	b
224	riemann	b
225	riemann	b
227	riemann	b
232	riemann	b
233	riemann	b
237	riemann	b
238	riemann	b
246	riemann	b
253	riemann	b
260	riemann	b
261	riemann	b
263	riemann	b
267	riemann	b
271	riemann	b
279	riemann	b
280	riemann	b
281	riemann	b
282	riemann	b
285	riemann	Eb
318	riemann	b
325	riemann	b
335	riemann	b
338	riemann	b
341	riemann	b
347	riemann	b
348	riemann	b
350	riemann	b
351	riemann	b
352	riemann	b
364	riemann	b
368	riemann	b
372	riemann	b
376	riemann	b
015	riemannian	b
041	riemannian	b
042	riemannian	b
051	riemannian	b
052	riemannian	b
057	riemannian	b
058	riemannian	b
062	riemannian	b
071	riemannian	b
074	riemannian	b
079	riemannian	b
140	riemannian	b
151	riemannian	b
152	riemannian	b
159	riemannian	b
224	riemannian	b
255	riemannian	b
260	riemannian	MEb
264	riemannian	b
273	riemannian	b
304	riemannian	b
306	riemannian	b
307	riemannian	b
333	riemannian	b
334	riemannian	b
335	riemannian	b
336	riemannian	b
337	riemannian	b
338	riemannian	b
339	riemannian	b
341	riemannian	b
344	riemannian	b
345	riemannian	Mb
346	riemannian	b
347	riemannian	b
348	riemannian	b
350	riemannian	b
351	riemannian	b
353	riemannian	b
354	riemannian	b
355	riemannian	b
356	riemannian	b
357	riemannian	b
358	riemannian	b
359	riemannian	b
360	riemannian	b
361	riemannian	b
365	riemannian	b
367	riemannian	b
372	riemannian	b
376	riemannian	b
023	riesz	b
034	riesz	b
058	riesz	b
072	riesz	b
073	riesz	b
077	riesz	b
078	riesz	FMEbB
079	riesz	Eb
081	riesz	FMDb
085	riesz	b
086	riesz	b
090	riesz	b
103	riesz	bB
140	riesz	MEb
147	riesz	b
153	riesz	b
216	riesz	b
223	riesz	b
227	riesz	b
237	riesz	b
238	riesz	b
251	riesz	b
260	riesz	b
261	riesz	b
262	riesz	b
263	riesz	b
269	riesz	b
282	riesz	b
286	riesz	Eb
293	riesz	b
315	riesz	b
323	riesz	b
327	riesz	b
338	riesz	b
344	riesz	b
348	riesz	b
350	riesz	b
352	riesz	b
356	riesz	b
358	riesz	b
361	riesz	b
373	riesz	b
375	riesz	b
288	ringrose	bB
295	ringrose	FbB
300	ringrose	b
002	robert	b
032	robert	b
033	robert	b
034	robert	b
038	robert	b
052	robert	b
056	robert	b
089	robert	b
099	robert	b
113	robert	b
158	robert	B
203	robert	b
211	robert	B
212	robert	b
213	robert	b
250	robert	b
272	robert	b
274	robert	b
285	robert	bB
291	robert	EbB
294	robert	b
299	robert	b
300	robert	b
301	robert	bB
319	robert	b
002	roch	b
014	roch	b
016	roch	b
018	roch	b
032	roch	b
033	roch	b
034	roch	b
035	roch	b
036	roch	b
037	roch	b
038	roch	b
039	roch	b
040	roch	b
043	roch	b
046	roch	b
048	roch	b
053	roch	b
054	roch	b
055	roch	b
056	roch	b
058	roch	b
060	roch	b
062	roch	b
065	roch	Eb
066	roch	b
067	roch	b
069	roch	b
142	roch	b
195	roch	b
200	roch	b
347	roch	b
015	rokhlin	bB
109	rokhlin	bB
144	rokhlin	bB
145	rokhlin	FbB
154	rokhlin	b
291	rokhlin	b
341	rokhlin	bB
291	rordam	b
294	rordam	b
299	rordam	MD
302	rordam	b
303	rordam	b
162	ryser	FDb
179	ryser	bB
205	ryser	b
086	sah	EbB
102	sah	b
154	sah	bB
159	sah	b
160	sah	bB
239	sah	b
033	saint	b
034	saint	b
087	saint	b
212	saint	b
224	saint	b
337	saint	Eb
351	saint	b
364	saint	b
289	sakai	bB
295	sakai	bB
297	sakai	EbB
335	sakai	b
059	sakamoto	EbB
062	salamon	FMb
218	salamon	bB
341	salamon	B
347	salamon	b
254	salvetti	EbB
002	satake	b
004	satake	b
014	satake	Eb
032	satake	Mb
069	satake	b
049	sathaye	Db
086	sawhney	EbB
154	sawhney	bB
159	sawhney	b
160	sawhney	bB
182	sawhney	bB
239	sawhney	b
003	sawin	b
014	sawin	EbB
032	sawin	b
167	sawin	bB
178	sawin	b
205	saxl	FEDb
022	schaeffer	FMEbB
203	schaeffer	b
362	schaeffer	bB
093	schatten	b
178	schatten	b
182	schatten	b
223	schatten	b
238	schatten	Eb
265	schatten	b
267	schatten	b
271	schatten	b
276	schatten	b
322	schatten	b
034	schauder	b
057	schauder	b
091	schauder	b
093	schauder	b
107	schauder	b
260	schauder	EbB
306	schauder	b
322	schauder	b
323	schauder	b
326	schauder	b
331	schauder	b
335	schauder	b
336	schauder	b
338	schauder	b
351	schauder	b
352	schauder	Eb
353	schauder	b
361	schauder	b
375	schauder	b
308	schlank	bB
313	schlank	bB
314	schlank	b
318	schlank	EbB
319	schlank	b
002	schmidt	B
007	schmidt	b
010	schmidt	B
013	schmidt	b
015	schmidt	B
016	schmidt	bB
019	schmidt	bB
055	schmidt	bB
057	schmidt	b
060	schmidt	b
066	schmidt	b
073	schmidt	b
076	schmidt	bB
079	schmidt	b
080	schmidt	b
082	schmidt	b
087	schmidt	b
091	schmidt	b
092	schmidt	b
093	schmidt	b
097	schmidt	b
127	schmidt	b
139	schmidt	b
140	schmidt	b
145	schmidt	b
150	schmidt	b
152	schmidt	b
153	schmidt	bB
154	schmidt	b
156	schmidt	b
158	schmidt	b
160	schmidt	bB
161	schmidt	bB
179	schmidt	bB
180	schmidt	bB
191	schmidt	bB
203	schmidt	b
204	schmidt	b
206	schmidt	bB
207	schmidt	b
211	schmidt	b
215	schmidt	b
216	schmidt	b
218	schmidt	b
219	schmidt	b
222	schmidt	b
227	schmidt	b
237	schmidt	b
238	schmidt	Eb
251	schmidt	b
254	schmidt	b
255	schmidt	B
256	schmidt	b
261	schmidt	b
262	schmidt	b
264	schmidt	b
265	schmidt	b
266	schmidt	b
267	schmidt	b
268	schmidt	b
270	schmidt	b
273	schmidt	b
276	schmidt	b
281	schmidt	b
285	schmidt	b
286	schmidt	b
292	schmidt	b
298	schmidt	b
315	schmidt	B
325	schmidt	b
348	schmidt	b
016	schnell	b
033	schnell	bB
034	schnell	MEbB
036	schnell	B
068	schnell	B
046	schramm	B
071	schramm	bB
102	schramm	bB
211	schramm	bB
212	schramm	bB
213	schramm	bB
214	schramm	FbB
218	schramm	bB
223	schramm	bB
224	schramm	bB
230	schramm	bB
231	schramm	bB
232	schramm	bB
237	schramm	b
246	schramm	b
327	schramm	b
330	schramm	b
377	schramm	b
002	schrodinger	b
032	schrodinger	b
077	schrodinger	Eb
079	schrodinger	b
080	schrodinger	FMb
157	schrodinger	b
219	schrodinger	b
222	schrodinger	b
261	schrodinger	b
262	schrodinger	b
263	schrodinger	b
267	schrodinger	b
275	schrodinger	b
278	schrodinger	b
281	schrodinger	b
282	schrodinger	b
336	schrodinger	b
338	schrodinger	b
349	schrodinger	b
355	schrodinger	b
365	schrodinger	b
371	schrodinger	FMb
002	schur	b
004	schur	b
006	schur	Eb
007	schur	b
011	schur	b
012	schur	Eb
014	schur	b
016	schur	b
018	schur	b
027	schur	b
030	schur	b
032	schur	b
033	schur	b
053	schur	b
058	schur	b
074	schur	b
077	schur	b
078	schur	b
079	schur	b
080	schur	b
081	schur	b
083	schur	b
086	schur	b
090	schur	b
095	schur	b
114	schur	b
115	schur	b
116	schur	b
122	schur	b
130	schur	b
143	schur	b
147	schur	b
154	schur	b
161	schur	b
164	schur	b
169	schur	b
172	schur	b
178	schur	b
182	schur	b
197	schur	b
201	schur	b
202	schur	b
203	schur	b
205	schur	b
206	schur	b
210	schur	b
211	schur	b
215	schur	b
216	schur	b
219	schur	Eb
222	schur	b
227	schur	b
234	schur	b
237	schur	Eb
238	schur	b
239	schur	b
247	schur	b
251	schur	b
253	schur	b
260	schur	b
261	schur	Eb
265	schur	Eb
266	schur	b
269	schur	b
271	schur	b
275	schur	b
276	schur	b
280	schur	b
283	schur	b
285	schur	b
286	schur	b
288	schur	b
306	schur	b
323	schur	b
324	schur	b
330	schur	b
331	schur	b
338	schur	Eb
339	schur	b
344	schur	Eb
347	schur	b
348	schur	b
350	schur	b
351	schur	b
355	schur	b
359	schur	b
360	schur	b
361	schur	b
002	schwartz	b
003	schwartz	b
004	schwartz	b
006	schwartz	b
011	schwartz	b
012	schwartz	b
013	schwartz	bB
015	schwartz	b
023	schwartz	b
026	schwartz	b
029	schwartz	b
032	schwartz	b
037	schwartz	b
057	schwartz	b
073	schwartz	b
076	schwartz	b
077	schwartz	b
078	schwartz	b
079	schwartz	b
080	schwartz	b
081	schwartz	b
082	schwartz	b
083	schwartz	b
086	schwartz	b
090	schwartz	b
102	schwartz	bB
103	schwartz	bB
141	schwartz	bB
144	schwartz	b
150	schwartz	b
170	schwartz	bB
172	schwartz	b
197	schwartz	bB
215	schwartz	b
237	schwartz	b
269	schwartz	b
270	schwartz	B
271	schwartz	b
282	schwartz	b
285	schwartz	EbB
286	schwartz	b
290	schwartz	b
322	schwartz	b
329	schwartz	bB
352	schwartz	b
363	schwartz	b
371	schwartz	b
376	schwartz	b
003	schwarz	b
006	schwarz	b
007	schwarz	b
011	schwarz	b
012	schwarz	b
013	schwarz	b
015	schwarz	b
016	schwarz	b
017	schwarz	b
018	schwarz	b
021	schwarz	b
022	schwarz	b
025	schwarz	b
026	schwarz	b
029	schwarz	b
033	schwarz	b
034	schwarz	b
037	schwarz	b
040	schwarz	b
041	schwarz	b
046	schwarz	b
051	schwarz	b
055	schwarz	b
057	schwarz	b
058	schwarz	b
060	schwarz	b
071	schwarz	b
073	schwarz	b
074	schwarz	b
075	schwarz	b
077	schwarz	b
078	schwarz	b
079	schwarz	b
080	schwarz	b
081	schwarz	b
082	schwarz	b
083	schwarz	b
086	schwarz	b
087	schwarz	b
090	schwarz	b
091	schwarz	b
093	schwarz	b
094	schwarz	b
096	schwarz	b
097	schwarz	b
098	schwarz	b
101	schwarz	b
102	schwarz	Eb
105	schwarz	b
113	schwarz	b
114	schwarz	b
115	schwarz	b
117	schwarz	b
119	schwarz	b
120	schwarz	b
121	schwarz	b
122	schwarz	b
127	schwarz	b
131	schwarz	b
135	schwarz	b
136	schwarz	b
138	schwarz	b
139	schwarz	b
140	schwarz	b
144	schwarz	b
145	schwarz	b
147	schwarz	b
150	schwarz	b
152	schwarz	b
153	schwarz	b
154	schwarz	b
157	schwarz	b
158	schwarz	b
159	schwarz	b
161	schwarz	b
162	schwarz	b
164	schwarz	b
166	schwarz	b
167	schwarz	b
170	schwarz	b
171	schwarz	b
178	schwarz	b
182	schwarz	b
184	schwarz	b
188	schwarz	b
192	schwarz	b
203	schwarz	b
204	schwarz	b
207	schwarz	b
211	schwarz	b
212	schwarz	b
213	schwarz	b
214	schwarz	b
215	schwarz	b
216	schwarz	b
217	schwarz	b
218	schwarz	b
219	schwarz	b
220	schwarz	b
221	schwarz	b
222	schwarz	b
223	schwarz	b
224	schwarz	b
225	schwarz	b
227	schwarz	b
228	schwarz	b
229	schwarz	b
230	schwarz	b
232	schwarz	b
233	schwarz	b
234	schwarz	b
235	schwarz	b
236	schwarz	b
237	schwarz	b
238	schwarz	b
239	schwarz	b
243	schwarz	b
246	schwarz	b
251	schwarz	b
252	schwarz	b
253	schwarz	b
255	schwarz	b
256	schwarz	b
257	schwarz	b
260	schwarz	b
261	schwarz	b
262	schwarz	b
263	schwarz	b
264	schwarz	b
265	schwarz	bB
266	schwarz	b
267	schwarz	b
268	schwarz	b
269	schwarz	b
271	schwarz	b
273	schwarz	b
274	schwarz	b
275	schwarz	b
276	schwarz	b
277	schwarz	b
278	schwarz	b
280	schwarz	b
281	schwarz	b
282	schwarz	b
284	schwarz	b
285	schwarz	b
286	schwarz	b
289	schwarz	b
290	schwarz	b
291	schwarz	b
292	schwarz	b
293	schwarz	b
296	schwarz	b
297	schwarz	b
298	schwarz	b
301	schwarz	b
306	schwarz	b
315	schwarz	b
325	schwarz	b
326	schwarz	b
331	schwarz	b
332	schwarz	b
335	schwarz	b
336	schwarz	b
337	schwarz	b
338	schwarz	b
341	schwarz	b
342	schwarz	b
345	schwarz	b
346	schwarz	b
348	schwarz	b
350	schwarz	b
351	schwarz	b
353	schwarz	b
354	schwarz	b
355	schwarz	b
356	schwarz	b
357	schwarz	b
358	schwarz	b
359	schwarz	b
360	schwarz	b
361	schwarz	b
362	schwarz	b
363	schwarz	b
364	schwarz	b
365	schwarz	b
366	schwarz	b
367	schwarz	b
368	schwarz	b
369	schwarz	b
371	schwarz	b
375	schwarz	b
376	schwarz	b
260	schwarzschild	MEb
059	sebastiani	EbB
200	sebastiani	b
059	seifert	Eb
066	seifert	b
306	seifert	b
315	seifert	b
002	selmer	FMEb
004	selmer	b
006	selmer	Eb
010	selmer	b
019	selmer	Eb
081	semmes	FEbB
001	serre	b
002	serre	bB
004	serre	bB
006	serre	bB
010	serre	bB
014	serre	b
016	serre	b
017	serre	b
018	serre	b
030	serre	bB
032	serre	b
033	serre	b
034	serre	bB
035	serre	b
036	serre	b
037	serre	b
039	serre	b
040	serre	b
041	serre	B
043	serre	b
046	serre	bB
048	serre	b
052	serre	b
053	serre	b
055	serre	bB
056	serre	bB
057	serre	bB
058	serre	bB
060	serre	b
062	serre	b
064	serre	b
065	serre	b
066	serre	B
067	serre	bB
069	serre	b
193	serre	Fb
194	serre	b
195	serre	b
200	serre	b
202	serre	b
208	serre	b
253	serre	b
254	serre	b
256	serre	b
258	serre	b
286	serre	B
304	serre	bB
305	serre	b
306	serre	b
308	serre	bB
313	serre	b
315	serre	b
316	serre	bB
318	serre	bB
320	serre	b
341	serre	bB
343	serre	b
122	servedio	bB
127	servedio	b
138	servedio	bB
192	servedio	Fb
213	servedio	B
214	servedio	b
218	servedio	b
017	seshadri	b
034	seshadri	Eb
036	seshadri	b
039	seshadri	FMDb
204	seshadri	b
338	seshadri	b
359	seshadri	bB
089	seymour	bB
102	seymour	bB
157	seymour	bB
173	seymour	FDb
224	seymour	b
001	shafarevich	b
002	shafarevich	b
004	shafarevich	b
006	shafarevich	b
019	shafarevich	b
034	shafarevich	b
046	shafarevich	FMbB
057	shafarevich	b
167	shafarevich	bB
201	shafarevich	b
247	shafarevich	b
310	shafarevich	B
366	shah	FMbB
278	sham	FMb
002	shapiro	Eb
004	shapiro	b
006	shapiro	b
018	shapiro	b
069	shapiro	b
076	shapiro	b
203	shapiro	b
216	shapiro	bB
247	shapiro	b
273	shapiro	b
285	shapiro	b
313	shapiro	b
315	shapiro	b
318	shapiro	b
320	shapiro	b
169	shareshian	FbB
160	shelah	bB
172	shelah	bB
240	shelah	FbB
241	shelah	b
243	shelah	bB
323	shelah	B
217	sherrington	FMbB
221	sherrington	b
222	sherrington	b
227	sherrington	FMbB
234	sherrington	b
235	sherrington	b
281	sherrington	MbB
151	shub	FbB
339	shub	B
161	sidorenko	FbB
001	siegel	b
002	siegel	b
003	siegel	MDb
004	siegel	bB
011	siegel	Eb
012	siegel	b
013	siegel	b
014	siegel	b
016	siegel	FMb
021	siegel	b
023	siegel	b
029	siegel	b
032	siegel	b
033	siegel	b
058	siegel	Eb
343	siegel	b
032	simons	b
207	simons	B
260	simons	b
305	simons	EbB
306	simons	b
320	simons	b
336	simons	bB
349	simons	bB
367	simons	b
375	simons	bB
015	sinai	b
144	sinai	b
146	sinai	Fb
152	sinai	b
041	singer	B
058	singer	Eb
060	singer	b
068	singer	B
116	singer	bB
136	singer	b
178	singer	b
264	singer	B
285	singer	B
300	singer	b
306	singer	B
315	singer	FMb
348	singer	b
352	singer	bB
359	singer	bB
260	sitter	MEb
264	sitter	b
059	smale	EbB
090	smale	b
152	smale	bB
260	smale	bB
306	smale	bB
341	smale	bB
344	smale	b
345	smale	b
347	smale	EbB
368	smale	bB
002	smith	b
004	smith	bB
006	smith	bB
014	smith	b
015	smith	b
016	smith	b
032	smith	b
139	smith	B
140	smith	bB
191	smith	bB
203	smith	b
211	smith	b
244	smith	b
273	smith	b
288	smith	B
289	smith	bB
295	smith	bB
296	smith	bB
302	smith	bB
304	smith	FMEb
306	smith	bB
308	smith	FMbB
310	smith	B
311	smith	bB
314	smith	Fb
319	smith	b
330	smith	b
338	smith	b
340	smith	bB
347	smith	b
187	snaky	FMb
003	sobolev	b
011	sobolev	b
037	sobolev	b
041	sobolev	b
042	sobolev	b
051	sobolev	b
057	sobolev	b
058	sobolev	b
060	sobolev	b
071	sobolev	Eb
072	sobolev	Eb
077	sobolev	b
079	sobolev	b
080	sobolev	Fb
083	sobolev	b
085	sobolev	Eb
087	sobolev	Eb
088	sobolev	b
090	sobolev	b
093	sobolev	FMb
097	sobolev	b
101	sobolev	b
114	sobolev	b
119	sobolev	Eb
150	sobolev	b
211	sobolev	Eb
215	sobolev	b
216	sobolev	Eb
219	sobolev	b
222	sobolev	b
223	sobolev	b
225	sobolev	b
227	sobolev	Eb
230	sobolev	b
232	sobolev	Eb
233	sobolev	b
237	sobolev	b
260	sobolev	Eb
262	sobolev	b
263	sobolev	b
264	sobolev	b
267	sobolev	b
273	sobolev	b
275	sobolev	b
278	sobolev	b
280	sobolev	b
282	sobolev	b
286	sobolev	b
306	sobolev	b
334	sobolev	b
336	sobolev	b
337	sobolev	Eb
338	sobolev	b
341	sobolev	b
342	sobolev	b
344	sobolev	b
345	sobolev	b
346	sobolev	b
348	sobolev	Eb
350	sobolev	b
351	sobolev	b
355	sobolev	b
356	sobolev	b
357	sobolev	b
361	sobolev	b
362	sobolev	b
363	sobolev	b
365	sobolev	b
366	sobolev	b
367	sobolev	b
368	sobolev	Eb
369	sobolev	b
371	sobolev	b
372	sobolev	b
375	sobolev	b
376	sobolev	b
079	sogge	FbB
250	solitar	b
258	solitar	Mb
116	solomon	bB
134	solomon	bB
155	solomon	B
176	solomon	b
206	solomon	B
220	solomon	bB
310	solomon	bB
349	solomon	FMb
037	song	b
052	song	b
120	song	B
139	song	B
157	song	bB
162	song	bB
175	song	b
218	song	bB
239	song	b
277	song	EbB
344	song	bB
002	spencer	b
010	spencer	b
032	spencer	b
033	spencer	b
034	spencer	b
036	spencer	b
040	spencer	b
053	spencer	b
069	spencer	b
076	spencer	EbB
107	spencer	bB
161	spencer	bB
167	spencer	bB
170	spencer	bB
171	spencer	b
172	spencer	bB
188	spencer	bB
191	spencer	bB
215	spencer	bB
216	spencer	bB
218	spencer	b
232	spencer	b
261	spencer	bB
267	spencer	bB
271	spencer	bB
285	spencer	B
309	spencer	b
311	spencer	b
318	spencer	b
308	stapleton	bB
313	stapleton	bB
314	stapleton	b
318	stapleton	EbB
011	stein	bB
032	stein	b
033	stein	b
034	stein	MEb
035	stein	b
036	stein	b
041	stein	b
042	stein	Eb
046	stein	Mb
048	stein	b
052	stein	b
054	stein	b
056	stein	b
057	stein	b
058	stein	b
064	stein	b
066	stein	b
067	stein	b
071	stein	bB
075	stein	bB
077	stein	bB
078	stein	bB
080	stein	b
081	stein	B
083	stein	FbB
085	stein	bB
091	stein	b
100	stein	b
102	stein	bB
113	stein	b
117	stein	B
125	stein	b
127	stein	b
139	stein	b
140	stein	bB
180	stein	bB
202	stein	b
212	stein	B
221	stein	bB
224	stein	b
227	stein	b
235	stein	bB
238	stein	b
260	stein	bB
282	stein	b
318	stein	b
325	stein	b
338	stein	b
359	stein	b
372	stein	b
002	steinberg	Eb
006	steinberg	b
009	steinberg	b
010	steinberg	b
014	steinberg	b
018	steinberg	bB
030	steinberg	b
134	steinberg	B
177	steinberg	b
203	steinberg	b
205	steinberg	b
206	steinberg	bB
208	steinberg	b
209	steinberg	b
247	steinberg	Eb
250	steinberg	b
310	steinberg	bB
318	steinberg	b
060	stiefel	b
140	stiefel	Eb
156	stiefel	b
157	stiefel	b
222	stiefel	b
305	stiefel	b
316	stiefel	b
320	stiefel	b
340	stiefel	b
345	stiefel	b
359	stiefel	b
033	stokes	b
034	stokes	b
041	stokes	b
051	stokes	b
052	stokes	b
060	stokes	b
071	stokes	Eb
072	stokes	b
087	stokes	b
090	stokes	b
143	stokes	b
150	stokes	b
207	stokes	b
224	stokes	b
237	stokes	b
260	stokes	b
264	stokes	b
282	stokes	b
305	stokes	b
306	stokes	b
318	stokes	b
320	stokes	b
335	stokes	b
336	stokes	b
338	stokes	b
341	stokes	b
355	stokes	b
360	stokes	b
376	stokes	FMb
047	stothers	Eb
107	stothers	bB
083	street	bB
317	street	EbB
311	strickland	EbB
313	strickland	bB
314	strickland	b
318	strickland	B
319	strickland	b
102	svensson	bB
111	svensson	bB
113	svensson	B
117	svensson	B
125	svensson	EbB
174	svensson	B
002	swinnerton	Mb
004	swinnerton	b
006	swinnerton	b
018	swinnerton	b
002	swinnerton-dyer	FB
004	swinnerton-dyer	B
006	swinnerton-dyer	B
002	sylow	b
015	sylow	b
031	sylow	b
202	sylow	Eb
203	sylow	Eb
206	sylow	b
308	sylow	b
310	sylow	b
314	sylow	b
320	sylow	Eb
034	szabo	bB
160	szabo	bB
162	szabo	bB
197	szabo	bB
291	szabo	EbB
306	szabo	bB
344	szabo	bB
018	szemeredi	b
074	szemeredi	bB
103	szemeredi	bB
154	szemeredi	b
159	szemeredi	Fb
160	szemeredi	b
162	szemeredi	bB
164	szemeredi	b
166	szemeredi	EbB
167	szemeredi	bB
170	szemeredi	bB
171	szemeredi	b
182	szemeredi	bB
183	szemeredi	bB
184	szemeredi	bB
191	szemeredi	bB
239	szemeredi	b
199	tachikawa	FDbB
094	talagrand	b
175	talagrand	FDbB
176	talagrand	b
217	talagrand	bB
221	talagrand	bB
222	talagrand	bB
227	talagrand	bB
234	talagrand	b
235	talagrand	bB
239	talagrand	b
281	talagrand	bB
260	tangherlini	EbB
003	tao	b
004	tao	bB
007	tao	EbB
011	tao	bB
012	tao	bB
021	tao	bB
026	tao	bB
028	tao	b
057	tao	bB
074	tao	bB
076	tao	bB
077	tao	bB
078	tao	bB
079	tao	bB
080	tao	bB
082	tao	bB
083	tao	bB
086	tao	bB
098	tao	b
128	tao	b
140	tao	bB
154	tao	bB
155	tao	bB
158	tao	B
159	tao	b
162	tao	bB
164	tao	b
170	tao	bB
204	tao	bB
213	tao	bB
239	tao	b
265	tao	bB
266	tao	bB
286	tao	bB
302	tao	bB
306	tao	bB
365	tao	bB
371	tao	bB
372	tao	bB
376	tao	B
001	tate	b
002	tate	b
004	tate	bB
006	tate	bB
008	tate	b
009	tate	b
010	tate	b
014	tate	b
015	tate	bB
016	tate	b
019	tate	b
023	tate	b
029	tate	b
030	tate	b
031	tate	b
032	tate	Eb
033	tate	b
034	tate	b
040	tate	b
043	tate	b
053	tate	b
054	tate	b
056	tate	b
064	tate	b
065	tate	b
069	tate	b
199	tate	b
202	tate	bB
203	tate	b
242	tate	b
308	tate	b
309	tate	b
311	tate	EbB
313	tate	bB
314	tate	b
318	tate	bB
001	taylor	b
002	taylor	bB
004	taylor	B
005	taylor	b
006	taylor	bB
010	taylor	bB
011	taylor	b
012	taylor	b
013	taylor	b
014	taylor	bB
016	taylor	b
017	taylor	b
020	taylor	b
021	taylor	b
030	taylor	bB
032	taylor	b
034	taylor	b
035	taylor	b
036	taylor	b
037	taylor	Eb
038	taylor	b
039	taylor	b
042	taylor	b
044	taylor	b
048	taylor	b
052	taylor	b
056	taylor	b
057	taylor	b
058	taylor	Eb
060	taylor	b
062	taylor	b
064	taylor	b
065	taylor	b
066	taylor	Eb
069	taylor	b
072	taylor	b
073	taylor	b
074	taylor	b
075	taylor	b
076	taylor	b
077	taylor	b
078	taylor	b
079	taylor	b
080	taylor	b
081	taylor	b
086	taylor	b
087	taylor	b
090	taylor	Eb
093	taylor	b
094	taylor	b
095	taylor	b
096	taylor	b
100	taylor	b
101	taylor	b
102	taylor	b
107	taylor	b
114	taylor	b
116	taylor	b
117	taylor	b
119	taylor	b
122	taylor	b
125	taylor	b
138	taylor	b
139	taylor	b
143	taylor	Eb
146	taylor	b
147	taylor	b
152	taylor	b
153	taylor	b
154	taylor	b
157	taylor	bB
158	taylor	b
159	taylor	b
161	taylor	bB
164	taylor	Eb
166	taylor	b
169	taylor	b
170	taylor	b
172	taylor	b
178	taylor	b
180	taylor	b
182	taylor	b
184	taylor	b
201	taylor	b
203	taylor	b
206	taylor	bB
211	taylor	b
215	taylor	b
216	taylor	b
217	taylor	Eb
218	taylor	Eb
219	taylor	b
220	taylor	b
221	taylor	b
222	taylor	b
223	taylor	b
225	taylor	b
227	taylor	b
229	taylor	b
231	taylor	b
232	taylor	b
237	taylor	b
238	taylor	b
248	taylor	b
260	taylor	b
261	taylor	b
264	taylor	bB
265	taylor	b
266	taylor	Eb
269	taylor	b
271	taylor	b
275	taylor	b
278	taylor	b
279	taylor	b
280	taylor	b
281	taylor	b
282	taylor	Eb
286	taylor	b
287	taylor	b
289	taylor	bB
291	taylor	b
305	taylor	b
306	taylor	bB
310	taylor	bB
311	taylor	b
312	taylor	bB
313	taylor	b
318	taylor	b
320	taylor	b
325	taylor	b
331	taylor	b
333	taylor	b
334	taylor	Eb
335	taylor	b
337	taylor	b
338	taylor	b
339	taylor	b
340	taylor	b
341	taylor	bB
342	taylor	bB
344	taylor	b
345	taylor	b
346	taylor	b
348	taylor	bB
349	taylor	bB
350	taylor	b
351	taylor	bB
352	taylor	b
354	taylor	b
355	taylor	Eb
356	taylor	b
357	taylor	b
359	taylor	b
360	taylor	b
361	taylor	b
363	taylor	b
364	taylor	b
365	taylor	bB
367	taylor	b
368	taylor	b
369	taylor	bB
370	taylor	b
371	taylor	b
372	taylor	b
375	taylor	b
113	teller	b
233	teller	FMbB
238	thirring	b
262	thirring	FMDbB
263	thirring	bB
032	thom	b
033	thom	Eb
043	thom	b
044	thom	b
058	thom	b
059	thom	EbB
066	thom	b
141	thom	b
200	thom	b
214	thom	b
231	thom	bB
251	thom	bB
254	thom	b
256	thom	bB
289	thom	bB
302	thom	bB
305	thom	b
306	thom	b
308	thom	Eb
309	thom	b
316	thom	b
319	thom	b
335	thom	bB
336	thom	b
341	thom	b
344	thom	b
345	thom	b
347	thom	b
014	thomason	b
157	thomason	bB
193	thomason	b
314	thomason	b
317	thomason	FMbB
205	thompson	b
248	thompson	FDbB
250	thompson	bB
251	thompson	b
253	thompson	b
256	thompson	b
261	thompson	bB
271	thompson	bB
238	thorp	FMDbB
291	tikuisis	EbB
299	tikuisis	b
301	tikuisis	bB
302	tikuisis	bB
303	tikuisis	B
044	tingley	bB
254	tingley	B
322	tingley	FDb
014	toda	b
055	toda	FbB
308	toda	FMbB
309	toda	b
051	toeplitz	b
130	toeplitz	Eb
237	toeplitz	b
269	toeplitz	b
307	toeplitz	b
325	toeplitz	b
081	tolsa	EbB
291	toms	FbB
299	toms	b
302	toms	FbB
106	trotter	B
166	trotter	EbB
167	trotter	bB
171	trotter	b
271	trotter	bB
057	trudinger	B
060	trudinger	b
260	trudinger	B
335	trudinger	bB
336	trudinger	bB
338	trudinger	b
348	trudinger	b
351	trudinger	B
353	trudinger	EbB
360	trudinger	bB
361	trudinger	b
004	turing	b
103	turing	b
109	turing	b
116	turing	b
122	turing	b
124	turing	b
133	turing	b
137	turing	b
206	turing	b
235	turing	b
241	turing	FMDb
242	turing	b
275	turing	b
279	turing	b
376	turing	bB
055	uhlenbeck	B
087	uhlenbeck	b
093	uhlenbeck	Eb
097	uhlenbeck	b
101	uhlenbeck	b
211	uhlenbeck	b
273	uhlenbeck	b
306	uhlenbeck	bB
350	uhlenbeck	b
361	uhlenbeck	b
144	ulam	bB
166	ulam	b
251	ulam	FMb
289	ulam	b
322	ulam	b
336	urysohn	Mb
286	vaes	bB
290	vaes	bB
300	vaes	Fb
301	vaes	B
041	verbitsky	EbB
042	verbitsky	bB
133	verbitsky	b
157	verdiere	FMb
361	verdiere	b
208	verlinde	Eb
032	veronese	b
033	veronese	b
034	veronese	b
036	veronese	b
046	veronese	b
050	veronese	b
054	veronese	b
056	veronese	b
062	veronese	b
066	veronese	b
067	veronese	b
200	veronese	Eb
202	veronese	b
343	veronese	b
058	vey	Eb
151	viana	bB
183	viana	B
221	viana	EbB
349	viana	bB
033	viehweg	EbB
034	viehweg	bB
036	viehweg	b
037	viehweg	b
038	viehweg	EbB
054	viehweg	b
056	viehweg	b
066	viehweg	b
034	vietoris	b
059	vietoris	Eb
065	vietoris	b
247	vietoris	b
249	vietoris	b
305	vietoris	Eb
306	vietoris	b
307	vietoris	b
310	vietoris	b
313	vietoris	b
320	vietoris	b
347	vietoris	b
216	villain	EbB
041	villani	bB
093	villani	bB
337	villani	bB
356	villani	bB
357	villani	bB
360	villani	FbB
363	villani	B
046	vinberg	bB
069	vinberg	Eb
065	virasoro	FMb
069	virasoro	b
280	virasoro	b
362	vlasov	FMb
285	voiculescu	bB
287	voiculescu	bB
288	voiculescu	bB
289	voiculescu	bB
295	voiculescu	bB
296	voiculescu	bB
298	voiculescu	Fb
301	voiculescu	bB
023	voronoi	Eb
090	voronoi	Eb
158	voronoi	b
159	voronoi	b
223	voronoi	b
224	voronoi	FMEb
232	voronoi	b
267	voronoi	b
368	voronoi	b
169	wachs	FbB
159	waerden	b
160	waerden	FMDb
164	waerden	b
014	wakimoto	Eb
069	wakimoto	b
340	waldhausen	EbB
011	walfisz	Eb
021	walfisz	b
023	walfisz	b
029	walfisz	b
002	wang	b
010	wang	b
012	wang	bB
018	wang	b
033	wang	bB
034	wang	bB
036	wang	bB
037	wang	bB
056	wang	b
057	wang	bB
058	wang	bB
059	wang	b
068	wang	B
073	wang	bB
074	wang	bB
077	wang	bB
078	wang	EbB
079	wang	bB
080	wang	bB
088	wang	b
091	wang	bB
105	wang	bB
106	wang	B
111	wang	bB
113	wang	b
120	wang	B
121	wang	B
122	wang	bB
125	wang	B
131	wang	b
148	wang	bB
150	wang	B
153	wang	B
155	wang	B
170	wang	bB
182	wang	bB
192	wang	b
211	wang	b
218	wang	b
223	wang	b
227	wang	bB
234	wang	b
237	wang	b
260	wang	bB
269	wang	bB
276	wang	b
282	wang	bB
306	wang	bB
307	wang	bB
309	wang	b
316	wang	bB
322	wang	b
330	wang	b
332	wang	bB
335	wang	bB
336	wang	bB
337	wang	bB
340	wang	B
341	wang	bB
342	wang	bB
344	wang	bB
348	wang	b
349	wang	bB
351	wang	bB
353	wang	EbB
355	wang	bB
359	wang	bB
360	wang	bB
361	wang	b
362	wang	bB
363	wang	bB
365	wang	bB
367	wang	b
375	wang	bB
215	ward	b
219	ward	Eb
234	ward	Eb
261	ward	b
282	ward	Eb
001	weil	b
002	weil	bB
004	weil	bB
006	weil	bB
009	weil	b
010	weil	b
014	weil	Eb
015	weil	bB
016	weil	b
019	weil	b
027	weil	bB
029	weil	b
030	weil	b
032	weil	MEbB
033	weil	b
034	weil	b
035	weil	b
036	weil	b
037	weil	b
041	weil	b
042	weil	b
043	weil	b
046	weil	b
047	weil	b
054	weil	b
055	weil	b
056	weil	b
062	weil	b
064	weil	b
065	weil	b
066	weil	b
134	weil	b
206	weil	b
207	weil	b
242	weil	b
306	weil	b
337	weil	bB
052	weinstein	b
119	weinstein	bB
260	weinstein	bB
313	weinstein	bB
318	weinstein	EbB
344	weinstein	bB
347	weinstein	b
016	weisfeiler	B
047	weisfeiler	b
133	weisfeiler	FMEbB
161	weisfeiler	bB
015	weiss	bB
080	weiss	b
092	weiss	b
152	weiss	bB
197	weiss	bB
217	weiss	Eb
227	weiss	b
302	weiss	bB
304	weiss	bB
367	weiss	b
211	werner	b
216	werner	B
223	werner	bB
224	werner	b
226	werner	b
233	werner	B
237	werner	b
265	werner	bB
268	werner	B
272	werner	b
331	werner	EbB
369	werner	bB
002	weyl	b
003	weyl	b
004	weyl	b
006	weyl	b
014	weyl	b
018	weyl	b
029	weyl	b
032	weyl	b
033	weyl	b
044	weyl	b
053	weyl	b
069	weyl	b
071	weyl	b
079	weyl	b
086	weyl	Eb
090	weyl	b
093	weyl	b
154	weyl	b
168	weyl	b
182	weyl	bB
203	weyl	b
204	weyl	b
205	weyl	b
206	weyl	b
208	weyl	b
211	weyl	b
237	weyl	b
238	weyl	b
260	weyl	b
264	weyl	b
265	weyl	b
270	weyl	b
281	weyl	Eb
282	weyl	b
286	weyl	b
288	weyl	b
306	weyl	b
343	weyl	b
348	weyl	Eb
360	weyl	b
361	weyl	b
056	whitney	b
058	whitney	b
060	whitney	b
064	whitney	Eb
065	whitney	b
066	whitney	b
073	whitney	bB
078	whitney	bB
079	whitney	b
080	whitney	b
156	whitney	b
211	whitney	bB
215	whitney	b
237	whitney	b
243	whitney	bB
250	whitney	b
294	whitney	b
302	whitney	b
305	whitney	b
316	whitney	b
317	whitney	b
318	whitney	b
319	whitney	b
320	whitney	b
333	whitney	bB
335	whitney	b
345	whitney	b
346	whitney	bB
347	whitney	b
368	whitney	bB
002	whittaker	b
014	whittaker	Eb
029	whittaker	b
069	whittaker	Eb
028	wick	b
065	wick	b
093	wick	b
211	wick	b
215	wick	Eb
216	wick	Eb
218	wick	b
223	wick	b
225	wick	b
227	wick	b
232	wick	b
233	wick	b
237	wick	b
269	wick	bB
282	wick	b
298	wick	Eb
018	wilson	bB
073	wilson	b
109	wilson	bB
156	wilson	bB
161	wilson	bB
180	wilson	bB
203	wilson	b
211	wilson	bB
215	wilson	EbB
218	wilson	bB
223	wilson	B
226	wilson	b
231	wilson	b
235	wilson	EbB
247	wilson	b
272	wilson	b
286	wilson	B
309	wilson	b
318	wilson	b
319	wilson	FMb
335	wilson	b
341	wilson	bB
377	wilson	b
178	winter	b
211	winter	bB
265	winter	bB
272	winter	b
273	winter	b
289	winter	bB
291	winter	FEbB
299	winter	Eb
301	winter	b
302	winter	bB
002	witt	b
010	witt	b
014	witt	b
016	witt	b
018	witt	b
032	witt	b
036	witt	b
059	witt	bB
087	witt	b
193	witt	b
195	witt	b
203	witt	Mb
206	witt	b
247	witt	b
304	witt	Eb
309	witt	b
310	witt	b
313	witt	b
318	witt	Eb
319	witt	b
343	witt	b
241	woodin	Eb
008	yang	b
012	yang	bB
015	yang	bB
050	yang	bB
051	yang	bB
054	yang	bB
060	yang	b
088	yang	b
091	yang	bB
113	yang	b
114	yang	bB
115	yang	bB
127	yang	b
151	yang	bB
189	yang	bB
210	yang	bB
215	yang	bB
216	yang	Eb
218	yang	b
223	yang	b
225	yang	b
237	yang	b
241	yang	b
267	yang	bB
270	yang	b
271	yang	b
272	yang	b
304	yang	bB
338	yang	b
339	yang	B
344	yang	bB
348	yang	b
362	yang	bB
363	yang	bB
365	yang	b
369	yang	bB
372	yang	b
032	yau	b
033	yau	b
034	yau	MEbB
036	yau	b
037	yau	bB
041	yau	bB
051	yau	bB
052	yau	b
055	yau	bB
057	yau	B
059	yau	bB
060	yau	b
062	yau	b
064	yau	b
065	yau	b
066	yau	Eb
068	yau	B
178	yau	b
216	yau	bB
219	yau	bB
227	yau	bB
260	yau	bB
261	yau	bB
267	yau	bB
270	yau	B
334	yau	bB
335	yau	bB
336	yau	bB
337	yau	bB
338	yau	Fb
341	yau	bB
349	yau	FMbB
350	yau	FDbB
356	yau	b
359	yau	bB
361	yau	Fb
375	yau	bB
003	young	b
006	young	bB
029	young	b
034	young	b
078	young	b
079	young	b
080	young	b
082	young	b
083	young	b
087	young	b
094	young	b
110	young	B
117	young	bB
122	young	b
146	young	b
167	young	b
169	young	Eb
178	young	b
203	young	b
205	young	Eb
206	young	b
216	young	b
217	young	b
218	young	b
220	young	b
223	young	b
227	young	b
230	young	b
232	young	b
237	young	b
238	young	b
247	young	b
260	young	b
261	young	b
262	young	Eb
263	young	b
264	young	b
265	young	b
266	young	b
267	young	b
269	young	bB
271	young	b
273	young	b
278	young	b
282	young	b
306	young	b
332	young	B
334	young	b
335	young	b
336	young	b
337	young	b
338	young	b
346	young	b
351	young	b
352	young	b
353	young	b
355	young	b
356	young	b
357	young	b
367	young	b
371	young	b
375	young	b
291	zacharias	EbB
299	zacharias	b
002	zagier	EbB
004	zagier	bB
005	zagier	bB
006	zagier	bB
032	zagier	B
053	zagier	b
165	zarankiewicz	DbB
250	zaremsky	EbB
253	zaremsky	bB
001	zariski	b
002	zariski	b
009	zariski	b
010	zariski	b
014	zariski	b
016	zariski	b
018	zariski	b
019	zariski	b
027	zariski	b
030	zariski	b
031	zariski	b
032	zariski	b
033	zariski	b
034	zariski	b
035	zariski	b
036	zariski	b
037	zariski	b
038	zariski	b
039	zariski	b
041	zariski	b
042	zariski	b
043	zariski	b
044	zariski	b
046	zariski	b
047	zariski	b
048	zariski	Fb
052	zariski	b
054	zariski	b
055	zariski	b
056	zariski	b
057	zariski	b
058	zariski	b
059	zariski	FbB
062	zariski	b
063	zariski	b
064	zariski	b
066	zariski	b
067	zariski	b
095	zariski	b
130	zariski	b
141	zariski	b
166	zariski	b
193	zariski	b
194	zariski	b
204	zariski	b
205	zariski	b
206	zariski	b
237	zariski	b
282	zariski	b
286	zariski	b
305	zariski	b
306	zariski	b
313	zariski	b
318	zariski	b
339	zariski	b
341	zariski	b
343	zariski	b
002	zhang	bB
004	zhang	bB
006	zhang	bB
010	zhang	bB
014	zhang	b
016	zhang	bB
032	zhang	b
033	zhang	bB
034	zhang	b
035	zhang	bB
036	zhang	bB
037	zhang	bB
041	zhang	bB
043	zhang	B
053	zhang	b
055	zhang	B
056	zhang	b
065	zhang	bB
066	zhang	bB
068	zhang	B
073	zhang	bB
074	zhang	B
077	zhang	bB
078	zhang	bB
079	zhang	bB
080	zhang	EbB
088	zhang	b
091	zhang	bB
111	zhang	B
114	zhang	b
117	zhang	B
127	zhang	b
136	zhang	bB
139	zhang	bB
143	zhang	b
147	zhang	bB
153	zhang	B
157	zhang	B
176	zhang	b
189	zhang	bB
197	zhang	bB
199	zhang	bB
202	zhang	bB
231	zhang	bB
236	zhang	bB
260	zhang	B
274	zhang	bB
280	zhang	b
284	zhang	B
291	zhang	bB
307	zhang	b
308	zhang	B
313	zhang	B
318	zhang	B
331	zhang	bB
336	zhang	bB
338	zhang	b
341	zhang	bB
342	zhang	bB
348	zhang	bB
351	zhang	bB
352	zhang	bB
356	zhang	bB
357	zhang	bB
359	zhang	bB
363	zhang	bB
369	zhang	B
370	zhang	bB
377	zhang	b
016	zilber	FMEbB
250	zilber	bB
