fam	dir	pdf	formalized
001	Milnes-rationality-conjecture-for-abelian-varieties-September-23-2026	preprints/Milnes-rationality-conjecture-for-abelian-varieties-September-23-2026/paper.pdf	0
002	Exact-Birch-Swinnerton-Dyer-Formula-from-Low-Selmer-Corank-October-3-2026	preprints/Exact-Birch-Swinnerton-Dyer-Formula-from-Low-Selmer-Corank-October-3-2026/exact-bsd-low-selmer-corank.pdf	0
002	The-Selmer-converse-for-elliptic-curves-at-every-prime-September-24-2026	preprints/The-Selmer-converse-for-elliptic-curves-at-every-prime-September-24-2026/main.pdf	0
002	The-two-primary-Birch-Swinnerton-Dyer-formula-in-Selmer-corank-at-most-one-September-24-2026	preprints/The-two-primary-Birch-Swinnerton-Dyer-formula-in-Selmer-corank-at-most-one-September-24-2026/paper.pdf	0
003	The-Quasi-Riemann-Hypothesis-October-5-2026	preprints/The-Quasi-Riemann-Hypothesis-October-5-2026/paper2.pdf	0
003	The-Quasi-Riemann-Hypothesis-September-30-2026	preprints/The-Quasi-Riemann-Hypothesis-September-30-2026/paper.pdf	1
003	Uniform-exclusion-of-Landau-Siegel-zeros-October-1-2026	preprints/Uniform-exclusion-of-Landau-Siegel-zeros-October-1-2026/paper.pdf	1
004	A-pointwise-2-converse-for-elliptic-curves-with-rational-two-torsion-September-24-2026	preprints/A-pointwise-2-converse-for-elliptic-curves-with-rational-two-torsion-September-24-2026/paper.pdf	0
004	Hilberts-tenth-problem-over-the-rational-numbers-September-24-2026	preprints/Hilberts-tenth-problem-over-the-rational-numbers-September-24-2026/main.pdf	0
005	Catalans-constant-is-irrational-September-24-2026	preprints/Catalans-constant-is-irrational-September-24-2026/paper.pdf	0
006	Goldfelds-analytic-density-conjecture-and-the-2-converse-for-elliptic-curves-September-23-2026	preprints/Goldfelds-analytic-density-conjecture-and-the-2-converse-for-elliptic-curves-September-23-2026/paper.pdf	0
006	The-mean-analytic-rank-of-quadratic-twists-of-elliptic-curves-September-23-2026	preprints/The-mean-analytic-rank-of-quadratic-twists-of-elliptic-curves-September-23-2026/paper.pdf	0
007	Ordinary-two-point-correlations-of-multiplicative-functions-September-24-2026	preprints/Ordinary-two-point-correlations-of-multiplicative-functions-September-24-2026/final.pdf	0
008	The-Deligne-Drinfeld-conjecture-September-23-2026	preprints/The-Deligne-Drinfeld-conjecture-September-23-2026/paper.pdf	1
009	Reconstruction-from-Milnor-K-theory-modulo-the-characteristic-October-5-2026	preprints/Reconstruction-from-Milnor-K-theory-modulo-the-characteristic-October-5-2026/paper.pdf	0
009	Reconstruction-of-Function-Fields-from-Mod-ell-Milnor-K-Theory-October-5-2026	preprints/Reconstruction-of-Function-Fields-from-Mod-ell-Milnor-K-Theory-October-5-2026/mod-ell-bogomolov-pop.pdf	0
009	The-Bogomolov-Pop-reconstruction-theorem-September-23-2026	preprints/The-Bogomolov-Pop-reconstruction-theorem-September-23-2026/paper.pdf	0
010	Fontaine-Mazur-modularity-at-the-prime-2-September-23-2026	preprints/Fontaine-Mazur-modularity-at-the-prime-2-September-23-2026/paper.pdf	0
010	The-Dimension-of-the-Two-Adic-Hecke-Algebra-at-Odd-Level-October-5-2026	preprints/The-Dimension-of-the-Two-Adic-Hecke-Algebra-at-Odd-Level-October-5-2026/two-adic-hecke.pdf	0
010	Unrestricted-pro-modularity-at-the-prime-two-October-4-2026	preprints/Unrestricted-pro-modularity-at-the-prime-two-October-4-2026/two-adic-promodularity.pdf	0
011	Prime-Predecessors-with-an-Even-Number-of-Prime-Factors-September-17-2026	preprints/Prime-Predecessors-with-an-Even-Number-of-Prime-Factors-September-17-2026/paper.pdf	0
011	The-Poisson-Dirichlet-Law-for-Prime-Predecessors-September-24-2026	preprints/The-Poisson-Dirichlet-Law-for-Prime-Predecessors-September-24-2026/paper.pdf	0
011	Weighted-Dilation-Graphs-Smooth-Shifted-Primes-and-Totient-Fibers-September-24-2026	preprints/Weighted-Dilation-Graphs-Smooth-Shifted-Primes-and-Totient-Fibers-September-24-2026/paper.pdf	0
012	The-joint-Dickman-law-for-consecutive-integers-September-24-2026	preprints/The-joint-Dickman-law-for-consecutive-integers-September-24-2026/paper.pdf	0
013	the-additive-indecomposability-of-the-primes-September-24-2026	preprints/the-additive-indecomposability-of-the-primes-September-24-2026/paper.pdf	0
014	Constructible-tame-Hecke-eigensheaves-in-positive-characteristic-October-5-2026	preprints/Constructible-tame-Hecke-eigensheaves-in-positive-characteristic-October-5-2026/constructible-tame-hecke-eigensheaves-positive-characteristic.pdf	0
014	Frobenius-Structures-on-Tame-Hecke-Eigensheaves-October-5-2026	preprints/Frobenius-Structures-on-Tame-Hecke-Eigensheaves-October-5-2026/tame-hecke-frobenius.pdf	0
014	Global-Arthur-Enhancements-of-Cuspidal-Excursion-Parameters-October-5-2026	preprints/Global-Arthur-Enhancements-of-Cuspidal-Excursion-Parameters-October-5-2026/manuscript.pdf	0
014	Ramanujan-Arthur-Decompositions-of-Cuspidal-Functions-at-Full-Finite-Level-September-24-2026	preprints/Ramanujan-Arthur-Decompositions-of-Cuspidal-Functions-at-Full-Finite-Level-September-24-2026/paper.pdf	0
014	Rationality-of-the-Canonical-Unramified-Arthur-Filtration-September-24-2026	preprints/Rationality-of-the-Canonical-Unramified-Arthur-Filtration-September-24-2026/paper.pdf	0
014	Tame-Hecke-Eigensheaves-with-Several-Marked-Points-October-5-2026	preprints/Tame-Hecke-Eigensheaves-with-Several-Marked-Points-October-5-2026/Tame-Hecke-Eigensheaves-with-Several-Marked-Points.pdf	0
014	Temperedness-at-ramified-places-for-globally-generic-exceptional-groups-October-5-2026	preprints/Temperedness-at-ramified-places-for-globally-generic-exceptional-groups-October-5-2026/ramified-ramanujan.pdf	0
014	The-Restricted-Geometric-Langlands-Equivalence-in-Positive-Characteristic-September-24-2026	preprints/The-Restricted-Geometric-Langlands-Equivalence-in-Positive-Characteristic-September-24-2026/paper.pdf	0
015	Equidistribution-of-Prime-Degree-Torus-Packets-with-Arbitrary-Local-Type-September-24-2026	preprints/Equidistribution-of-Prime-Degree-Torus-Packets-with-Arbitrary-Local-Type-September-24-2026/paper.pdf	0
015	Equidistribution-of-Primitive-Quartic-Torus-Packets-for-Arbitrary-Orders-October-5-2026	preprints/Equidistribution-of-Primitive-Quartic-Torus-Packets-for-Arbitrary-Orders-October-5-2026/quartic-torus-packets.pdf	0
015	Equidistribution-of-Primitive-Sextic-Torus-Packets-October-5-2026	preprints/Equidistribution-of-Primitive-Sextic-Torus-Packets-October-5-2026/primitive-sextic-torus-packets.pdf	0
016	Elliptic-Squares-and-Zilber-Pink-for-Curves-in-A2-September-24-2026	preprints/Elliptic-Squares-and-Zilber-Pink-for-Curves-in-A2-September-24-2026/paper.pdf	0
016	Quaternionic-Division-Points-on-Curves-in-the-Siegel-Threefold-September-24-2026	preprints/Quaternionic-Division-Points-on-Curves-in-the-Siegel-Threefold-September-24-2026/paper.pdf	0
016	The-Abelian-Zilber-Pink-Conjecture-September-24-2026	preprints/The-Abelian-Zilber-Pink-Conjecture-September-24-2026/paper.pdf	0
016	The-E-times-CM-Component-of-Zilber-Pink-for-Curves-in-A2-September-24-2026	preprints/The-E-times-CM-Component-of-Zilber-Pink-for-Curves-in-A2-September-24-2026/paper.pdf	0
017	The-irrationality-exponent-of-pi-is-2-September-24-2026	preprints/The-irrationality-exponent-of-pi-is-2-September-24-2026/paper.pdf	0
018	The-Margulis-Platonov-conjecture-over-global-function-fields-October-5-2026	preprints/The-Margulis-Platonov-conjecture-over-global-function-fields-October-5-2026/margulis-platonov-global-function-fields.pdf	0
018	The-Margulis-Platonov-conjecture-over-number-fields-September-23-2026	preprints/The-Margulis-Platonov-conjecture-over-number-fields-September-23-2026/paper.pdf	0
019	Etale-covers-with-a-prescribed-exterior-sheet-September-24-2026	preprints/Etale-covers-with-a-prescribed-exterior-sheet-September-24-2026/main.pdf	0
019	The-p-adic-section-conjecture-September-24-2026	preprints/The-p-adic-section-conjecture-September-24-2026/main.pdf	0
020	Squarefree-values-of-quartics-and-power-free-values-of-polynomials-September-24-2026	preprints/Squarefree-values-of-quartics-and-power-free-values-of-polynomials-September-24-2026/manuscript.pdf	1
021	A-quadratic-bound-for-Jacobsthals-function-September-25-2026	preprints/A-quadratic-bound-for-Jacobsthals-function-September-25-2026/paper.pdf	1
022	The-weak-inhomogeneous-Duffin-Schaeffer-conjecture-September-25-2026	preprints/The-weak-inhomogeneous-Duffin-Schaeffer-conjecture-September-25-2026/paper.pdf	0
023	An-unconditional-first-moment-for-cubic-Gauss-sums-September-25-2026	preprints/An-unconditional-first-moment-for-cubic-Gauss-sums-September-25-2026/paper.pdf	0
024	An-asymptotic-formula-for-the-number-of-totients-September-25-2026	preprints/An-asymptotic-formula-for-the-number-of-totients-September-25-2026/An-asymptotic-formula-for-the-number-of-totients-September-25-2026.pdf	0
025	Short-Egyptian-fractions-September-25-2026	preprints/Short-Egyptian-fractions-September-25-2026/Short-Egyptian-fractions-September-25-2026.pdf	1
026	Positive-lower-density-of-large-prime-gaps-September-25-2026	preprints/Positive-lower-density-of-large-prime-gaps-September-25-2026/main.pdf	0
027	Integral-points-on-character-varieties-of-curves-September-25-2026	preprints/Integral-points-on-character-varieties-of-curves-September-25-2026/paper.pdf	0
028	Bounded-Step-Walks-on-Gaussian-Primes-September-26-2026	preprints/Bounded-Step-Walks-on-Gaussian-Primes-September-26-2026/paper.pdf	1
029	Primitive-roots-for-every-admissible-integer-base-October-4-2026	preprints/Primitive-roots-for-every-admissible-integer-base-October-4-2026/primitive-roots-all-integer-bases.pdf	0
029	Simultaneous-primitive-roots-a-conditional-lower-bound-for-prime-bases-October-4-2026	preprints/Simultaneous-primitive-roots-a-conditional-lower-bound-for-prime-bases-October-4-2026/simultaneous-primitive-roots-conditional-lower-bound-prime-bases.pdf	0
030	Modularity-of-elliptic-curves-over-imaginary-quadratic-fields-October-4-2026	preprints/Modularity-of-elliptic-curves-over-imaginary-quadratic-fields-October-4-2026/paper.pdf	0
031	Open-Homomorphisms-of-Global-Solvably-Closed-Galois-Groups-October-5-2026	preprints/Open-Homomorphisms-of-Global-Solvably-Closed-Galois-Groups-October-5-2026/open-homomorphisms-solvably-closed-galois-groups.pdf	0
032	A-Conditional-Reduction-for-Algebraic-Kuga-Satake-Correspondences-September-10-2026	preprints/A-Conditional-Reduction-for-Algebraic-Kuga-Satake-Correspondences-September-10-2026/paper.pdf	0
032	Abelian-covers-Gale-correspondences-and-the-Hodge-conjecture-for-powers-September-30-2026	preprints/Abelian-covers-Gale-correspondences-and-the-Hodge-conjecture-for-powers-September-30-2026/paper.pdf	0
032	Algebraic-Kuga-Satake-correspondences-and-Hodge-conjectures-on-a-K3-quadratic-locus-September-30-2026	preprints/Algebraic-Kuga-Satake-correspondences-and-Hodge-conjectures-on-a-K3-quadratic-locus-September-30-2026/paper.pdf	0
032	Algebraicity-of-Kuga-Satake-Correspondences-for-K3-Surfaces-October-3-2026	preprints/Algebraicity-of-Kuga-Satake-Correspondences-for-K3-Surfaces-October-3-2026/manuscript.pdf	0
032	Algebraicity-of-Weil-classes-on-split-abelian-eightfolds-September-18-2026	preprints/Algebraicity-of-Weil-classes-on-split-abelian-eightfolds-September-18-2026/paper.pdf	0
032	The-rational-Hodge-conjecture-for-CM-abelian-varieties-September-30-2026	preprints/The-rational-Hodge-conjecture-for-CM-abelian-varieties-September-30-2026/paper.pdf	0
032	The-rational-Hodge-conjecture-for-products-of-K3-surfaces-October-4-2026	preprints/The-rational-Hodge-conjecture-for-products-of-K3-surfaces-October-4-2026/hodge-conjecture-products-k3.pdf	0
032	Weil-classes-and-Hodge-classes-on-abelian-powers-September-30-2026	preprints/Weil-classes-and-Hodge-classes-on-abelian-powers-September-30-2026/paper.pdf	0
033	B-semiampleness-for-compact-log-smooth-Kahler-fibrations-September-10-2026	preprints/B-semiampleness-for-compact-log-smooth-Kahler-fibrations-September-10-2026/paper.pdf	0
033	Logarithmic-Kodaira-dimension-and-whole-fiber-variation-September-26-2026	preprints/Logarithmic-Kodaira-dimension-and-whole-fiber-variation-September-26-2026/paper.pdf	0
033	Orbifold-and-logarithmic-Iitaka-subadditivity-September-26-2026	preprints/Orbifold-and-logarithmic-Iitaka-subadditivity-September-26-2026/paper.pdf	0
033	Projective-Hodge-lines-and-ordinary-Iitaka-subadditivity-September-27-2026	preprints/Projective-Hodge-lines-and-ordinary-Iitaka-subadditivity-September-27-2026/paper.pdf	0
033	The-reverse-logarithmic-Kodaira-inequality-and-additivity-September-26-2026	preprints/The-reverse-logarithmic-Kodaira-inequality-and-additivity-September-26-2026/paper.pdf	0
034	Abundance-after-nonvanishing-for-compact-Kahler-fourfolds-September-27-2026	preprints/Abundance-after-nonvanishing-for-compact-Kahler-fourfolds-September-27-2026/paper.pdf	0
034	Arithmetic-Stein-degree-bounds-for-log-Calabi-Yau-pairs-September-25-2026	preprints/Arithmetic-Stein-degree-bounds-for-log-Calabi-Yau-pairs-September-25-2026/paper.pdf	0
034	Conditional-good-minimal-models-for-compact-Kahler-fourfolds-October-5-2026	preprints/Conditional-good-minimal-models-for-compact-Kahler-fourfolds-October-5-2026/paper.pdf	0
034	Fourfold-nonvanishing-by-minimal-metrics-and-moving-jets-September-27-2026	preprints/Fourfold-nonvanishing-by-minimal-metrics-and-moving-jets-September-27-2026/paper.pdf	0
034	Lifting-sections-from-the-reduced-support-of-an-adjoint-September-27-2026	preprints/Lifting-sections-from-the-reduced-support-of-an-adjoint-September-27-2026/paper.pdf	0
034	Log-abundance-for-compact-Kahler-spaces-under-logarithmic-Iitaka-subadditivity-October-4-2026	preprints/Log-abundance-for-compact-Kahler-spaces-under-logarithmic-Iitaka-subadditivity-October-4-2026/main.pdf	0
034	Log-abundance-in-characteristic-zero-September-24-2026	preprints/Log-abundance-in-characteristic-zero-September-24-2026/paper.pdf	0
034	Minimal-metrics-and-interior-injectivity-for-nef-adjoints-September-27-2026	preprints/Minimal-metrics-and-interior-injectivity-for-nef-adjoints-September-27-2026/paper.pdf	0
034	Relative-denominators-and-effective-systems-for-log-Calabi-Yau-fibrations-September-27-2026	preprints/Relative-denominators-and-effective-systems-for-log-Calabi-Yau-fibrations-September-27-2026/paper.pdf	0
034	Schnell-fiber-spaces-and-good-canonical-models-September-24-2026	preprints/Schnell-fiber-spaces-and-good-canonical-models-September-24-2026/paper.pdf	0
034	Uniform-Pluricanonical-Iitaka-Fibrations-October-3-2026	preprints/Uniform-Pluricanonical-Iitaka-Fibrations-October-3-2026/paper.pdf	0
034	Uniform-effective-log-Iitaka-fibrations-for-fourfolds-September-26-2026	preprints/Uniform-effective-log-Iitaka-fibrations-for-fourfolds-September-26-2026/paper.pdf	0
034	Uniform-indices-for-semi-log-canonical-log-Calabi-Yau-pairs-October-5-2026	preprints/Uniform-indices-for-semi-log-canonical-log-Calabi-Yau-pairs-October-5-2026/uniform-slc-index.pdf	0
034	Uniform-log-Iitaka-fibrations-and-bounded-moduli-denominators-October-4-2026	preprints/Uniform-log-Iitaka-fibrations-and-bounded-moduli-denominators-October-4-2026/uniform-log-iitaka.pdf	0
035	Abundance-in-numerical-dimension-one-for-terminal-threefolds-in-positive-characteristic-September-24-2026	preprints/Abundance-in-numerical-dimension-one-for-terminal-threefolds-in-positive-characteristic-September-24-2026/paper.pdf	0
035	Log-abundance-in-numerical-dimension-one-for-threefolds-in-positive-characteristic-October-5-2026	preprints/Log-abundance-in-numerical-dimension-one-for-threefolds-in-positive-characteristic-October-5-2026/paper.pdf	0
036	Minimal-models-and-Mori-fibre-spaces-for-generalized-log-canonical-Q-pairs-September-24-2026	preprints/Minimal-models-and-Mori-fibre-spaces-for-generalized-log-canonical-Q-pairs-September-24-2026/paper.pdf	0
036	Minimal-models-in-numerical-dimension-one-September-24-2026	preprints/Minimal-models-in-numerical-dimension-one-September-24-2026/paper.pdf	0
036	Numerical-Semiampleness-of-Nef-Adjoint-Divisors-October-3-2026	preprints/Numerical-Semiampleness-of-Nef-Adjoint-Divisors-October-3-2026/paper.pdf	0
036	Numerical-semiampleness-of-nef-adjoint-classes-on-compact-Kahler-manifolds-October-4-2026	preprints/Numerical-semiampleness-of-nef-adjoint-classes-on-compact-Kahler-manifolds-October-4-2026/numerical-generalized-abundance.pdf	0
037	The-normalized-volume-gap-in-dimension-four-September-24-2026	preprints/The-normalized-volume-gap-in-dimension-four-September-24-2026/paper.pdf	0
037	The-ordinary-double-point-gap-in-every-dimension-September-24-2026	preprints/The-ordinary-double-point-gap-in-every-dimension-September-24-2026/paper.pdf	0
038	Fujitas-freeness-conjecture-September-23-2026	preprints/Fujitas-freeness-conjecture-September-23-2026/Fujitas-freeness-conjecture-September-23-2026.pdf	0
039	Maximal-Multipoint-Seshadri-Constants-in-Higher-Dimensions-October-5-2026	preprints/Maximal-Multipoint-Seshadri-Constants-in-Higher-Dimensions-October-5-2026/main.pdf	0
039	Maximal-Seshadri-Constants-on-Arbitrary-Polarized-Surfaces-September-23-2026	preprints/Maximal-Seshadri-Constants-on-Arbitrary-Polarized-Surfaces-September-23-2026/main.pdf	1
039	Maximal-multipoint-Seshadri-constants-in-positive-characteristic-October-5-2026	preprints/Maximal-multipoint-Seshadri-constants-in-positive-characteristic-October-5-2026/seshadri-positive-characteristic.pdf	0
039	Nagatas-Conjecture-for-Plane-Curves-September-23-2026	preprints/Nagatas-Conjecture-for-Plane-Curves-September-23-2026/main.pdf	1
040	Blochs-Conjecture-for-Surfaces-with-pg-equals-q-equals-0-September-24-2026	preprints/Blochs-Conjecture-for-Surfaces-with-pg-equals-q-equals-0-September-24-2026/paper.pdf	0
041	Projective-Space-Bases-of-Lagrangian-Fibrations-September-23-2026	preprints/Projective-Space-Bases-of-Lagrangian-Fibrations-September-23-2026/main.pdf	0
041	The-Strong-Hyperkahler-SYZ-Conjecture-September-23-2026	preprints/The-Strong-Hyperkahler-SYZ-Conjecture-September-23-2026/main.pdf	0
042	Every-complex-K3-surface-is-Oka-September-23-2026	preprints/Every-complex-K3-surface-is-Oka-September-23-2026/paper.pdf	0
043	P-equals-W-in-composite-rank-for-fixed-determinant-September-24-2026	preprints/P-equals-W-in-composite-rank-for-fixed-determinant-September-24-2026/P-equals-W-in-composite-rank-for-fixed-determinant-September-24-2026.pdf	0
044	The-equivariant-cohomological-Hikita-conjecture-for-arbitrary-quivers-September-24-2026	preprints/The-equivariant-cohomological-Hikita-conjecture-for-arbitrary-quivers-September-24-2026/main.pdf	0
046	A-projective-fourfold-with-large-fundamental-group-and-non-Stein-universal-cover-October-5-2026	preprints/A-projective-fourfold-with-large-fundamental-group-and-non-Stein-universal-cover-October-5-2026/large-fundamental-group-non-stein.pdf	0
046	A-surface-counterexample-to-Shafarevich-holomorphic-convexity-September-23-2026	preprints/A-surface-counterexample-to-Shafarevich-holomorphic-convexity-September-23-2026/paper.pdf	0
047	An-explicit-failure-of-complex-affine-space-cancellation-September-23-2026	preprints/An-explicit-failure-of-complex-affine-space-cancellation-September-23-2026/paper.pdf	1
048	A-singular-normal-affine-surface-with-free-tangent-sheaf-September-23-2026	preprints/A-singular-normal-affine-surface-with-free-tangent-sheaf-September-23-2026/paper.pdf	0
049	A-stable-coordinate-that-is-not-a-coordinate-in-four-variables-October-5-2026	preprints/A-stable-coordinate-that-is-not-a-coordinate-in-four-variables-October-5-2026/stable-coordinate-four-variables.pdf	0
049	An-explicit-noncoordinate-polynomial-with-affine-three-space-zero-fibre-September-24-2026	preprints/An-explicit-noncoordinate-polynomial-with-affine-three-space-zero-fibre-September-24-2026/paper.pdf	1
050	ample-rank-two-bundles-on-the-quadric-surface-without-griffiths-positive-metrics-September-24-2026	preprints/ample-rank-two-bundles-on-the-quadric-surface-without-griffiths-positive-metrics-September-24-2026/paper.pdf	1
051	Canonical-ampleness-of-compact-hyperbolic-Kahler-manifolds-September-23-2026	preprints/Canonical-ampleness-of-compact-hyperbolic-Kahler-manifolds-September-23-2026/canonical-ampleness.pdf	0
052	Integrability-of-split-tangent-bundles-on-rationally-connected-manifolds-September-23-2026	preprints/Integrability-of-split-tangent-bundles-on-rationally-connected-manifolds-September-23-2026/main.pdf	0
052	Universal-cover-splitting-for-compact-Kahler-manifolds-September-23-2026	preprints/Universal-cover-splitting-for-compact-Kahler-manifolds-September-23-2026/paper.pdf	1
053	A-high-arity-counterexample-to-Pixton-completeness-in-Chow-September-24-2026	preprints/A-high-arity-counterexample-to-Pixton-completeness-in-Chow-September-24-2026/paper.pdf	0
054	Irrational-cubic-fourfolds-with-geometric-K3-categories-September-24-2026	preprints/Irrational-cubic-fourfolds-with-geometric-K3-categories-September-24-2026/Irrational-cubic-fourfolds-with-geometric-K3-categories-September-24-2026.pdf	0
055	A-Gepner-stability-condition-on-every-smooth-quintic-threefold-September-24-2026	preprints/A-Gepner-stability-condition-on-every-smooth-quintic-threefold-September-24-2026/paper.pdf	0
055	Prescribed-large-volume-charges-on-threefolds-with-trivial-canonical-bundle-September-24-2026	preprints/Prescribed-large-volume-charges-on-threefolds-with-trivial-canonical-bundle-September-24-2026/paper.pdf	0
056	Finite-ordinary-minimal-model-programs-on-compact-Kahler-fourfolds-October-5-2026	preprints/Finite-ordinary-minimal-model-programs-on-compact-Kahler-fourfolds-October-5-2026/paper.pdf	0
056	Finite-ordinary-minimal-model-programs-on-compact-Kahler-fourfolds-September-24-2026	preprints/Finite-ordinary-minimal-model-programs-on-compact-Kahler-fourfolds-September-24-2026/paper.pdf	0
056	Termination-for-projective-log-canonical-fourfolds-with-rational-boundary-September-24-2026	preprints/Termination-for-projective-log-canonical-fourfolds-with-rational-boundary-September-24-2026/paper.pdf	0
056	Termination-of-generalized-canonical-flips-on-compact-Kahler-fourfolds-October-5-2026	preprints/Termination-of-generalized-canonical-flips-on-compact-Kahler-fourfolds-October-5-2026/termination-generalized-terminal-flips-compact-kahler-fourfolds.pdf	0
056	Termination-of-generalized-log-canonical-flips-on-compact-Kahler-fourfolds-October-5-2026	preprints/Termination-of-generalized-log-canonical-flips-on-compact-Kahler-fourfolds-October-5-2026/termination-generalized-lc-kahler-fourfolds.pdf	0
057	A-conditional-abelianity-theorem-for-special-fourfold-pairs-with-a-half-weight-divisor-October-5-2026	preprints/A-conditional-abelianity-theorem-for-special-fourfold-pairs-with-a-half-weight-divisor-October-5-2026/main.pdf	0
057	The-abelianity-conjecture-for-special-compact-Kahler-manifolds-September-23-2026	preprints/The-abelianity-conjecture-for-special-compact-Kahler-manifolds-September-23-2026/paper.pdf	0
057	Two-step-monodromy-of-special-quasi-projective-varieties-September-24-2026	preprints/Two-step-monodromy-of-special-quasi-projective-varieties-September-24-2026/paper.pdf	0
058	Semialgebraic-universal-covers-of-normal-projective-varieties-September-24-2026	preprints/Semialgebraic-universal-covers-of-normal-projective-varieties-September-24-2026/paper.pdf	0
058	Symmetry-of-semialgebraic-bounded-domains-with-compact-quotient-September-24-2026	preprints/Symmetry-of-semialgebraic-bounded-domains-with-compact-quotient-September-24-2026/paper.pdf	1
059	Ambiently-homeomorphic-isolated-hypersurface-germs-in-C4-with-multiplicities-four-and-five-September-27-2026	preprints/Ambiently-homeomorphic-isolated-hypersurface-germs-in-C4-with-multiplicities-four-and-five-September-27-2026/paper.pdf	0
059	Ambiently-homeomorphic-isolated-hypersurfaces-of-multiplicities-two-and-three-September-24-2026	preprints/Ambiently-homeomorphic-isolated-hypersurfaces-of-multiplicities-two-and-three-September-24-2026/paper.pdf	0
060	Global-Spherical-Shells-on-Minimal-Surfaces-of-Class-VII-September-24-2026	preprints/Global-Spherical-Shells-on-Minimal-Surfaces-of-Class-VII-September-24-2026/paper.pdf	0
062	Contact-Fano-manifolds-and-the-LeBrun-Salamon-conjecture-September-23-2026	preprints/Contact-Fano-manifolds-and-the-LeBrun-Salamon-conjecture-September-23-2026/paper.pdf	0
063	The-Generalized-Mukai-Conjecture-September-24-2026	preprints/The-Generalized-Mukai-Conjecture-September-24-2026/article.pdf	0
064	Topological-triviality-of-mu-constant-families-of-surface-singularities-September-24-2026	preprints/Topological-triviality-of-mu-constant-families-of-surface-singularities-September-24-2026/main.pdf	0
065	Virasoro-Constraints-for-Projective-Complete-Intersections-September-24-2026	preprints/Virasoro-Constraints-for-Projective-Complete-Intersections-September-24-2026/article.pdf	0
065	Virasoro-Constraints-under-Projectivization-October-5-2026	preprints/Virasoro-Constraints-under-Projectivization-October-5-2026/virasoro-constraints-under-projectivization.pdf	0
066	Bounded-klt-complements-for-Fano-contractions-September-25-2026	preprints/Bounded-klt-complements-for-Fano-contractions-September-25-2026/Bounded-klt-complements-for-Fano-contractions-September-25-2026.pdf	0
066	Uniform-Cartier-sections-for-Fano-type-contractions-September-25-2026	preprints/Uniform-Cartier-sections-for-Fano-type-contractions-September-25-2026/Uniform-Cartier-sections-for-Fano-type-contractions-September-25-2026.pdf	0
067	The-Campana-Peternell-conjecture-in-dimension-six-September-25-2026	preprints/The-Campana-Peternell-conjecture-in-dimension-six-September-25-2026/main.pdf	0
068	Anticanonical-nonvanishing-from-smooth-semipositivity-September-26-2026	preprints/Anticanonical-nonvanishing-from-smooth-semipositivity-September-26-2026/main.pdf	0
068	Bounded-anticanonical-metrics-on-klt-pairs-and-torus-quotients-September-26-2026	preprints/Bounded-anticanonical-metrics-on-klt-pairs-and-torus-quotients-September-26-2026/main.pdf	0
068	Cohomological-transfer-and-equivariant-anticanonical-sections-September-26-2026	preprints/Cohomological-transfer-and-equivariant-anticanonical-sections-September-26-2026/main.pdf	0
068	Exact-orders-and-invariant-anticanonical-linear-systems-September-26-2026	preprints/Exact-orders-and-invariant-anticanonical-linear-systems-September-26-2026/main.pdf	0
068	Integrable-metrics-and-effectivity-with-controlled-boundary-September-26-2026	preprints/Integrable-metrics-and-effectivity-with-controlled-boundary-September-26-2026/main.pdf	0
068	Invariant-anticanonical-indices-and-conversion-of-twisted-differentials-September-26-2026	preprints/Invariant-anticanonical-indices-and-conversion-of-twisted-differentials-September-26-2026/main.pdf	0
068	Metric-descent-and-rank-preserving-contractions-September-26-2026	preprints/Metric-descent-and-rank-preserving-contractions-September-26-2026/main.pdf	0
069	Global-quantum-geometric-Langlands-at-irrational-level-October-4-2026	preprints/Global-quantum-geometric-Langlands-at-irrational-level-October-4-2026/quantum-langlands.pdf	0
071	Koebes-Circle-Domain-Conjecture-September-23-2026	preprints/Koebes-Circle-Domain-Conjecture-September-23-2026/paper.pdf	0
071	Removable-Boundaries-and-Rigidity-of-Circle-Domains-September-23-2026	preprints/Removable-Boundaries-and-Rigidity-of-Circle-Domains-September-23-2026/paper.pdf	0
072	A-strict-inverse-first-power-bound-for-univalent-functions-September-24-2026	preprints/A-strict-inverse-first-power-bound-for-univalent-functions-September-24-2026/paper.pdf	1
072	Brennans-conjecture-and-sharp-inverse-square-integral-means-September-24-2026	preprints/Brennans-conjecture-and-sharp-inverse-square-integral-means-September-24-2026/paper.pdf	1
073	The-Falconer-distance-conjecture-in-all-dimensions-September-23-2026	preprints/The-Falconer-distance-conjecture-in-all-dimensions-September-23-2026/paper.pdf	1
074	Every-four-dimensional-Kakeya-set-has-full-Hausdorff-dimension-September-24-2026	preprints/Every-four-dimensional-Kakeya-set-has-full-Hausdorff-dimension-September-24-2026/paper.pdf	0
074	The-Kakeya-maximal-conjecture-in-three-dimensions-September-23-2026	preprints/The-Kakeya-maximal-conjecture-in-three-dimensions-September-23-2026/paper.pdf	0
075	Almost-everywhere-Fourier-convergence-in-L-log-L-September-23-2026	preprints/Almost-everywhere-Fourier-convergence-in-L-log-L-September-23-2026/paper.pdf	0
076	Asymptotically-minimal-maxima-of-real-Littlewood-polynomials-September-23-2026	preprints/Asymptotically-minimal-maxima-of-real-Littlewood-polynomials-September-23-2026/paper.pdf	1
076	Nearly-minimal-maxima-and-positive-minima-of-Littlewood-polynomials-October-5-2026	preprints/Nearly-minimal-maxima-and-positive-minima-of-Littlewood-polynomials-October-5-2026/littlewood-lower-envelope.pdf	0
076	Ultraflat-real-Littlewood-polynomials-October-5-2026	preprints/Ultraflat-real-Littlewood-polynomials-October-5-2026/ultraflat-real-littlewood-polynomials.pdf	0
077	Diagonal-Fourier-extension-for-positively-curved-surfaces-in-three-dimensions-September-24-2026	preprints/Diagonal-Fourier-extension-for-positively-curved-surfaces-in-three-dimensions-September-24-2026/Diagonal-Fourier-extension-for-positively-curved-surfaces-in-three-dimensions-September-24-2026.pdf	0
077	Elliptic-capacity-propagation-and-Fourier-restriction-to-the-sphere-September-24-2026	preprints/Elliptic-capacity-propagation-and-Fourier-restriction-to-the-sphere-September-24-2026/Elliptic-capacity-propagation-and-Fourier-restriction-to-the-sphere-September-24-2026.pdf	0
078	Bochner-Riesz-Multipliers-in-Three-Dimensions-September-24-2026	preprints/Bochner-Riesz-Multipliers-in-Three-Dimensions-September-24-2026/Bochner-Riesz-Multipliers-in-Three-Dimensions-September-24-2026.pdf	0
079	Critical-local-smoothing-for-the-three-dimensional-wave-equation-September-24-2026	preprints/Critical-local-smoothing-for-the-three-dimensional-wave-equation-September-24-2026/paper.pdf	0
080	Endpoint-convergence-for-the-planar-Schrodinger-equation-September-24-2026	preprints/Endpoint-convergence-for-the-planar-Schrodinger-equation-September-24-2026/paper.pdf	0
080	Endpoint-pointwise-convergence-for-the-Schrodinger-equation-in-higher-dimensions-September-24-2026	preprints/Endpoint-pointwise-convergence-for-the-Schrodinger-equation-in-higher-dimensions-September-24-2026/paper.pdf	0
081	Riesz-transforms-and-uniform-rectifiability-in-higher-codimension-September-24-2026	preprints/Riesz-transforms-and-uniform-rectifiability-in-higher-codimension-September-24-2026/paper.pdf	1
082	An-L3-bound-for-the-dyadic-triangular-Hilbert-form-October-5-2026	preprints/An-L3-bound-for-the-dyadic-triangular-Hilbert-form-October-5-2026/dyadic-triangular-hilbert.pdf	0
082	Annular-variation-of-the-triangular-Hilbert-transform-at-the-symmetric-point-October-5-2026	preprints/Annular-variation-of-the-triangular-Hilbert-transform-at-the-symmetric-point-October-5-2026/annular-variation.pdf	0
082	The-maximal-triangular-Hilbert-transform-at-the-symmetric-point-September-24-2026	preprints/The-maximal-triangular-Hilbert-transform-at-the-symmetric-point-September-24-2026/paper.pdf	1
083	A-uniform-Hilbert-transform-estimate-for-Lipschitz-directions-September-25-2026	preprints/A-uniform-Hilbert-transform-estimate-for-Lipschitz-directions-September-25-2026/main.pdf	0
084	The-dyadic-case-of-the-Erdos-similarity-conjecture-September-25-2026	preprints/The-dyadic-case-of-the-Erdos-similarity-conjecture-September-25-2026/paper.pdf	0
084	The-geometric-case-of-the-Erdos-similarity-conjecture-October-5-2026	preprints/The-geometric-case-of-the-Erdos-similarity-conjecture-October-5-2026/geometric-erdos-similarity.pdf	0
085	An-Endpoint-Gradient-Bound-for-the-Centered-Disk-Maximal-Operator-September-26-2026	preprints/An-Endpoint-Gradient-Bound-for-the-Centered-Disk-Maximal-Operator-September-26-2026/article.pdf	1
086	An-L3-bound-for-the-trilinear-Hilbert-transform-October-5-2026	preprints/An-L3-bound-for-the-trilinear-Hilbert-transform-October-5-2026/paper.pdf	0
087	Symplectic-Balls-in-Symmetric-Polar-Products-September-22-2026	preprints/Symplectic-Balls-in-Symmetric-Polar-Products-September-22-2026/paper.pdf	1
087	The-Mahler-Conjecture-for-General-Convex-Bodies-September-22-2026	preprints/The-Mahler-Conjecture-for-General-Convex-Bodies-September-22-2026/paper.pdf	0
087	The-symmetric-Mahler-conjecture-and-its-equality-cases-September-22-2026	preprints/The-symmetric-Mahler-conjecture-and-its-equality-cases-September-22-2026/paper.pdf	1
088	A-product-counterexample-to-the-simplex-maximum-for-projection-body-volume-September-24-2026	preprints/A-product-counterexample-to-the-simplex-maximum-for-projection-body-volume-September-24-2026/paper.pdf	1
088	Pettys-projection-volume-conjecture-in-dimensions-at-least-four-September-24-2026	preprints/Pettys-projection-volume-conjecture-in-dimensions-at-least-four-September-24-2026/paper.pdf	1
089	L1-Embeddings-of-Graphs-of-Bounded-Treewidth-September-23-2026	preprints/L1-Embeddings-of-Graphs-of-Bounded-Treewidth-September-23-2026/paper.pdf	1
089	Planar-Graph-Metrics-Embed-into-L1-with-Constant-Distortion-September-23-2026	preprints/Planar-Graph-Metrics-Embed-into-L1-with-Constant-Distortion-September-23-2026/paper.pdf	1
090	A-sharp-Fourier-certificate-for-planar-circle-packing-September-23-2026	preprints/A-sharp-Fourier-certificate-for-planar-circle-packing-September-23-2026/paper.pdf	0
090	An-atomic-certificate-for-triangular-lattice-universal-optimality-September-26-2026	preprints/An-atomic-certificate-for-triangular-lattice-universal-optimality-September-26-2026/paper.pdf	0
090	Triangular-minimality-for-planar-Coulomb-renormalized-energy-September-23-2026	preprints/Triangular-minimality-for-planar-Coulomb-renormalized-energy-September-23-2026/paper.pdf	0
090	Universal-optimality-of-the-triangular-lattice-September-23-2026	preprints/Universal-optimality-of-the-triangular-lattice-September-23-2026/paper.pdf	0
091	The-logarithmic-Brunn-Minkowski-conjecture-September-23-2026	preprints/The-logarithmic-Brunn-Minkowski-conjecture-September-23-2026/paper.pdf	1
092	A-single-lattice-covering-bound-of-order-n-log-n-September-23-2026	preprints/A-single-lattice-covering-bound-of-order-n-log-n-September-23-2026/paper.pdf	1
092	Translative-covering-densities-of-order-n-log-n-September-23-2026	preprints/Translative-covering-densities-of-order-n-log-n-September-23-2026/paper.pdf	0
093	A-dimension-free-logarithmic-Sobolev-inequality-for-subgaussian-log-concave-measures-September-23-2026	preprints/A-dimension-free-logarithmic-Sobolev-inequality-for-subgaussian-log-concave-measures-September-23-2026/paper.pdf	0
094	Subpolynomial-dimension-reduction-in-Lp-September-23-2026	preprints/Subpolynomial-dimension-reduction-in-Lp-September-23-2026/paper.pdf	1
095	A-Nonspectrahedral-Hyperbolicity-Cone-September-24-2026	preprints/A-Nonspectrahedral-Hyperbolicity-Cone-September-24-2026/nonspectrahedral-hyperbolicity-cone.pdf	1
095	An-Exact-Semidefinite-Lift-of-a-Nonspectrahedral-Hyperbolicity-Cone-October-5-2026	preprints/An-Exact-Semidefinite-Lift-of-a-Nonspectrahedral-Hyperbolicity-Cone-October-5-2026/Exact-Semidefinite-Lift-of-a-Nonspectrahedral-Hyperbolicity-Cone.pdf	0
095	Hyperbolicity-Cones-Without-Semidefinite-Lifts-October-5-2026	preprints/Hyperbolicity-Cones-Without-Semidefinite-Lifts-October-5-2026/nonliftable-hyperbolicity.pdf	0
096	The-Gaussian-Propeller-Bound-in-Every-Dimension-September-24-2026	preprints/The-Gaussian-Propeller-Bound-in-Every-Dimension-September-24-2026/main.pdf	1
097	The-Euclidean-Steinitz-Bergstrom-theorem-September-24-2026	preprints/The-Euclidean-Steinitz-Bergstrom-theorem-September-24-2026/The-Euclidean-Steinitz-Bergstrom-theorem-September-24-2026.pdf	1
098	A-doubling-Hilbert-subset-with-no-finite-dimensional-bi-Lipschitz-embedding-September-25-2026	preprints/A-doubling-Hilbert-subset-with-no-finite-dimensional-bi-Lipschitz-embedding-September-25-2026/main.pdf	1
099	Edit-Distance-in-l1-Matching-Bounds-up-to-Constants-in-the-Exponent-September-27-2026	preprints/Edit-Distance-in-l1-Matching-Bounds-up-to-Constants-in-the-Exponent-September-27-2026/paper.pdf	0
099	Finite-Circle-Obstructions-Binary-Codes-and-Histogram-Embeddings-for-Edit-Distance-September-27-2026	preprints/Finite-Circle-Obstructions-Binary-Codes-and-Histogram-Embeddings-for-Edit-Distance-September-27-2026/paper.pdf	0
099	Tree-Constructions-for-the-l1-Distortion-of-Binary-Edit-Distance-September-27-2026	preprints/Tree-Constructions-for-the-l1-Distortion-of-Binary-Edit-Distance-September-27-2026/paper.pdf	0
100	Finite-angular-cylinder-covers-below-the-half-area-bound-September-27-2026	preprints/Finite-angular-cylinder-covers-below-the-half-area-bound-September-27-2026/main.pdf	0
100	Finite-cylinder-approximation-of-ruled-sets-September-27-2026	preprints/Finite-cylinder-approximation-of-ruled-sets-September-27-2026/main.pdf	0
100	Finite-triangular-approximation-of-radial-sweeps-September-27-2026	preprints/Finite-triangular-approximation-of-radial-sweeps-September-27-2026/main.pdf	0
100	Slope-field-perturbations-of-the-two-cylinder-covering-September-27-2026	preprints/Slope-field-perturbations-of-the-two-cylinder-covering-September-27-2026/main.pdf	0
101	A-sharp-entropy-bound-and-the-simplex-inequality-for-isotropic-constants-October-5-2026	preprints/A-sharp-entropy-bound-and-the-simplex-inequality-for-isotropic-constants-October-5-2026/isotropic-simplex.pdf	0
102	A-Direct-Proof-of-Optimal-Max-Cut-Hardness-September-23-2026	preprints/A-Direct-Proof-of-Optimal-Max-Cut-Hardness-September-23-2026/paper.pdf	1
102	Constant-factor-hardness-of-Min-UnCut-September-23-2026	preprints/Constant-factor-hardness-of-Min-UnCut-September-23-2026/paper.pdf	0
102	Constant-factor-hardness-of-directed-feedback-vertex-set-September-23-2026	preprints/Constant-factor-hardness-of-directed-feedback-vertex-set-September-23-2026/paper.pdf	0
102	The-Factor-Two-Hardness-Threshold-for-Vertex-Cover-September-23-2026	preprints/The-Factor-Two-Hardness-Threshold-for-Vertex-Cover-September-23-2026/paper.pdf	1
102	The-Unique-Games-Theorem-September-23-2026	preprints/The-Unique-Games-Theorem-September-23-2026/paper.pdf	1
103	Exact-Derandomization-of-Logarithmic-Space-L-equals-RL-equals-BPL-September-23-2026	preprints/Exact-Derandomization-of-Logarithmic-Space-L-equals-RL-equals-BPL-September-23-2026/paper.pdf	0
104	Deterministic-quasipolynomial-time-mean-payoff-games-September-25-2026	preprints/Deterministic-quasipolynomial-time-mean-payoff-games-September-25-2026/paper.pdf	0
104	Mean-payoff-parity-games-in-quasipolynomial-time-October-5-2026	preprints/Mean-payoff-parity-games-in-quasipolynomial-time-October-5-2026/mean-payoff-parity.pdf	0
104	Randomized-quasipolynomial-time-mean-payoff-games-September-25-2026	preprints/Randomized-quasipolynomial-time-mean-payoff-games-September-25-2026/paper.pdf	1
104	Turn-Based-Stochastic-Mean-Payoff-Games-in-Deterministic-Quasipolynomial-Time-October-5-2026	preprints/Turn-Based-Stochastic-Mean-Payoff-Games-in-Deterministic-Quasipolynomial-Time-October-5-2026/stochastic-mean-payoff-games.pdf	0
105	Perfect-completeness-for-2-to-1-games-September-23-2026	preprints/Perfect-completeness-for-2-to-1-games-September-23-2026/paper.pdf	1
106	Hardness-of-finding-large-independent-sets-in-three-colorable-graphs-September-24-2026	preprints/Hardness-of-finding-large-independent-sets-in-three-colorable-graphs-September-24-2026/Hardness-of-finding-large-independent-sets-in-three-colorable-graphs-September-24-2026.pdf	1
107	Complex-Matrix-Multiplication-Below-2.258-and-Rectangular-Bounds-September-24-2026	preprints/Complex-Matrix-Multiplication-Below-2.258-and-Rectangular-Bounds-September-24-2026/Complex-Matrix-Multiplication-Below-2.258-and-Rectangular-Bounds-September-24-2026.pdf	1
107	Matrix-Multiplication-Nine-Fourths-October-2-2026	preprints/Matrix-Multiplication-Nine-Fourths-October-2-2026/paper.pdf	1
107	Staggered-extraction-for-exact-matrix-multiplication-over-every-field-September-24-2026	preprints/Staggered-extraction-for-exact-matrix-multiplication-over-every-field-September-24-2026/Staggered-extraction-for-exact-matrix-multiplication-over-every-field-September-24-2026.pdf	1
108	A-cubic-lower-bound-for-border-determinantal-complexity-of-the-permanent-September-24-2026	preprints/A-cubic-lower-bound-for-border-determinantal-complexity-of-the-permanent-September-24-2026/A-cubic-lower-bound-for-border-determinantal-complexity-of-the-permanent-September-24-2026.pdf	0
109	Integer-multiplication-below-n-log-n-September-23-2026	preprints/Integer-multiplication-below-n-log-n-September-23-2026/paper.pdf	0
110	Squared-logarithmic-randomized-k-server-on-arbitrary-metrics-September-24-2026	preprints/Squared-logarithmic-randomized-k-server-on-arbitrary-metrics-September-24-2026/Squared-logarithmic-randomized-k-server-on-arbitrary-metrics-September-24-2026.pdf	0
110	Uniform-computation-of-the-squared-logarithmic-k-server-bound-September-24-2026	preprints/Uniform-computation-of-the-squared-logarithmic-k-server-bound-September-24-2026/Uniform-computation-of-the-squared-logarithmic-k-server-bound-September-24-2026.pdf	0
111	One-Sample-Suffices-for-Matroid-Prophet-Inequalities-against-an-Almighty-Adversary-September-23-2026	preprints/One-Sample-Suffices-for-Matroid-Prophet-Inequalities-against-an-Almighty-Adversary-September-23-2026/final.pdf	0
112	Beyond-the-Square-Root-Exponent-for-Depth-Three-Boolean-Circuits-September-23-2026	preprints/Beyond-the-Square-Root-Exponent-for-Depth-Three-Boolean-Circuits-September-23-2026/main.pdf	1
113	A-Fully-Polynomial-Randomized-Approximation-Scheme-for-Perfect-Matchings-in-General-Graphs-September-23-2026	preprints/A-Fully-Polynomial-Randomized-Approximation-Scheme-for-Perfect-Matchings-in-General-Graphs-September-23-2026/main.pdf	0
113	Entropy-and-Face-Dimension-of-the-Perfect-Matching-Polytope-September-23-2026	preprints/Entropy-and-Face-Dimension-of-the-Perfect-Matching-Polytope-September-23-2026/main.pdf	1
114	An-FPRAS-for-Common-Integer-Polymatroid-Bases-with-Binary-Capacities-October-5-2026	preprints/An-FPRAS-for-Common-Integer-Polymatroid-Bases-with-Binary-Capacities-October-5-2026/polymatroid-fpras.pdf	0
114	Approximate-counting-of-common-bases-of-two-matroids-September-23-2026	preprints/Approximate-counting-of-common-bases-of-two-matroids-September-23-2026/main.pdf	1
115	An-FPRAS-for-Cell-Bounded-Contingency-Tables-September-24-2026	preprints/An-FPRAS-for-Cell-Bounded-Contingency-Tables-September-24-2026/main.pdf	0
115	Exact-Uniform-Sampling-of-Contingency-Tables-with-Arbitrary-Margins-September-24-2026	preprints/Exact-Uniform-Sampling-of-Contingency-Tables-with-Arbitrary-Margins-September-24-2026/main.pdf	0
116	One-Rational-Matrix-Hitting-Point-for-Noncommutative-Formulas-September-24-2026	preprints/One-Rational-Matrix-Hitting-Point-for-Noncommutative-Formulas-September-24-2026/One-Rational-Matrix-Hitting-Point-for-Noncommutative-Formulas-September-24-2026.pdf	0
116	Polynomial-Hitting-Lists-for-Noncommutative-Rational-Formulas-September-24-2026	preprints/Polynomial-Hitting-Lists-for-Noncommutative-Rational-Formulas-September-24-2026/Polynomial-Hitting-Lists-for-Noncommutative-Rational-Formulas-September-24-2026.pdf	1
116	Uniform-Matrix-Hitting-Points-in-Every-Positive-Characteristic-October-4-2026	preprints/Uniform-Matrix-Hitting-Points-in-Every-Positive-Characteristic-October-4-2026/uniform-matrix-hitting-points-positive-characteristic.pdf	0
117	Constant-factor-hardness-of-uniform-sparsest-cut-September-24-2026	preprints/Constant-factor-hardness-of-uniform-sparsest-cut-September-24-2026/Constant-factor-hardness-of-uniform-sparsest-cut-September-24-2026.pdf	0
117	Near-square-root-logarithmic-integrality-gaps-for-uniform-sparsest-cut-September-24-2026	preprints/Near-square-root-logarithmic-integrality-gaps-for-uniform-sparsest-cut-September-24-2026/Near-square-root-logarithmic-integrality-gaps-for-uniform-sparsest-cut-September-24-2026.pdf	1
118	Additive-hardness-and-unbounded-configuration-gaps-in-bin-packing-September-24-2026	preprints/Additive-hardness-and-unbounded-configuration-gaps-in-bin-packing-September-24-2026/Additive-hardness-and-unbounded-configuration-gaps-in-bin-packing-September-24-2026.pdf	1
119	Hellinger-contraction-with-arbitrary-Boolean-output-bias-September-24-2026	preprints/Hellinger-contraction-with-arbitrary-Boolean-output-bias-September-24-2026/main.pdf	0
119	Sharp-binary-information-contraction-on-the-discrete-cube-September-24-2026	preprints/Sharp-binary-information-contraction-on-the-discrete-cube-September-24-2026/main.pdf	1
120	Almost-Linear-Time-Maximum-Cardinality-Matching-in-Sparse-General-Graphs-September-24-2026	preprints/Almost-Linear-Time-Maximum-Cardinality-Matching-in-Sparse-General-Graphs-September-24-2026/main.pdf	0
121	An-Almost-Linear-Approximation-Scheme-for-Edit-Distance-September-24-2026	preprints/An-Almost-Linear-Approximation-Scheme-for-Edit-Distance-September-24-2026/paper.pdf	0
122	A-latest-anchor-induction-with-spectrally-compact-masks-for-worst-case-trace-reconstruction-October-5-2026	preprints/A-latest-anchor-induction-with-spectrally-compact-masks-for-worst-case-trace-reconstruction-October-5-2026/paper.pdf	0
122	Uniform-quasipolynomial-time-trace-reconstruction-October-5-2026	preprints/Uniform-quasipolynomial-time-trace-reconstruction-October-5-2026/uniform-trace-reconstruction.pdf	0
122	quantitative-lower-bounds-for-trace-reconstruction-September-24-2026	preprints/quantitative-lower-bounds-for-trace-reconstruction-September-24-2026/paper.pdf	0
124	A-polynomial-time-algorithm-for-three-machine-unit-job-scheduling-September-24-2026	preprints/A-polynomial-time-algorithm-for-three-machine-unit-job-scheduling-September-24-2026/paper.pdf	0
125	Single-Exponential-Recovery-and-Bounded-Price-Strictness-for-Metric-k-Median-September-24-2026	preprints/Single-Exponential-Recovery-and-Bounded-Price-Strictness-for-Metric-k-Median-September-24-2026/paper.pdf	1
125	The-Approximation-Threshold-for-Metric-k-Median-September-24-2026	preprints/The-Approximation-Threshold-for-Metric-k-Median-September-24-2026/main.pdf	0
126	Exponential-PSD-rank-of-positively-shifted-matching-matrices-October-5-2026	preprints/Exponential-PSD-rank-of-positively-shifted-matching-matrices-October-5-2026/shifted-matching-psd.pdf	0
127	Average-Sensitivity-of-Polynomial-Threshold-Functions-September-25-2026	preprints/Average-Sensitivity-of-Polynomial-Threshold-Functions-September-25-2026/main.pdf	1
128	A-Polynomial-Time-2-Approximation-for-Shortest-Common-Superstring-September-24-2026	preprints/A-Polynomial-Time-2-Approximation-for-Shortest-Common-Superstring-September-24-2026/paper.pdf	1
129	An-exponential-state-lower-bound-for-two-way-nondeterministic-complementation-September-25-2026	preprints/An-exponential-state-lower-bound-for-two-way-nondeterministic-complementation-September-25-2026/paper.pdf	1
129	An-exponential-two-way-deterministic-state-lower-bound-for-one-way-liveness-September-25-2026	preprints/An-exponential-two-way-deterministic-state-lower-bound-for-one-way-liveness-September-25-2026/main.pdf	1
130	An-explicit-power-saving-for-the-exact-discrete-Fourier-transform-September-25-2026	preprints/An-explicit-power-saving-for-the-exact-discrete-Fourier-transform-September-25-2026/main.pdf	0
130	Finite-tensor-savings-and-exact-Fourier-circuits-September-25-2026	preprints/Finite-tensor-savings-and-exact-Fourier-circuits-September-25-2026/main.pdf	1
131	Polynomial-Mixing-of-the-Switch-Chain-for-Every-Graphical-Degree-Sequence-September-25-2026	preprints/Polynomial-Mixing-of-the-Switch-Chain-for-Every-Graphical-Degree-Sequence-September-25-2026/main.pdf	0
132	A-superquadratic-separation-between-sensitivity-and-block-sensitivity-September-25-2026	preprints/A-superquadratic-separation-between-sensitivity-and-block-sensitivity-September-25-2026/paper.pdf	1
133	Parity-lifts-and-bounded-treewidth-witnesses-for-Weisfeiler-Leman-equivalence-September-25-2026	preprints/Parity-lifts-and-bounded-treewidth-witnesses-for-Weisfeiler-Leman-equivalence-September-25-2026/paper.pdf	0
133	The-complexity-of-identifying-a-graph-by-Weisfeiler-Leman-refinement-September-25-2026	preprints/The-complexity-of-identifying-a-graph-by-Weisfeiler-Leman-refinement-September-25-2026/paper.pdf	0
133	Unconditional-time-lower-bounds-for-Weisfeiler-Leman-equivalence-September-25-2026	preprints/Unconditional-time-lower-bounds-for-Weisfeiler-Leman-equivalence-September-25-2026/paper.pdf	0
133	Variable-dimension-Weisfeiler-Leman-equivalence-on-general-and-subcubic-graphs-September-25-2026	preprints/Variable-dimension-Weisfeiler-Leman-equivalence-on-general-and-subcubic-graphs-September-25-2026/paper.pdf	0
134	Finite-Monoid-Computations-and-a-Uniform-Generalized-Star-Height-Bound-September-25-2026	preprints/Finite-Monoid-Computations-and-a-Uniform-Generalized-Star-Height-Bound-September-25-2026/Finite-Monoid-Computations-and-a-Uniform-Generalized-Star-Height-Bound-September-25-2026.pdf	0
134	Generalized-Star-Height-at-Most-Four-September-25-2026	preprints/Generalized-Star-Height-at-Most-Four-September-25-2026/Generalized-Star-Height-at-Most-Four-September-25-2026.pdf	0
134	Generalized-Star-Height-at-Most-Three-September-25-2026	preprints/Generalized-Star-Height-at-Most-Three-September-25-2026/article.pdf	0
135	Homogeneous-depth-five-lower-bounds-for-iterated-matrix-multiplication-September-25-2026	preprints/Homogeneous-depth-five-lower-bounds-for-iterated-matrix-multiplication-September-25-2026/Homogeneous-depth-five-lower-bounds-for-iterated-matrix-multiplication-September-25-2026.pdf	0
136	The-PCP-for-PPAD-conjecture-a-quasilinear-reduction-September-25-2026	preprints/The-PCP-for-PPAD-conjecture-a-quasilinear-reduction-September-25-2026/paper.pdf	0
137	Simulating-One-Tape-Time-in-Two-Fifths-Power-Space-September-25-2026	preprints/Simulating-One-Tape-Time-in-Two-Fifths-Power-Space-September-25-2026/article.pdf	0
138	A-Low-Space-Algorithm-for-Worst-Case-Subset-Sum-September-26-2026	preprints/A-Low-Space-Algorithm-for-Worst-Case-Subset-Sum-September-26-2026/paper.pdf	0
138	Subset-Sum-in-Time-2-power-0-49n-October-4-2026	preprints/Subset-Sum-in-Time-2-power-0-49n-October-4-2026/subset-sum.pdf	0
139	Subpolynomial-query-complexity-for-well-conditioned-log-concave-sampling-September-26-2026	preprints/Subpolynomial-query-complexity-for-well-conditioned-log-concave-sampling-September-26-2026/article.pdf	1
140	Localization-costs-and-information-growth-for-exact-Gaussian-observations-September-27-2026	preprints/Localization-costs-and-information-growth-for-exact-Gaussian-observations-September-27-2026/paper.pdf	0
140	Memory-and-precision-in-noiseless-Gaussian-regression-September-27-2026	preprints/Memory-and-precision-in-noiseless-Gaussian-regression-September-27-2026/paper.pdf	1
140	Posterior-replicas-and-conditional-information-in-Gaussian-regression-September-27-2026	preprints/Posterior-replicas-and-conditional-information-in-Gaussian-regression-September-27-2026/paper.pdf	1
140	Projection-moments-positive-cap-domination-and-Riesz-estimates-on-the-sphere-September-27-2026	preprints/Projection-moments-positive-cap-domination-and-Riesz-estimates-on-the-sphere-September-27-2026/paper.pdf	1
140	Replacing-Gaussian-observations-in-memory-constrained-inference-September-27-2026	preprints/Replacing-Gaussian-observations-in-memory-constrained-inference-September-27-2026/paper.pdf	1
140	Subsphere-methods-for-memory-sample-lower-bounds-in-noiseless-Gaussian-regression-September-27-2026	preprints/Subsphere-methods-for-memory-sample-lower-bounds-in-noiseless-Gaussian-regression-September-27-2026/paper.pdf	1
141	Existential-universal-real-sentences-in-the-counting-hierarchy-October-4-2026	preprints/Existential-universal-real-sentences-in-the-counting-hierarchy-October-4-2026/etr-counting-hierarchy.pdf	0
142	Deterministic-Polynomial-Factorization-over-Prime-Fields-October-4-2026	preprints/Deterministic-Polynomial-Factorization-over-Prime-Fields-October-4-2026/Deterministic-Polynomial-Factorization-over-Prime-Fields.pdf	0
143	two-limit-cycles-for-quintic-lienard-systems-September-24-2026	preprints/two-limit-cycles-for-quintic-lienard-systems-September-24-2026/two-limit-cycles-for-quintic-lienard-systems-September-24-2026.pdf	1
143	uniform-bounds-for-planar-polynomial-limit-cycles-September-24-2026	preprints/uniform-bounds-for-planar-polynomial-limit-cycles-September-24-2026/uniform-bounds-for-planar-polynomial-limit-cycles-September-24-2026.pdf	0
144	A-smooth-three-torus-diffeomorphism-with-simple-Lebesgue-spectrum-September-23-2026	preprints/A-smooth-three-torus-diffeomorphism-with-simple-Lebesgue-spectrum-September-23-2026/paper.pdf	0
145	Rokhlins-multiple-mixing-problem-for-one-transformation-September-23-2026	preprints/Rokhlins-multiple-mixing-problem-for-one-transformation-September-23-2026/paper.pdf	0
146	Positive-Metric-Entropy-for-the-Standard-Map-at-Large-Parameters-September-23-2026	preprints/Positive-Metric-Entropy-for-the-Standard-Map-at-Large-Parameters-September-23-2026/paper.pdf	0
147	Continuous-Phase-Foliations-Create-Analytic-Caustic-Collars-September-24-2026	preprints/Continuous-Phase-Foliations-Create-Analytic-Caustic-Collars-September-24-2026/paper.pdf	0
147	Rigidity-of-Smooth-Billiards-with-a-Continuous-Caustic-Collar-September-24-2026	preprints/Rigidity-of-Smooth-Billiards-with-a-Continuous-Caustic-Collar-September-24-2026/paper.pdf	0
148	The-entropy-rate-dimension-formula-for-self-similar-measures-on-the-line-September-24-2026	preprints/The-entropy-rate-dimension-formula-for-self-similar-measures-on-the-line-September-24-2026/main.pdf	1
149	Boundedness-and-persistence-of-weakly-reversible-mass-action-systems-September-25-2026	preprints/Boundedness-and-persistence-of-weakly-reversible-mass-action-systems-September-25-2026/paper.pdf	0
149	Uniform-Permanence-in-Weakly-Reversible-Mass-Action-Systems-October-5-2026	preprints/Uniform-Permanence-in-Weakly-Reversible-Mass-Action-Systems-October-5-2026/permanence.pdf	0
150	Ergodicity-of-triangular-billiards-with-an-irrational-angle-September-25-2026	preprints/Ergodicity-of-triangular-billiards-with-an-irrational-angle-September-25-2026/Ergodicity-of-triangular-billiards-with-an-irrational-angle-September-25-2026.pdf	0
150	Weak-mixing-of-triangular-billiards-with-an-irrational-angle-October-5-2026	preprints/Weak-mixing-of-triangular-billiards-with-an-irrational-angle-October-5-2026/weak-mixing-triangular-billiards.pdf	0
151	A-C1-Counterexample-to-the-Entropy-Conjecture-September-25-2026	preprints/A-C1-Counterexample-to-the-Entropy-Conjecture-September-25-2026/article.pdf	0
152	A-finite-entropy-system-without-a-smooth-positive-volume-model-September-25-2026	preprints/A-finite-entropy-system-without-a-smooth-positive-volume-model-September-25-2026/paper.pdf	0
153	Arithmetic-classification-and-non-Pisot-singularity-for-Bernoulli-convolutions-October-3-2026	preprints/Arithmetic-classification-and-non-Pisot-singularity-for-Bernoulli-convolutions-October-3-2026/paper.pdf	0
154	Pointwise-Multiple-Ergodic-Averages-for-Mixing-Transformations-October-4-2026	preprints/Pointwise-Multiple-Ergodic-Averages-for-Mixing-Transformations-October-4-2026/multiple-ergodic-averages.pdf	0
154	Pointwise-convergence-of-fourfold-ergodic-averages-for-mixing-transformations-October-4-2026	preprints/Pointwise-convergence-of-fourfold-ergodic-averages-for-mixing-transformations-October-4-2026/fourfold-ergodic-averages.pdf	0
154	Pointwise-convergence-of-triple-ergodic-averages-for-mixing-transformations-October-4-2026	preprints/Pointwise-convergence-of-triple-ergodic-averages-for-mixing-transformations-October-4-2026/pointwise-triple-ergodic-averages-mixing-transformations.pdf	0
154	Triple-ergodic-averages-with-distinct-integer-slopes-October-4-2026	preprints/Triple-ergodic-averages-with-distinct-integer-slopes-October-4-2026/triple-ergodic-distinct-slopes.pdf	0
155	A-translational-tile-with-no-fully-periodic-tiling-in-dimension-three-September-23-2026	preprints/A-translational-tile-with-no-fully-periodic-tiling-in-dimension-three-September-23-2026/paper.pdf	1
156	A-nine-dimensional-counterexample-to-Borsuks-covering-assertion-September-23-2026	preprints/A-nine-dimensional-counterexample-to-Borsuks-covering-assertion-September-23-2026/paper.pdf	1
157	A-counterexample-to-Hadwigers-conjecture-September-23-2026	preprints/A-counterexample-to-Hadwigers-conjecture-September-23-2026/paper.pdf	0
157	A-counterexample-to-the-Colin-de-Verdiere-chromatic-conjecture-September-23-2026	preprints/A-counterexample-to-the-Colin-de-Verdiere-chromatic-conjecture-September-23-2026/paper.pdf	0
157	A-linear-list-coloring-bound-in-terms-of-the-Hadwiger-number-September-23-2026	preprints/A-linear-list-coloring-bound-in-terms-of-the-Hadwiger-number-September-23-2026/paper.pdf	0
158	The-Euclidean-plane-is-not-five-colorable-September-23-2026	preprints/The-Euclidean-plane-is-not-five-colorable-September-23-2026/paper.pdf	1
159	Quasipolynomial-Bounds-for-Arithmetic-Progressions-September-23-2026	preprints/Quasipolynomial-Bounds-for-Arithmetic-Progressions-September-23-2026/paper.pdf	0
160	Quantitative-Superexponential-Bounds-for-van-der-Waerden-Numbers-September-23-2026	preprints/Quantitative-Superexponential-Bounds-for-van-der-Waerden-Numbers-September-23-2026/paper.pdf	1
161	A-counterexample-to-Sidorenkos-conjecture-September-23-2026	preprints/A-counterexample-to-Sidorenkos-conjecture-September-23-2026/paper.pdf	0
162	A-Counterexample-to-Rysers-Covering-Conjecture-September-23-2026	preprints/A-Counterexample-to-Rysers-Covering-Conjecture-September-23-2026/paper.pdf	1
162	Balanced-Counterexamples-to-Rysers-Conjecture-at-Prime-Orders-September-27-2026	preprints/Balanced-Counterexamples-to-Rysers-Conjecture-at-Prime-Orders-September-27-2026/paper.pdf	0
164	Monochromatic-finite-sums-and-products-in-the-positive-integers-September-23-2026	preprints/Monochromatic-finite-sums-and-products-in-the-positive-integers-September-23-2026/paper.pdf	0
165	The-crossing-number-of-complete-bipartite-graphs-September-23-2026	preprints/The-crossing-number-of-complete-bipartite-graphs-September-23-2026/paper.pdf	1
165	The-crossing-number-of-complete-graphs-September-23-2026	preprints/The-crossing-number-of-complete-graphs-September-23-2026/paper.pdf	1
166	The-higher-dimensional-Erdos-distinct-distances-conjecture-September-23-2026	preprints/The-higher-dimensional-Erdos-distinct-distances-conjecture-September-23-2026/paper.pdf	0
167	A-power-saving-for-planar-unit-distances-September-23-2026	preprints/A-power-saving-for-planar-unit-distances-September-23-2026/paper.pdf	0
167	The-weak-pinned-planar-distance-theorem-September-23-2026	preprints/The-weak-pinned-planar-distance-theorem-September-23-2026/paper.pdf	1
168	Combinatorial-Invariance-of-Kazhdan-Lusztig-Polynomials-September-24-2026	preprints/Combinatorial-Invariance-of-Kazhdan-Lusztig-Polynomials-September-24-2026/paper.pdf	0
169	Elementary-Positivity-of-Chromatic-Quasisymmetric-Functions-September-24-2026	preprints/Elementary-Positivity-of-Chromatic-Quasisymmetric-Functions-September-24-2026/paper.pdf	0
170	Sharp-Logarithmic-Exponents-for-Fixed-Off-Diagonal-Ramsey-Numbers-September-24-2026	preprints/Sharp-Logarithmic-Exponents-for-Fixed-Off-Diagonal-Ramsey-Numbers-September-24-2026/paper.pdf	0
170	The-Sharp-Logarithmic-Exponent-of-r-5-t-September-24-2026	preprints/The-Sharp-Logarithmic-Exponent-of-r-5-t-September-24-2026/paper.pdf	0
171	The-hypercube-Ramsey-number-has-linear-order-September-23-2026	preprints/The-hypercube-Ramsey-number-has-linear-order-September-23-2026/paper.pdf	0
172	A-classification-of-finite-Euclidean-Ramsey-configurations-September-23-2026	preprints/A-classification-of-finite-Euclidean-Ramsey-configurations-September-23-2026/paper.pdf	1
173	A-proof-of-Seymours-second-neighborhood-conjecture-September-23-2026	preprints/A-proof-of-Seymours-second-neighborhood-conjecture-September-23-2026/paper.pdf	1
174	A-polynomial-time-construction-of-strong-thin-trees-September-23-2026	preprints/A-polynomial-time-construction-of-strong-thin-trees-September-23-2026/paper.pdf	0
174	The-strong-thin-tree-conjecture-September-23-2026	preprints/The-strong-thin-tree-conjecture-September-23-2026/paper.pdf	1
175	Graph-Decompositions-at-the-Integral-Expectation-Threshold-October-5-2026	preprints/Graph-Decompositions-at-the-Integral-Expectation-Threshold-October-5-2026/graph-threshold-decompositions.pdf	0
175	Integral-and-fractional-expectation-thresholds-are-equivalent-September-23-2026	preprints/Integral-and-fractional-expectation-thresholds-are-equivalent-September-23-2026/paper.pdf	1
175	Talagrands-discrete-convexity-conjecture-September-23-2026	preprints/Talagrands-discrete-convexity-conjecture-September-23-2026/paper.pdf	1
176	The-second-Kahn-Kalai-conjecture-September-24-2026	preprints/The-second-Kahn-Kalai-conjecture-September-24-2026/paper.pdf	1
177	Bounded-degree-coboundary-expanders-in-every-dimension-September-24-2026	preprints/Bounded-degree-coboundary-expanders-in-every-dimension-September-24-2026/paper.pdf	0
178	Deterministic-nonbipartite-Ramanujan-graphs-in-every-fixed-degree-September-23-2026	preprints/Deterministic-nonbipartite-Ramanujan-graphs-in-every-fixed-degree-September-23-2026/paper.pdf	0
179	The-circulant-Hadamard-conjecture-September-23-2026	preprints/The-circulant-Hadamard-conjecture-September-23-2026/paper.pdf	1
180	Paired-states-and-Hamiltonian-cycles-in-cubic-bipartite-planar-graphs-September-24-2026	preprints/Paired-states-and-Hamiltonian-cycles-in-cubic-bipartite-planar-graphs-September-24-2026/paper.pdf	0
181	A-linear-cycle-and-edge-decomposition-of-every-graph-September-24-2026	preprints/A-linear-cycle-and-edge-decomposition-of-every-graph-September-24-2026/main.pdf	1
182	A-Power-Saving-for-Polynomial-Differences-at-Prime-Arguments-October-5-2026	preprints/A-Power-Saving-for-Polynomial-Differences-at-Prime-Arguments-October-5-2026/prime-argument-polynomial-differences.pdf	0
182	A-power-saving-for-intersective-polynomial-differences-with-an-exponent-depending-only-on-the-degree-October-5-2026	preprints/A-power-saving-for-intersective-polynomial-differences-with-an-exponent-depending-only-on-the-degree-October-5-2026/power-saving-intersective-polynomial-differences.pdf	0
182	A-power-saving-for-square-difference-free-sets-September-24-2026	preprints/A-power-saving-for-square-difference-free-sets-September-24-2026/paper.pdf	0
183	A-power-saving-for-planar-halving-lines-September-25-2026	preprints/A-power-saving-for-planar-halving-lines-September-25-2026/main.pdf	0
184	A-Logarithmic-Independence-Bound-for-Clique-Free-Graphs-September-25-2026	preprints/A-Logarithmic-Independence-Bound-for-Clique-Free-Graphs-September-25-2026/paper.pdf	1
184	Correspondence-Coloring-Graphs-with-a-Forbidden-Clique-October-5-2026	preprints/Correspondence-Coloring-Graphs-with-a-Forbidden-Clique-October-5-2026/correspondence-coloring-forbidden-clique.pdf	0
185	A-Counterexample-to-the-Infinite-Matroid-Packing-Covering-Conjecture-September-24-2026	preprints/A-Counterexample-to-the-Infinite-Matroid-Packing-Covering-Conjecture-September-24-2026/paper.pdf	1
186	A-Sharp-Threshold-Bound-for-Monotone-Graph-Properties-September-25-2026	preprints/A-Sharp-Threshold-Bound-for-Monotone-Graph-Properties-September-25-2026/paper.pdf	0
186	A-uniform-influence-bound-for-hypergraph-properties-October-5-2026	preprints/A-uniform-influence-bound-for-hypergraph-properties-October-5-2026/hypergraph-influences.pdf	0
187	Snaky-in-21-Maker-moves-September-25-2026	preprints/Snaky-in-21-Maker-moves-September-25-2026/article.pdf	0
188	The-Sharp-Terminal-Leave-in-Random-Triangle-Removal-September-25-2026	preprints/The-Sharp-Terminal-Leave-in-Random-Triangle-Removal-September-25-2026/The-Sharp-Terminal-Leave-in-Random-Triangle-Removal-September-25-2026.pdf	0
189	Cycle-clique-Ramsey-numbers-September-25-2026	preprints/Cycle-clique-Ramsey-numbers-September-25-2026/Cycle-clique-Ramsey-numbers-September-25-2026.pdf	0
190	Polynomial-removal-fails-for-ordered-binary-matrices-September-25-2026	preprints/Polynomial-removal-fails-for-ordered-binary-matrices-September-25-2026/paper.pdf	1
191	A-power-improvement-in-the-Heilbronn-triangle-lower-bound-September-25-2026	preprints/A-power-improvement-in-the-Heilbronn-triangle-lower-bound-September-25-2026/main.pdf	0
192	Unbounded-Violations-of-the-Square-Root-Degree-Bound-September-26-2026	preprints/Unbounded-Violations-of-the-Square-Root-Degree-Bound-September-26-2026/Unbounded-Violations-of-the-Square-Root-Degree-Bound-September-26-2026.pdf	0
193	Positivity-of-Serres-Intersection-Multiplicity-September-23-2026	preprints/Positivity-of-Serres-Intersection-Multiplicity-September-23-2026/paper.pdf	0
194	Lechs-multiplicity-conjecture-September-23-2026	preprints/Lechs-multiplicity-conjecture-September-23-2026/paper.pdf	0
195	A-Complete-Local-Domain-Without-a-Small-Cohen-Macaulay-Module-September-23-2026	preprints/A-Complete-Local-Domain-Without-a-Small-Cohen-Macaulay-Module-September-23-2026/paper.pdf	0
196	A-Torsion-Free-Group-Algebra-with-Zero-Divisors-September-23-2026	preprints/A-Torsion-Free-Group-Algebra-with-Zero-Divisors-September-23-2026/paper.pdf	1
197	A-Counterexample-to-Kaplanskys-Direct-Finiteness-Conjecture-in-Characteristic-Two-September-23-2026	preprints/A-Counterexample-to-Kaplanskys-Direct-Finiteness-Conjecture-in-Characteristic-Two-September-23-2026/paper.pdf	1
197	A-Counterexample-to-Kaplanskys-Direct-Finiteness-Conjecture-in-Odd-Characteristic-September-26-2026	preprints/A-Counterexample-to-Kaplanskys-Direct-Finiteness-Conjecture-in-Odd-Characteristic-September-26-2026/paper.pdf	1
197	A-Counterexample-to-the-Group-Ring-Determinant-Conjecture-September-23-2026	preprints/A-Counterexample-to-the-Group-Ring-Determinant-Conjecture-September-23-2026/paper.pdf	1
197	A-Torsion-Free-Group-Algebra-That-Is-Not-Directly-Finite-October-4-2026	preprints/A-Torsion-Free-Group-Algebra-That-Is-Not-Directly-Finite-October-4-2026/direct-finiteness.pdf	0
198	An-algebra-of-infinite-little-finitistic-dimension-September-23-2026	preprints/An-algebra-of-infinite-little-finitistic-dimension-September-23-2026/paper.pdf	1
199	A-counterexample-to-Tachikawas-second-conjecture-September-23-2026	preprints/A-counterexample-to-Tachikawas-second-conjecture-September-23-2026/paper.pdf	1
199	An-explicit-counterexample-to-the-Auslander-Reiten-conjecture-September-23-2026	preprints/An-explicit-counterexample-to-the-Auslander-Reiten-conjecture-September-23-2026/paper.pdf	1
200	Commuting-Division-Coefficient-Forms-and-the-Artinian-Eisenbud-Green-Harris-Conjecture-September-23-2026	preprints/Commuting-Division-Coefficient-Forms-and-the-Artinian-Eisenbud-Green-Harris-Conjecture-September-23-2026/paper.pdf	0
200	The-Artinian-Lex-Plus-Powers-Betti-Theorem-September-23-2026	preprints/The-Artinian-Lex-Plus-Powers-Betti-Theorem-September-23-2026/paper.pdf	0
201	A-Counterexample-to-Kuroshs-Division-Ring-Problem-September-23-2026	preprints/A-Counterexample-to-Kuroshs-Division-Ring-Problem-September-23-2026/paper.pdf	0
202	The-Blockwise-Alperin-Weight-Conjecture-September-23-2026	preprints/The-Blockwise-Alperin-Weight-Conjecture-September-23-2026/paper.pdf	0
203	Donovans-Conjecture-over-Algebraic-Closures-of-Prime-Fields-September-24-2026	preprints/Donovans-Conjecture-over-Algebraic-Closures-of-Prime-Fields-September-24-2026/main.pdf	0
203	Integral-Donovan-Finiteness-over-Witt-Vectors-September-25-2026	preprints/Integral-Donovan-Finiteness-over-Witt-Vectors-September-25-2026/main.pdf	0
204	Tensor-Saturation-for-Even-Spin-Groups-September-24-2026	preprints/Tensor-Saturation-for-Even-Spin-Groups-September-24-2026/Tensor-Saturation-for-Even-Spin-Groups-September-24-2026.pdf	0
205	A-Cyclic-Polytabloid-Proof-of-Saxls-Conjecture-September-24-2026	preprints/A-Cyclic-Polytabloid-Proof-of-Saxls-Conjecture-September-24-2026/paper.pdf	1
205	Universal-Tensor-Squares-for-Symmetric-Groups-September-24-2026	preprints/Universal-Tensor-Squares-for-Symmetric-Groups-September-24-2026/main.pdf	0
206	A-Negative-Solution-to-the-Finite-Lattice-Representation-Problem-September-24-2026	preprints/A-Negative-Solution-to-the-Finite-Lattice-Representation-Problem-September-24-2026/paper.pdf	0
206	Finite-Congruence-Lattices-Characterization-and-Undecidability-September-24-2026	preprints/Finite-Congruence-Lattices-Characterization-and-Undecidability-September-24-2026/paper.pdf	0
207	The-Bass-trace-conjecture-for-complex-group-rings-September-24-2026	preprints/The-Bass-trace-conjecture-for-complex-group-rings-September-24-2026/The-Bass-trace-conjecture-for-complex-group-rings-September-24-2026.pdf	1
207	The-l1-Bass-Conjecture-for-Discrete-Groups-October-5-2026	preprints/The-l1-Bass-Conjecture-for-Discrete-Groups-October-5-2026/l1-bass-conjecture.pdf	0
208	Fiber-functors-for-finite-symmetric-tensor-categories-in-positive-characteristic-September-24-2026	preprints/Fiber-functors-for-finite-symmetric-tensor-categories-in-positive-characteristic-September-24-2026/paper.pdf	0
209	An-Integral-Counterexample-to-Gerstens-Conjecture-September-25-2026	preprints/An-Integral-Counterexample-to-Gerstens-Conjecture-September-25-2026/An-Integral-Counterexample-to-Gerstens-Conjecture-September-25-2026.pdf	0
209	An-Integral-Degree-Three-Gersten-Counterexample-September-26-2026	preprints/An-Integral-Degree-Three-Gersten-Counterexample-September-26-2026/paper.pdf	0
210	Foulkes-Conjecture-for-the-Sixth-Symmetric-Power-September-25-2026	preprints/Foulkes-Conjecture-for-the-Sixth-Symmetric-Power-September-25-2026/main.pdf	0
210	Quadratic-Stabilization-of-the-Canonical-Foulkes-Howe-Map-September-25-2026	preprints/Quadratic-Stabilization-of-the-Canonical-Foulkes-Howe-Map-September-25-2026/paper.pdf	1
211	A-Linear-Clock-for-Random-Walk-on-Tree-Weighted-Planar-Maps-October-5-2026	preprints/A-Linear-Clock-for-Random-Walk-on-Tree-Weighted-Planar-Maps-October-5-2026/linear-clock-random-walk-tree-weighted-planar-maps.pdf	0
211	Brownian-continuum-random-tree-limits-of-finite-Fortuin-Kasteleyn-maps-above-four-September-24-2026	preprints/Brownian-continuum-random-tree-limits-of-finite-Fortuin-Kasteleyn-maps-above-four-September-24-2026/main.pdf	0
211	Canonical-conformal-limits-of-subcritical-FK-planar-maps-September-24-2026	preprints/Canonical-conformal-limits-of-subcritical-FK-planar-maps-September-24-2026/main.pdf	0
211	Metric-measure-limits-of-subcritical-FK-and-spanning-tree-planar-maps-September-24-2026	preprints/Metric-measure-limits-of-subcritical-FK-and-spanning-tree-planar-maps-September-24-2026/main.pdf	0
211	Random-Walks-on-Critical-FK-Ising-Maps-and-Liouville-Brownian-Motion-October-5-2026	preprints/Random-Walks-on-Critical-FK-Ising-Maps-and-Liouville-Brownian-Motion-October-5-2026/fk-ising-walk-limit.pdf	0
211	Spectral-convergence-for-critical-FK-Ising-planar-maps-October-5-2026	preprints/Spectral-convergence-for-critical-FK-Ising-planar-maps-October-5-2026/spectral-convergence-critical-fk-ising-planar-maps.pdf	0
211	The-critical-Liouville-quantum-sphere-and-geometric-limits-of-FK-maps-at-q-equals-4-September-24-2026	preprints/The-critical-Liouville-quantum-sphere-and-geometric-limits-of-FK-maps-at-q-equals-4-September-24-2026/main.pdf	0
212	No-bigeodesics-in-planar-first-passage-percolation-September-24-2026	preprints/No-bigeodesics-in-planar-first-passage-percolation-September-24-2026/main.pdf	0
212	Strict-convexity-and-differentiability-of-the-planar-exponential-first-passage-limit-shape-September-24-2026	preprints/Strict-convexity-and-differentiability-of-the-planar-exponential-first-passage-limit-shape-September-24-2026/main.pdf	1
213	Critical-bond-and-site-percolation-on-the-cubic-lattice-September-24-2026	preprints/Critical-bond-and-site-percolation-on-the-cubic-lattice-September-24-2026/paper.pdf	1
213	No-percolation-at-criticality-on-quasi-transitive-graphs-September-24-2026	preprints/No-percolation-at-criticality-on-quasi-transitive-graphs-September-24-2026/paper.pdf	0
214	Nonuniqueness-of-percolation-on-nonamenable-quasi-transitive-graphs-September-24-2026	preprints/Nonuniqueness-of-percolation-on-nonamenable-quasi-transitive-graphs-September-24-2026/paper.pdf	0
215	An-Isolated-Particle-Pole-for-the-Two-Dimensional-O3-Spin-Field-October-4-2026	preprints/An-Isolated-Particle-Pole-for-the-Two-Dimensional-O3-Spin-Field-October-4-2026/o3-particle-pole.pdf	0
215	Exact-mass-asymptotics-for-the-two-dimensional-O4-lattice-model-October-5-2026	preprints/Exact-mass-asymptotics-for-the-two-dimensional-O4-lattice-model-October-5-2026/exact-mass-o4.pdf	0
215	Exponential-decay-in-two-dimensional-classical-On-models-September-23-2026	preprints/Exponential-decay-in-two-dimensional-classical-On-models-September-23-2026/paper.pdf	1
215	Sharp-mass-bounds-for-the-two-dimensional-O4-model-September-23-2026	preprints/Sharp-mass-bounds-for-the-two-dimensional-O4-model-September-23-2026/paper.pdf	0
215	The-canonical-massive-continuum-limit-of-the-two-dimensional-O3-model-October-4-2026	preprints/The-canonical-massive-continuum-limit-of-the-two-dimensional-O3-model-October-4-2026/massive-continuum-o3.pdf	0
216	BKT-universality-for-height-and-planar-spin-fields-September-24-2026	preprints/BKT-universality-for-height-and-planar-spin-fields-September-24-2026/paper.pdf	0
216	Critical-Center-Magnetization-in-the-Planar-XY-Model-October-5-2026	preprints/Critical-Center-Magnetization-in-the-Planar-XY-Model-October-5-2026/paper.pdf	0
216	Essential-Singularity-of-the-Correlation-Length-in-the-Planar-XY-Model-October-5-2026	preprints/Essential-Singularity-of-the-Correlation-Length-in-the-Planar-XY-Model-October-5-2026/paper.pdf	0
216	The-Critical-Spin-Field-of-the-Planar-XY-Model-October-5-2026	preprints/The-Critical-Spin-Field-of-the-Planar-XY-Model-October-5-2026/paper.pdf	0
216	The-critical-correlation-exponent-of-the-planar-XY-model-September-24-2026	preprints/The-critical-correlation-exponent-of-the-planar-XY-model-September-24-2026/paper.pdf	0
216	The-critical-logarithmic-correction-for-the-planar-XY-model-October-5-2026	preprints/The-critical-logarithmic-correction-for-the-planar-XY-model-October-5-2026/paper.pdf	0
217	The-low-temperature-Sherrington-Kirkpatrick-fluctuation-scale-September-24-2026	preprints/The-low-temperature-Sherrington-Kirkpatrick-fluctuation-scale-September-24-2026/The-low-temperature-Sherrington-Kirkpatrick-fluctuation-scale-September-24-2026.pdf	0
217	The-low-temperature-Sherrington-Kirkpatrick-free-energy-limiting-law-September-24-2026	preprints/The-low-temperature-Sherrington-Kirkpatrick-free-energy-limiting-law-September-24-2026/The-low-temperature-Sherrington-Kirkpatrick-free-energy-limiting-law-September-24-2026.pdf	0
218	Buffered-comparison-and-stopping-band-resolution-in-critical-Ising-September-23-2026	preprints/Buffered-comparison-and-stopping-band-resolution-in-critical-Ising-September-23-2026/paper.pdf	0
218	Conformal-universality-of-bulk-Ising-correlations-under-weak-interactions-September-23-2026	preprints/Conformal-universality-of-bulk-Ising-correlations-under-weak-interactions-September-23-2026/paper.pdf	0
218	Logarithmic-Relative-Fluctuations-in-the-Weakly-Disordered-Planar-Ising-Model-October-5-2026	preprints/Logarithmic-Relative-Fluctuations-in-the-Weakly-Disordered-Planar-Ising-Model-October-5-2026/critical-relative-second-moment-weak-random-bond-ising.pdf	0
218	Quenched-SLE3-Universality-for-the-Weak-Random-Bond-Ising-Model-October-5-2026	preprints/Quenched-SLE3-Universality-for-the-Weak-Random-Bond-Ising-Model-October-5-2026/quenched-sle3-weak-random-bond-ising.pdf	0
218	Quenched-SLE3-limits-for-general-weak-random-bond-Ising-models-October-5-2026	preprints/Quenched-SLE3-limits-for-general-weak-random-bond-Ising-models-October-5-2026/general-weak-random-bond-ising.pdf	0
218	SLE3-universality-for-weak-finite-range-Ising-interactions-September-23-2026	preprints/SLE3-universality-for-weak-finite-range-Ising-interactions-September-23-2026/paper.pdf	0
219	Fixed-energy-universality-for-weak-Anderson-disorder-on-random-regular-graphs-October-5-2026	preprints/Fixed-energy-universality-for-weak-Anderson-disorder-on-random-regular-graphs-October-5-2026/fixed-energy-universality-weak-anderson-disorder-random-regular-graphs.pdf	0
219	GOE-bulk-universality-for-fixed-degree-random-regular-graphs-September-23-2026	preprints/GOE-bulk-universality-for-fixed-degree-random-regular-graphs-September-23-2026/paper.pdf	0
220	A-directional-zero-one-law-for-finite-range-dependent-random-environments-October-5-2026	preprints/A-directional-zero-one-law-for-finite-range-dependent-random-environments-October-5-2026/directional-zero-one-finite-range.pdf	0
220	A-directional-zero-one-law-under-strict-ellipticity-September-23-2026	preprints/A-directional-zero-one-law-under-strict-ellipticity-September-23-2026/paper.pdf	0
220	Directional-transience-implies-ballisticity-September-23-2026	preprints/Directional-transience-implies-ballisticity-September-23-2026/paper.pdf	1
221	The-Mezard-Parisi-formula-for-diluted-spin-glasses-September-23-2026	preprints/The-Mezard-Parisi-formula-for-diluted-spin-glasses-September-23-2026/paper.pdf	0
222	Microscopic-jamming-in-the-negative-spherical-perceptron-September-24-2026	preprints/Microscopic-jamming-in-the-negative-spherical-perceptron-September-24-2026/Microscopic-jamming-in-the-negative-spherical-perceptron-September-24-2026.pdf	0
222	The-free-energy-of-the-Ising-random-perceptron-September-24-2026	preprints/The-free-energy-of-the-Ising-random-perceptron-September-24-2026/The-free-energy-of-the-Ising-random-perceptron-September-24-2026.pdf	0
222	The-free-energy-of-the-spherical-random-perceptron-September-24-2026	preprints/The-free-energy-of-the-spherical-random-perceptron-September-24-2026/The-free-energy-of-the-spherical-random-perceptron-September-24-2026.pdf	0
222	The-spherical-perceptron-with-bi-orthogonally-invariant-disorder-September-24-2026	preprints/The-spherical-perceptron-with-bi-orthogonally-invariant-disorder-September-24-2026/The-spherical-perceptron-with-bi-orthogonally-invariant-disorder-September-24-2026.pdf	0
223	Conformal-Limits-of-Critical-Square-Lattice-Random-Cluster-Interfaces-October-5-2026	preprints/Conformal-Limits-of-Critical-Square-Lattice-Random-Cluster-Interfaces-October-5-2026/paper.pdf	0
223	Natural-Occupation-Measures-for-Critical-Square-Lattice-FK-Interfaces-October-5-2026	preprints/Natural-Occupation-Measures-for-Critical-Square-Lattice-FK-Interfaces-October-5-2026/natural-occupation-measures-critical-square-lattice-fk-interfaces.pdf	0
223	Quenched-SLE-Universality-for-Weakly-Disordered-FK-Ising-Interfaces-October-5-2026	preprints/Quenched-SLE-Universality-for-Weakly-Disordered-FK-Ising-Interfaces-October-5-2026/quenched-fk-ising.pdf	0
223	Self-dual-random-cluster-interfaces-below-one-September-23-2026	preprints/Self-dual-random-cluster-interfaces-below-one-September-23-2026/paper.pdf	0
223	Square-lattice-FK-interfaces-and-nested-loops-for-1-leq-q-lt-4-September-23-2026	preprints/Square-lattice-FK-interfaces-and-nested-loops-for-1-leq-q-lt-4-September-23-2026/paper.pdf	0
223	Thermal-FK-Ising-interfaces-and-massive-SLE-October-5-2026	preprints/Thermal-FK-Ising-interfaces-and-massive-SLE-October-5-2026/paper.pdf	0
224	A-Pivotal-Amplitude-for-Voronoi-Percolation-from-Cardys-Formula-October-5-2026	preprints/A-Pivotal-Amplitude-for-Voronoi-Percolation-from-Cardys-Formula-October-5-2026/voronoi-pivotal-amplitude.pdf	0
224	Cardys-formula-for-critical-Poisson-Voronoi-percolation-September-23-2026	preprints/Cardys-formula-for-critical-Poisson-Voronoi-percolation-September-23-2026/paper.pdf	0
224	From-critical-crossings-to-quenched-near-critical-universality-in-Voronoi-percolation-October-5-2026	preprints/From-critical-crossings-to-quenched-near-critical-universality-in-Voronoi-percolation-October-5-2026/critical-crossings-quenched-near-critical-universality-voronoi-percolation.pdf	0
225	The-Gaussian-free-field-limit-of-the-balanced-six-vertex-model-with-variance-multiplier-1-over-arcsin-c-over-2-September-23-2026	preprints/The-Gaussian-free-field-limit-of-the-balanced-six-vertex-model-with-variance-multiplier-1-over-arcsin-c-over-2-September-23-2026/The-Gaussian-free-field-limit-of-the-balanced-six-vertex-model-with-variance-multiplier-1-over-arcsin-c-over-2-September-23-2026.pdf	0
226	The-curve-scaling-limit-of-half-plane-double-dimers-September-23-2026	preprints/The-curve-scaling-limit-of-half-plane-double-dimers-September-23-2026/paper.pdf	0
227	A-spectral-gap-throughout-the-high-temperature-Sherrington-Kirkpatrick-phase-September-24-2026	preprints/A-spectral-gap-throughout-the-high-temperature-Sherrington-Kirkpatrick-phase-September-24-2026/main.pdf	0
227	A-typical-start-upper-bound-for-low-temperature-SK-Glauber-dynamics-September-24-2026	preprints/A-typical-start-upper-bound-for-low-temperature-SK-Glauber-dynamics-September-24-2026/paper.pdf	0
227	Critical-mixing-in-the-Sherrington-Kirkpatrick-model-September-25-2026	preprints/Critical-mixing-in-the-Sherrington-Kirkpatrick-model-September-25-2026/paper.pdf	0
227	Critical-slowing-down-in-the-Sherrington-Kirkpatrick-model-September-24-2026	preprints/Critical-slowing-down-in-the-Sherrington-Kirkpatrick-model-September-24-2026/paper.pdf	1
227	Cutoff-throughout-the-high-temperature-Sherrington-Kirkpatrick-phase-September-24-2026	preprints/Cutoff-throughout-the-high-temperature-Sherrington-Kirkpatrick-phase-September-24-2026/paper.pdf	0
227	Functional-universality-of-critical-SK-autocorrelations-October-5-2026	preprints/Functional-universality-of-critical-SK-autocorrelations-October-5-2026/critical-sk-autocorrelations.pdf	0
227	Stretched-exponential-barriers-for-typical-SK-initial-states-September-24-2026	preprints/Stretched-exponential-barriers-for-typical-SK-initial-states-September-24-2026/paper.pdf	0
227	Universality-of-critical-quench-autocorrelations-in-the-Sherrington-Kirkpatrick-model-October-5-2026	preprints/Universality-of-critical-quench-autocorrelations-in-the-Sherrington-Kirkpatrick-model-October-5-2026/main.pdf	0
228	A-continuum-temperature-singularity-for-a-radial-pair-potential-September-24-2026	preprints/A-continuum-temperature-singularity-for-a-radial-pair-potential-September-24-2026/paper.pdf	1
228	A-radial-continuum-phase-transition-with-algebraic-decay-September-24-2026	preprints/A-radial-continuum-phase-transition-with-algebraic-decay-September-24-2026/paper.pdf	1
229	A-Capacity-Criterion-for-Four-State-Potts-Reconstruction-on-Trees-October-5-2026	preprints/A-Capacity-Criterion-for-Four-State-Potts-Reconstruction-on-Trees-October-5-2026/four-state-capacity.pdf	0
229	The-Reconstruction-Threshold-for-the-Ferromagnetic-Four-State-Potts-Model-October-5-2026	preprints/The-Reconstruction-Threshold-for-the-Ferromagnetic-Four-State-Potts-Model-October-5-2026/four-state-potts.pdf	0
229	The-exact-reconstruction-threshold-for-the-three-state-symmetric-channel-September-25-2026	preprints/The-exact-reconstruction-threshold-for-the-three-state-symmetric-channel-September-25-2026/paper.pdf	0
230	An-exact-Hausdorff-gauge-for-SLE-September-25-2026	preprints/An-exact-Hausdorff-gauge-for-SLE-September-25-2026/An-exact-Hausdorff-gauge-for-SLE-September-25-2026.pdf	0
230	An-explicit-exact-Hausdorff-gauge-for-SLE-September-26-2026	preprints/An-explicit-exact-Hausdorff-gauge-for-SLE-September-26-2026/An-explicit-exact-Hausdorff-gauge-for-SLE-September-26-2026.pdf	0
231	The-free-uniform-spanning-forest-is-a-factor-of-IID-September-25-2026	preprints/The-free-uniform-spanning-forest-is-a-factor-of-IID-September-25-2026/The-free-uniform-spanning-forest-is-a-factor-of-IID-September-25-2026.pdf	0
232	Gaussian-free-field-limits-of-weighted-integer-Lipschitz-heights-September-25-2026	preprints/Gaussian-free-field-limits-of-weighted-integer-Lipschitz-heights-September-25-2026/paper.pdf	0
232	The-Gaussian-free-field-limit-of-integer-Lipschitz-heights-with-two-arc-boundary-data-September-25-2026	preprints/The-Gaussian-free-field-limit-of-integer-Lipschitz-heights-with-two-arc-boundary-data-September-25-2026/paper.pdf	0
232	Uniform-real-Lipschitz-surfaces-on-the-triangular-lattice-September-25-2026	preprints/Uniform-real-Lipschitz-surfaces-on-the-triangular-lattice-September-25-2026/paper.pdf	0
233	The-joint-scaling-limit-of-critical-Ashkin-Teller-currents-September-25-2026	preprints/The-joint-scaling-limit-of-critical-Ashkin-Teller-currents-September-25-2026/main.pdf	0
234	All-temperature-pressure-for-orthogonally-invariant-Ising-spin-glasses-September-25-2026	preprints/All-temperature-pressure-for-orthogonally-invariant-Ising-spin-glasses-September-25-2026/paper.pdf	0
235	A-Limiting-Satisfiability-Threshold-for-Every-Fixed-Clause-Size-September-25-2026	preprints/A-Limiting-Satisfiability-Threshold-for-Every-Fixed-Clause-Size-September-25-2026/article.pdf	0
235	Computing-the-Random-3-SAT-Threshold-September-27-2026	preprints/Computing-the-Random-3-SAT-Threshold-September-27-2026/article.pdf	0
235	Linear-Variance-of-the-Random-3-SAT-Hitting-Time-October-5-2026	preprints/Linear-Variance-of-the-Random-3-SAT-Hitting-Time-October-5-2026/linear-variance-of-the-random-3-sat-hitting-time.pdf	0
235	Variance-of-the-Random-k-SAT-Hitting-Time-September-27-2026	preprints/Variance-of-the-Random-k-SAT-Hitting-Time-September-27-2026/article.pdf	0
236	The-sharp-factor-of-IID-threshold-for-the-free-Ising-model-on-regular-trees-September-26-2026	preprints/The-sharp-factor-of-IID-threshold-for-the-free-Ising-model-on-regular-trees-September-26-2026/article.pdf	1
237	Cap-selected-amplitudes-and-triangle-chords-for-honeycomb-walks-September-26-2026	preprints/Cap-selected-amplitudes-and-triangle-chords-for-honeycomb-walks-September-26-2026/main.pdf	0
237	Critical-honeycomb-chords-with-prescribed-boundary-endpoints-September-26-2026	preprints/Critical-honeycomb-chords-with-prescribed-boundary-endpoints-September-26-2026/main.pdf	0
237	Critical-strip-crossing-mass-on-the-honeycomb-lattice-September-26-2026	preprints/Critical-strip-crossing-mass-on-the-honeycomb-lattice-September-26-2026/main.pdf	0
237	Cylinder-amplitudes-and-logarithmic-bridge-length-windows-on-the-honeycomb-lattice-September-26-2026	preprints/Cylinder-amplitudes-and-logarithmic-bridge-length-windows-on-the-honeycomb-lattice-September-26-2026/main.pdf	0
237	Cylinder-loop-weights-and-planar-nesting-September-26-2026	preprints/Cylinder-loop-weights-and-planar-nesting-September-26-2026/main.pdf	0
237	Disk-transfer-representations-and-confined-bridge-mass-September-26-2026	preprints/Disk-transfer-representations-and-confined-bridge-mass-September-26-2026/main.pdf	0
237	Marked-polygon-correlations-and-one-arc-bounds-September-26-2026	preprints/Marked-polygon-correlations-and-one-arc-bounds-September-26-2026/main.pdf	0
237	Mass-and-covering-exponents-for-fixed-length-honeycomb-walks-September-26-2026	preprints/Mass-and-covering-exponents-for-fixed-length-honeycomb-walks-September-26-2026/main.pdf	0
237	Polynomial-vacuum-representations-and-bridge-mass-for-honeycomb-walks-September-26-2026	preprints/Polynomial-vacuum-representations-and-bridge-mass-for-honeycomb-walks-September-26-2026/main.pdf	0
237	Radial-transfer-estimates-and-polygon-length-laws-for-honeycomb-walks-September-26-2026	preprints/Radial-transfer-estimates-and-polygon-length-laws-for-honeycomb-walks-September-26-2026/main.pdf	0
237	Renewal-and-changes-of-law-for-critical-honeycomb-walks-September-26-2026	preprints/Renewal-and-changes-of-law-for-critical-honeycomb-walks-September-26-2026/main.pdf	0
237	Signed-cylinder-propagation-and-marked-polygons-on-the-honeycomb-lattice-September-26-2026	preprints/Signed-cylinder-propagation-and-marked-polygons-on-the-honeycomb-lattice-September-26-2026/main.pdf	0
237	Uniform-marked-polygon-estimates-and-sharp-finite-bridge-moments-September-26-2026	preprints/Uniform-marked-polygon-estimates-and-sharp-finite-bridge-moments-September-26-2026/main.pdf	0
238	A-strict-four-row-permanent-inequality-and-permutation-moments-September-26-2026	preprints/A-strict-four-row-permanent-inequality-and-permutation-moments-September-26-2026/main.pdf	0
238	Compatibility-entropy-and-the-spectrum-of-a-Thorp-sweep-September-26-2026	preprints/Compatibility-entropy-and-the-spectrum-of-a-Thorp-sweep-September-26-2026/paper.pdf	1
238	Conditional-coordinate-sweeps-and-analytic-transfer-September-26-2026	preprints/Conditional-coordinate-sweeps-and-analytic-transfer-September-26-2026/main.pdf	1
238	Conditional-information-under-deterministic-coordinate-sweeps-September-26-2026	preprints/Conditional-information-under-deterministic-coordinate-sweeps-September-26-2026/main.pdf	0
238	Conditional-permutations-in-a-revealed-switching-environment-September-26-2026	preprints/Conditional-permutations-in-a-revealed-switching-environment-September-26-2026/paper.pdf	0
238	From-partial-permutation-information-to-Fourier-bounds-September-26-2026	preprints/From-partial-permutation-information-to-Fourier-bounds-September-26-2026/main.pdf	0
238	Optimal-order-mixing-of-the-Thorp-shuffle-September-26-2026	preprints/Optimal-order-mixing-of-the-Thorp-shuffle-September-26-2026/paper.pdf	0
238	Random-coordinate-frames-and-partial-permutation-laws-September-26-2026	preprints/Random-coordinate-frames-and-partial-permutation-laws-September-26-2026/main.pdf	0
238	Random-subspace-tests-and-trace-smoothing-for-coordinate-sweeps-September-26-2026	preprints/Random-subspace-tests-and-trace-smoothing-for-coordinate-sweeps-September-26-2026/paper.pdf	0
238	Routing-densities-and-representation-contraction-for-Thorp-sweeps-September-26-2026	preprints/Routing-densities-and-representation-contraction-for-Thorp-sweeps-September-26-2026/paper.pdf	1
238	Row-column-symmetry-and-contraction-of-coordinate-sweeps-September-26-2026	preprints/Row-column-symmetry-and-contraction-of-coordinate-sweeps-September-26-2026/paper.pdf	0
238	Signed-tensor-densities-and-diagram-budgets-for-coordinate-sweeps-September-26-2026	preprints/Signed-tensor-densities-and-diagram-budgets-for-coordinate-sweeps-September-26-2026/paper.pdf	0
239	The-sharp-exponential-rate-of-singularity-for-symmetric-Bernoulli-matrices-October-3-2026	preprints/The-sharp-exponential-rate-of-singularity-for-symmetric-Bernoulli-matrices-October-3-2026/symmetric-bernoulli-singularity.pdf	0
239	The-sharp-singularity-rate-for-biased-symmetric-sign-matrices-October-4-2026	preprints/The-sharp-singularity-rate-for-biased-symmetric-sign-matrices-October-4-2026/biased-symmetric-sign-singularity.pdf	0
240	A-CH-Obstruction-to-a-Prescribed-Categoricity-Threshold-September-24-2026	preprints/A-CH-Obstruction-to-a-Prescribed-Categoricity-Threshold-September-24-2026/paper.pdf	1
240	Eventual-Categoricity-for-Abstract-Elementary-Classes-September-24-2026	preprints/Eventual-Categoricity-for-Abstract-Elementary-Classes-September-24-2026/paper.pdf	0
241	Rigidity-of-the-Turing-degrees-September-24-2026	preprints/Rigidity-of-the-Turing-degrees-September-24-2026/paper.pdf	1
242	Single-fold-Diophantine-representations-September-24-2026	preprints/Single-fold-Diophantine-representations-September-24-2026/paper.pdf	1
243	Choiceless-polynomial-time-with-counting-does-not-capture-polynomial-time-September-23-2026	preprints/Choiceless-polynomial-time-with-counting-does-not-capture-polynomial-time-September-23-2026/paper.pdf	1
243	Witnessed-symmetric-choice-is-strictly-stronger-than-choiceless-polynomial-time-with-counting-September-24-2026	preprints/Witnessed-symmetric-choice-is-strictly-stronger-than-choiceless-polynomial-time-with-counting-September-24-2026/paper.pdf	0
244	The-Partition-Principle-does-not-imply-Choice-September-24-2026	preprints/The-Partition-Principle-does-not-imply-Choice-September-24-2026/partition-principle-without-choice.pdf	1
245	Weak-and-strong-normalization-in-pure-type-systems-September-25-2026	preprints/Weak-and-strong-normalization-in-pure-type-systems-September-25-2026/paper.pdf	0
246	A-Modulus-Proof-of-Cannons-Conjecture-September-23-2026	preprints/A-Modulus-Proof-of-Cannons-Conjecture-September-23-2026/paper.pdf	0
247	An-infinite-finitely-presented-periodic-group-September-23-2026	preprints/An-infinite-finitely-presented-periodic-group-September-23-2026/paper.pdf	0
247	An-infinite-finitely-presented-residually-finite-2-group-October-5-2026	preprints/An-infinite-finitely-presented-residually-finite-2-group-October-5-2026/residually-finite-torsion.pdf	0
248	Thompsons-group-F-is-nonamenable-September-23-2026	preprints/Thompsons-group-F-is-nonamenable-September-23-2026/paper.pdf	1
249	A-finitely-generated-counterexample-to-the-Eilenberg-Ganea-conjecture-September-23-2026	preprints/A-finitely-generated-counterexample-to-the-Eilenberg-Ganea-conjecture-September-23-2026/paper.pdf	0
250	A-universal-group-of-type-F-infinity-September-23-2026	preprints/A-universal-group-of-type-F-infinity-September-23-2026/paper.pdf	1
250	Finite-algebraic-envelopes-and-the-Boone-Higman-conjecture-September-23-2026	preprints/Finite-algebraic-envelopes-and-the-Boone-Higman-conjecture-September-23-2026/paper.pdf	0
250	Simple-F-infinity-overgroups-of-groups-with-decidable-word-problem-September-23-2026	preprints/Simple-F-infinity-overgroups-of-groups-with-decidable-word-problem-September-23-2026/paper.pdf	0
251	Strong-Ulam-Stability-Characterizes-Amenability-October-5-2026	preprints/Strong-Ulam-Stability-Characterizes-Amenability-October-5-2026/strong-ulam-stability.pdf	0
251	Unitarizability-Implies-Amenability-for-Countable-Groups-September-23-2026	preprints/Unitarizability-Implies-Amenability-for-Countable-Groups-September-23-2026/paper.pdf	1
252	a-torsion-free-hyperbolic-group-that-is-not-residually-finite-September-23-2026	preprints/a-torsion-free-hyperbolic-group-that-is-not-residually-finite-September-23-2026/paper.pdf	1
253	An-Infinite-Finitely-Presented-Simple-Amenable-Group-September-23-2026	preprints/An-Infinite-Finitely-Presented-Simple-Amenable-Group-September-23-2026/paper.pdf	1
254	An-Artin-group-with-no-geometric-CAT-0-action-September-23-2026	preprints/An-Artin-group-with-no-geometric-CAT-0-action-September-23-2026/paper.pdf	1
254	Harmonic-heights-and-the-Artin-K-pi-1-conjecture-September-23-2026	preprints/Harmonic-heights-and-the-Artin-K-pi-1-conjecture-September-23-2026/paper.pdf	1
254	Parabolic-intersections-in-Artin-groups-September-23-2026	preprints/Parabolic-intersections-in-Artin-groups-September-23-2026/paper.pdf	0
255	quasi-isometric-recognition-of-virtually-polycyclic-groups-September-24-2026	preprints/quasi-isometric-recognition-of-virtually-polycyclic-groups-September-24-2026/paper.pdf	0
256	Nonsingular-systems-of-equations-over-arbitrary-groups-October-5-2026	preprints/Nonsingular-systems-of-equations-over-arbitrary-groups-October-5-2026/nonsingular-systems-over-arbitrary-groups.pdf	0
256	The-Kervaire-Theorem-for-Groups-September-24-2026	preprints/The-Kervaire-Theorem-for-Groups-September-24-2026/The-Kervaire-Theorem-for-Groups-September-24-2026.pdf	0
257	A-hyperbolic-group-with-no-geometric-CAT0-action-September-25-2026	preprints/A-hyperbolic-group-with-no-geometric-CAT0-action-September-25-2026/paper.pdf	1
258	Baumslag-Solitar-free-one-relator-groups-are-hyperbolic-September-25-2026	preprints/Baumslag-Solitar-free-one-relator-groups-are-hyperbolic-September-25-2026/paper.pdf	0
258	Virtual-compact-specialness-of-hyperbolic-one-relator-groups-September-25-2026	preprints/Virtual-compact-specialness-of-hyperbolic-one-relator-groups-September-25-2026/paper.pdf	0
259	A-group-without-fixed-price-October-5-2026	preprints/A-group-without-fixed-price-October-5-2026/unequal-costs-rank-100-amalgam.pdf	0
260	A-Charged-Reduction-of-the-Spacetime-Penrose-Inequality-in-Spatial-Dimensions-at-Least-Four-October-5-2026	preprints/A-Charged-Reduction-of-the-Spacetime-Penrose-Inequality-in-Spatial-Dimensions-at-Least-Four-October-5-2026/paper.pdf	0
260	A-local-Penrose-inequality-for-conformal-perturbations-of-Schwarzschild-anti-de-Sitter-data-October-5-2026	preprints/A-local-Penrose-inequality-for-conformal-perturbations-of-Schwarzschild-anti-de-Sitter-data-October-5-2026/paper.pdf	0
260	Area-controlled-end-replacement-and-the-Bondi-Penrose-inequality-in-the-CKS-class-September-27-2026	preprints/Area-controlled-end-replacement-and-the-Bondi-Penrose-inequality-in-the-CKS-class-September-27-2026/paper.pdf	0
260	Boundary-graph-deformations-for-the-spacetime-Penrose-inequality-September-27-2026	preprints/Boundary-graph-deformations-for-the-spacetime-Penrose-inequality-September-27-2026/paper.pdf	0
260	Conformal-flow-and-the-Riemannian-Penrose-inequality-with-minimizing-frontiers-September-27-2026	preprints/Conformal-flow-and-the-Riemannian-Penrose-inequality-with-minimizing-frontiers-September-27-2026/paper.pdf	0
260	Electromagnetic-tails-and-the-Kerr-Newman-Penrose-inequality-October-5-2026	preprints/Electromagnetic-tails-and-the-Kerr-Newman-Penrose-inequality-October-5-2026/paper.pdf	0
260	Equality-and-rigidity-in-the-spacetime-Penrose-inequality-September-27-2026	preprints/Equality-and-rigidity-in-the-spacetime-Penrose-inequality-September-27-2026/paper.pdf	0
260	Spacetime-Penrose-inequalities-enclosing-area-charge-and-rigidity-October-5-2026	preprints/Spacetime-Penrose-inequalities-enclosing-area-charge-and-rigidity-October-5-2026/paper.pdf	0
260	The-Kerr-Newman-Penrose-Inequality-for-Axisymmetric-Electrovacuum-Exteriors-October-5-2026	preprints/The-Kerr-Newman-Penrose-Inequality-for-Axisymmetric-Electrovacuum-Exteriors-October-5-2026/paper.pdf	0
260	The-Penrose-inequality-for-maximal-asymptotically-hyperbolic-initial-data-October-5-2026	preprints/The-Penrose-inequality-for-maximal-asymptotically-hyperbolic-initial-data-October-5-2026/paper.pdf	0
260	The-nonmaximal-anti-de-Sitter-Penrose-Inequality-and-original-data-rigidity-October-5-2026	preprints/The-nonmaximal-anti-de-Sitter-Penrose-Inequality-and-original-data-rigidity-October-5-2026/paper.pdf	0
260	The-spacetime-Penrose-inequality-and-enclosing-area-September-27-2026	preprints/The-spacetime-Penrose-inequality-and-enclosing-area-September-27-2026/paper.pdf	0
260	The-spacetime-Penrose-inequality-with-charge-and-original-data-rigidity-October-5-2026	preprints/The-spacetime-Penrose-inequality-with-charge-and-original-data-rigidity-October-5-2026/paper.pdf	0
261	Absolutely-Continuous-Spectrum-for-Weak-Disorder-Anderson-Models-in-Dimensions-at-Least-Three-September-23-2026	preprints/Absolutely-Continuous-Spectrum-for-Weak-Disorder-Anderson-Models-in-Dimensions-at-Least-Three-September-23-2026/paper.pdf	0
261	Pure-Point-Spectrum-for-the-Two-Dimensional-Anderson-Model-at-Every-Positive-Disorder-September-23-2026	preprints/Pure-Point-Spectrum-for-the-Two-Dimensional-Anderson-Model-at-Every-Positive-Disorder-September-23-2026/paper.pdf	0
262	Equality-cases-in-the-sharp-one-dimensional-matrix-Lieb-Thirring-inequality-October-5-2026	preprints/Equality-cases-in-the-sharp-one-dimensional-matrix-Lieb-Thirring-inequality-October-5-2026/sharp-one-dimensional-lieb-thirring-inequalities-matrix-potentials.pdf	0
262	Sharp-One-Dimensional-Lieb-Thirring-Constants-September-23-2026	preprints/Sharp-One-Dimensional-Lieb-Thirring-Constants-September-23-2026/paper.pdf	1
262	Sharp-one-dimensional-Lieb-Thirring-inequalities-for-matrix-potentials-October-5-2026	preprints/Sharp-one-dimensional-Lieb-Thirring-inequalities-for-matrix-potentials-October-5-2026/sharp-matrix-lieb-thirring.pdf	0
263	Generalized-ionization-energies-for-full-Coulomb-atoms-September-24-2026	preprints/Generalized-ionization-energies-for-full-Coulomb-atoms-September-24-2026/paper.pdf	1
263	Generalized-outer-electron-radii-of-neutral-Coulomb-atoms-September-24-2026	preprints/Generalized-outer-electron-radii-of-neutral-Coulomb-atoms-September-24-2026/paper.pdf	0
263	Uniform-excess-charge-for-Coulomb-molecules-and-the-outer-radius-of-neutral-atoms-September-24-2026	preprints/Uniform-excess-charge-for-Coulomb-molecules-and-the-outer-radius-of-neutral-atoms-September-24-2026/paper.pdf	0
264	Generic-C1-Future-Inextendibility-Near-Rotating-Subextremal-Kerr-Spacetimes-September-23-2026	preprints/Generic-C1-Future-Inextendibility-Near-Rotating-Subextremal-Kerr-Spacetimes-September-23-2026/paper.pdf	0
264	Generic-Future-Inextendibility-with-Square-Integrable-Connection-Near-a-Fixed-Kerr-Spacetime-September-23-2026	preprints/Generic-Future-Inextendibility-with-Square-Integrable-Connection-Near-a-Fixed-Kerr-Spacetime-September-23-2026/paper.pdf	0
264	Quantitative-Near-Kerr-Evolution-and-Generic-C2-Future-Inextendibility-September-23-2026	preprints/Quantitative-Near-Kerr-Evolution-and-Generic-C2-Future-Inextendibility-September-23-2026/paper.pdf	0
265	A-two-dimensional-area-law-from-a-global-spectral-gap-September-24-2026	preprints/A-two-dimensional-area-law-from-a-global-spectral-gap-September-24-2026/paper.pdf	0
265	Polynomial-PEPS-approximation-of-gapped-square-grid-ground-states-September-24-2026	preprints/Polynomial-PEPS-approximation-of-gapped-square-grid-ground-states-September-24-2026/paper.pdf	0
266	Exact-Fourier-certificates-for-complex-Hadamard-matrices-of-order-six-September-24-2026	preprints/Exact-Fourier-certificates-for-complex-Hadamard-matrices-of-order-six-September-24-2026/Exact-Fourier-certificates-for-complex-Hadamard-matrices-of-order-six-September-24-2026.pdf	0
266	The-maximum-number-of-mutually-unbiased-bases-in-dimension-six-September-24-2026	preprints/The-maximum-number-of-mutually-unbiased-bases-in-dimension-six-September-24-2026/The-maximum-number-of-mutually-unbiased-bases-in-dimension-six-September-24-2026.pdf	0
267	A-density-uniform-condensate-bound-for-dilute-Bose-gases-September-27-2026	preprints/A-density-uniform-condensate-bound-for-dilute-Bose-gases-September-27-2026/paper.pdf	0
267	Bose-Einstein-condensation-at-positive-temperature-in-the-dilute-hard-sphere-gas-October-5-2026	preprints/Bose-Einstein-condensation-at-positive-temperature-in-the-dilute-hard-sphere-gas-October-5-2026/positive-temperature-hard-spheres.pdf	0
267	Ground-state-condensation-in-the-dilute-hard-sphere-gas-September-24-2026	preprints/Ground-state-condensation-in-the-dilute-hard-sphere-gas-September-24-2026/paper.pdf	0
267	Quantum-Depletion-and-Momentum-Distribution-in-the-Dilute-Hard-Sphere-Bose-Gas-October-5-2026	preprints/Quantum-Depletion-and-Momentum-Distribution-in-the-Dilute-Hard-Sphere-Bose-Gas-October-5-2026/Quantum-Depletion-in-the-Dilute-Hard-Sphere-Bose-Gas.pdf	0
267	Quantum-Depletion-for-Fixed-Bounded-Repulsive-Potentials-October-5-2026	preprints/Quantum-Depletion-for-Fixed-Bounded-Repulsive-Potentials-October-5-2026/fixed-repulsion-quantum-depletion.pdf	0
268	A-boundary-field-gap-for-the-spin-one-Heisenberg-chain-September-24-2026	preprints/A-boundary-field-gap-for-the-spin-one-Heisenberg-chain-September-24-2026/paper.pdf	0
268	The-periodic-spin-one-Haldane-gap-September-24-2026	preprints/The-periodic-spin-one-Haldane-gap-September-24-2026/paper.pdf	0
269	A-Fock-space-inequality-and-the-Laughlin-spectral-gap-September-24-2026	preprints/A-Fock-space-inequality-and-the-Laughlin-spectral-gap-September-24-2026/A-Fock-space-inequality-and-the-Laughlin-spectral-gap-September-24-2026.pdf	1
269	Uniform-Stability-of-the-Spherical-Laughlin-Gap-October-5-2026	preprints/Uniform-Stability-of-the-Spherical-Laughlin-Gap-October-5-2026/uniform-stability-spherical-laughlin-gap.pdf	0
270	Positive-eigenvalues-of-the-relative-SU-2-BFSS-Hamiltonian-October-5-2026	preprints/Positive-eigenvalues-of-the-relative-SU-2-BFSS-Hamiltonian-October-5-2026/positive-eigenvalues-relative-su2-bfss.pdf	0
270	The-unique-threshold-bound-state-of-the-SU-N-BFSS-model-September-24-2026	preprints/The-unique-threshold-bound-state-of-the-SU-N-BFSS-model-September-24-2026/paper.pdf	0
271	Blochs-Law-for-Finite-Range-Heisenberg-Ferromagnets-in-Three-Dimensions-October-5-2026	preprints/Blochs-Law-for-Finite-Range-Heisenberg-Ferromagnets-in-Three-Dimensions-October-5-2026/bloch-law-heisenberg.pdf	0
271	Spontaneous-magnetization-in-the-quantum-Heisenberg-ferromagnet-September-24-2026	preprints/Spontaneous-magnetization-in-the-quantum-Heisenberg-ferromagnet-September-24-2026/paper.pdf	0
271	The-first-lattice-correction-to-Blochs-law-October-5-2026	preprints/The-first-lattice-correction-to-Blochs-law-October-5-2026/first-lattice-correction-bloch-law.pdf	0
271	The-spherical-magnetization-law-for-the-three-dimensional-quantum-Heisenberg-ferromagnet-October-5-2026	preprints/The-spherical-magnetization-law-for-the-three-dimensional-quantum-Heisenberg-ferromagnet-October-5-2026/spherical-magnetization.pdf	0
272	Entanglement-with-zero-distillable-secret-key-in-local-dimension-ten-September-27-2026	preprints/Entanglement-with-zero-distillable-secret-key-in-local-dimension-ten-September-27-2026/paper.pdf	0
273	The-entropy-photon-number-inequality-September-24-2026	preprints/The-entropy-photon-number-inequality-September-24-2026/paper.pdf	0
274	Product-projection-localization-and-the-QAC0-parity-lower-bound-September-24-2026	preprints/Product-projection-localization-and-the-QAC0-parity-lower-bound-September-24-2026/paper.pdf	1
274	Regular-trajectories-pruning-and-quantum-parity-September-24-2026	preprints/Regular-trajectories-pruning-and-quantum-parity-September-24-2026/paper.pdf	1
275	Continuum-Coulomb-hardness-with-binary-nuclear-charges-September-24-2026	preprints/Continuum-Coulomb-hardness-with-binary-nuclear-charges-September-24-2026/Continuum-Coulomb-hardness-with-binary-nuclear-charges-September-24-2026.pdf	0
275	QMA-hardness-of-continuum-Coulomb-energy-with-unit-nuclear-charges-September-24-2026	preprints/QMA-hardness-of-continuum-Coulomb-energy-with-unit-nuclear-charges-September-24-2026/QMA-hardness-of-continuum-Coulomb-energy-with-unit-nuclear-charges-September-24-2026.pdf	0
276	Classical-capacity-and-entropy-inequalities-for-generalized-amplitude-damping-September-24-2026	preprints/Classical-capacity-and-entropy-inequalities-for-generalized-amplitude-damping-September-24-2026/paper.pdf	1
277	Threshold-parallel-repetition-for-finite-dimensional-entangled-games-September-25-2026	preprints/Threshold-parallel-repetition-for-finite-dimensional-entangled-games-September-25-2026/paper.pdf	1
278	A-Coulomb-Ground-State-Density-without-Kohn-Sham-Ensemble-Representation-September-25-2026	preprints/A-Coulomb-Ground-State-Density-without-Kohn-Sham-Ensemble-Representation-September-25-2026/paper.pdf	0
279	Exact-quantum-factoring-over-a-fixed-finite-gate-set-September-25-2026	preprints/Exact-quantum-factoring-over-a-fixed-finite-gate-set-September-25-2026/main.pdf	0
280	Strongly-rational-unitary-vertex-operator-algebras-and-conformal-nets-September-25-2026	preprints/Strongly-rational-unitary-vertex-operator-algebras-and-conformal-nets-September-25-2026/paper.pdf	0
281	Full-support-of-the-zero-temperature-Sherrington-Kirkpatrick-order-parameter-September-27-2026	preprints/Full-support-of-the-zero-temperature-Sherrington-Kirkpatrick-order-parameter-September-27-2026/main.pdf	0
281	QAOA-attains-the-SK-ground-state-energy-in-the-thermodynamic-first-limit-September-25-2026	preprints/QAOA-attains-the-SK-ground-state-energy-in-the-thermodynamic-first-limit-September-25-2026/QAOA-attains-the-SK-ground-state-energy-in-the-thermodynamic-first-limit-September-25-2026.pdf	0
282	Scale-and-conformal-symmetry-in-four-dimensional-operational-quantum-field-theory-September-26-2026	preprints/Scale-and-conformal-symmetry-in-four-dimensional-operational-quantum-field-theory-September-26-2026/main.pdf	0
283	Polynomial-Time-Unitary-Synthesis-from-a-Boolean-Oracle-October-5-2026	preprints/Polynomial-Time-Unitary-Synthesis-from-a-Boolean-Oracle-October-5-2026/paper.pdf	0
284	A-Nearly-Quartic-Separation-Between-Randomized-and-Quantum-Query-Complexity-October-5-2026	preprints/A-Nearly-Quartic-Separation-Between-Randomized-and-Quantum-Query-Complexity-October-5-2026/quartic-query-separation.pdf	0
285	A-Torsion-Free-Counterexample-to-Reduced-Baum-Connes-Injectivity-September-23-2026	preprints/A-Torsion-Free-Counterexample-to-Reduced-Baum-Connes-Injectivity-September-23-2026/paper.pdf	0
285	A-Torsion-Free-Counterexample-to-the-Kadison-Kaplansky-Projection-Conjecture-September-23-2026	preprints/A-Torsion-Free-Counterexample-to-the-Kadison-Kaplansky-Projection-Conjecture-September-23-2026/paper.pdf	0
285	An-Irrational-Trace-Counterexample-to-Reduced-Baum-Connes-September-23-2026	preprints/An-Irrational-Trace-Counterexample-to-Reduced-Baum-Connes-September-23-2026/paper.pdf	0
286	Arithmeticity-of-twisted-finite-correspondences-for-lattices-over-local-fields-September-23-2026	preprints/Arithmeticity-of-twisted-finite-correspondences-for-lattices-over-local-fields-September-23-2026/paper.pdf	0
286	The-arithmetic-category-and-stable-recovery-of-lattice-factors-September-23-2026	preprints/The-arithmetic-category-and-stable-recovery-of-lattice-factors-September-23-2026/paper.pdf	0
287	An-isomorphism-of-the-free-group-factors-September-23-2026	preprints/An-isomorphism-of-the-free-group-factors-September-23-2026/An-isomorphism-of-the-free-group-factors-September-23-2026.pdf	0
288	Kadisons-similarity-theorem-through-uniform-derivation-estimates-September-23-2026	preprints/Kadisons-similarity-theorem-through-uniform-derivation-estimates-September-23-2026/paper.pdf	0
289	Close-Separable-Cstar-Algebras-Without-Spatial-Conjugacy-October-5-2026	preprints/Close-Separable-Cstar-Algebras-Without-Spatial-Conjugacy-October-5-2026/paper.pdf	0
289	Near-Inclusions-of-von-Neumann-Algebras-Without-Small-Spatial-Embeddings-October-5-2026	preprints/Near-Inclusions-of-von-Neumann-Algebras-Without-Small-Spatial-Embeddings-October-5-2026/near-inclusions.pdf	0
289	Universal-strong-Kadison-Kastler-stability-September-23-2026	preprints/Universal-strong-Kadison-Kastler-stability-September-23-2026/paper.pdf	0
290	Bounded-recovery-for-modular-spectral-averages-September-23-2026	preprints/Bounded-recovery-for-modular-spectral-averages-September-23-2026/Bounded-recovery-for-modular-spectral-averages-September-23-2026.pdf	1
290	Expected-amenable-subalgebras-preserving-core-commutants-September-23-2026	preprints/Expected-amenable-subalgebras-preserving-core-commutants-September-23-2026/Expected-amenable-subalgebras-preserving-core-commutants-September-23-2026.pdf	0
291	Cuntz-comparison-and-Jiang-Su-absorption-September-23-2026	preprints/Cuntz-comparison-and-Jiang-Su-absorption-September-23-2026/paper.pdf	0
291	Equivariant-Jiang-Su-Stability-for-Amenable-Actions-in-the-Unital-Stably-Finite-Case-October-5-2026	preprints/Equivariant-Jiang-Su-Stability-for-Amenable-Actions-in-the-Unital-Stably-Finite-Case-October-5-2026/paper.pdf	0
291	Nuclear-dimension-and-Jiang-Su-stability-without-elementary-subquotients-September-23-2026	preprints/Nuclear-dimension-and-Jiang-Su-stability-without-elementary-subquotients-September-23-2026/paper.pdf	0
291	Tracial-projection-methods-and-uniform-property-Gamma-September-23-2026	preprints/Tracial-projection-methods-and-uniform-property-Gamma-September-23-2026/paper.pdf	1
292	An-explicit-obstruction-to-nuclear-norm-ultrapower-embeddings-September-23-2026	preprints/An-explicit-obstruction-to-nuclear-norm-ultrapower-embeddings-September-23-2026/paper.pdf	0
293	Backward-intertwiners-and-a-transitive-commutant-September-27-2026	preprints/Backward-intertwiners-and-a-transitive-commutant-September-27-2026/paper.pdf	1
293	Invariant-projection-counterexamples-for-every-irrational-rotation-September-27-2026	preprints/Invariant-projection-counterexamples-for-every-irrational-rotation-September-27-2026/paper.pdf	0
294	A-counterexample-to-Kaplanskys-quasitrace-conjecture-September-23-2026	preprints/A-counterexample-to-Kaplanskys-quasitrace-conjecture-September-23-2026/paper.pdf	1
295	Vanishing-of-higher-bounded-Hochschild-cohomology-September-23-2026	preprints/Vanishing-of-higher-bounded-Hochschild-cohomology-September-23-2026/paper.pdf	0
296	Relative-generation-and-the-generator-problem-for-finite-factors-September-23-2026	preprints/Relative-generation-and-the-generator-problem-for-finite-factors-September-23-2026/paper.pdf	1
297	A-counterexample-to-Naimarks-problem-in-ZFC-September-24-2026	preprints/A-counterexample-to-Naimarks-problem-in-ZFC-September-24-2026/naimark-counterexample-zfc.pdf	0
298	A-finite-entropy-separation-of-microstates-and-nonmicrostates-free-entropy-September-25-2026	preprints/A-finite-entropy-separation-of-microstates-and-nonmicrostates-free-entropy-September-25-2026/paper.pdf	0
299	The-Kirchberg-Rordam-character-criterion-September-25-2026	preprints/The-Kirchberg-Rordam-character-criterion-September-25-2026/paper.pdf	1
300	Approximation-Paving-over-Arbitrary-Maximal-Abelian-Subalgebras-September-25-2026	preprints/Approximation-Paving-over-Arbitrary-Maximal-Abelian-Subalgebras-September-25-2026/Approximation-Paving-over-Arbitrary-Maximal-Abelian-Subalgebras-September-25-2026.pdf	0
300	Quadratic-Strong-Operator-Paving-over-Arbitrary-Maximal-Abelian-Subalgebras-September-25-2026	preprints/Quadratic-Strong-Operator-Paving-over-Arbitrary-Maximal-Abelian-Subalgebras-September-25-2026/Quadratic-Strong-Operator-Paving-over-Arbitrary-Maximal-Abelian-Subalgebras-September-25-2026.pdf	0
301	The-trace-cone-classifies-Razak-Jacelon-stabilizations-September-25-2026	preprints/The-trace-cone-classifies-Razak-Jacelon-stabilizations-September-25-2026/The-trace-cone-classifies-Razak-Jacelon-stabilizations-September-25-2026.pdf	0
302	Filtered-products-and-boundary-preserving-compression-in-complex-cobordism-September-25-2026	preprints/Filtered-products-and-boundary-preserving-compression-in-complex-cobordism-September-25-2026/paper.pdf	0
302	Radius-of-comparison-equals-half-the-mean-dimension-September-25-2026	preprints/Radius-of-comparison-equals-half-the-mean-dimension-September-25-2026/paper.pdf	0
303	Weak-pure-infiniteness-and-O-infinity-absorption-September-25-2026	preprints/Weak-pure-infiniteness-and-O-infinity-absorption-September-25-2026/paper.pdf	0
304	The-Hilbert-Smith-conjecture-in-every-finite-dimension-September-23-2026	preprints/The-Hilbert-Smith-conjecture-in-every-finite-dimension-September-23-2026/paper.pdf	0
305	A-PD4-group-without-an-aspherical-manifold-model-September-24-2026	preprints/A-PD4-group-without-an-aspherical-manifold-model-September-24-2026/paper.pdf	0
305	A-boundary-only-obstruction-to-four-dimensional-disk-embedding-September-24-2026	preprints/A-boundary-only-obstruction-to-four-dimensional-disk-embedding-September-24-2026/paper.pdf	0
305	A-marked-tensor-obstruction-to-four-dimensional-disk-embedding-September-24-2026	preprints/A-marked-tensor-obstruction-to-four-dimensional-disk-embedding-September-24-2026/paper.pdf	0
306	Purely-Cosmetic-Surgery-on-Knots-in-the-Three-Sphere-September-23-2026	preprints/Purely-Cosmetic-Surgery-on-Knots-in-the-Three-Sphere-September-23-2026/paper.pdf	0
307	A-counterexample-to-the-coarse-Novikov-conjecture-September-23-2026	preprints/A-counterexample-to-the-coarse-Novikov-conjecture-September-23-2026/paper.pdf	0
307	Failure-of-rational-injectivity-for-maximal-coarse-assembly-October-5-2026	preprints/Failure-of-rational-injectivity-for-maximal-coarse-assembly-October-5-2026/paper.pdf	0
308	A-finite-Smith-Toda-complex-V4-at-the-prime-1009-September-23-2026	preprints/A-finite-Smith-Toda-complex-V4-at-the-prime-1009-September-23-2026/paper.pdf	0
308	Finite-Smith-Toda-Complexes-at-Varying-Primes-September-23-2026	preprints/Finite-Smith-Toda-Complexes-at-Varying-Primes-September-23-2026/paper.pdf	0
309	The-Kervaire-Invariant-Problem-at-the-Prime-Three-September-24-2026	preprints/The-Kervaire-Invariant-Problem-at-the-Prime-Three-September-24-2026/paper.pdf	0
310	Rational-homology-and-Quillens-conjecture-September-24-2026	preprints/Rational-homology-and-Quillens-conjecture-September-24-2026/paper.pdf	0
311	Stabilizer-Orbits-and-Thick-Tensor-Ideals-of-Dualizable-Kn-Local-Spectra-September-24-2026	preprints/Stabilizer-Orbits-and-Thick-Tensor-Ideals-of-Dualizable-Kn-Local-Spectra-September-24-2026/paper.pdf	0
312	The-Grothendieck-homotopy-hypothesis-via-elementary-expansions-September-24-2026	preprints/The-Grothendieck-homotopy-hypothesis-via-elementary-expansions-September-24-2026/paper.pdf	1
313	Finite-generation-for-the-Kn-local-sphere-September-24-2026	preprints/Finite-generation-for-the-Kn-local-sphere-September-24-2026/Finite-generation-for-the-Kn-local-sphere-September-24-2026.pdf	0
314	Cyclic-Length-and-Chromatic-Fixed-Point-Loss-September-24-2026	preprints/Cyclic-Length-and-Chromatic-Fixed-Point-Loss-September-24-2026/Cyclic-Length-and-Chromatic-Fixed-Point-Loss-September-24-2026.pdf	0
315	The-Singer-conjecture-in-dimension-four-September-25-2026	preprints/The-Singer-conjecture-in-dimension-four-September-25-2026/paper.pdf	0
316	The-Stable-Hurewicz-Image-of-the-Sphere-at-Two-September-25-2026	preprints/The-Stable-Hurewicz-Image-of-the-Sphere-at-Two-September-25-2026/paper.pdf	0
317	Thomason-Model-Structures-in-Every-Strict-Higher-Dimension-September-25-2026	preprints/Thomason-Model-Structures-in-Every-Strict-Higher-Dimension-September-25-2026/paper.pdf	0
318	A-rational-obstruction-to-strong-chromatic-splitting-at-height-three-September-25-2026	preprints/A-rational-obstruction-to-strong-chromatic-splitting-at-height-three-September-25-2026/paper.pdf	0
318	Counterexamples-to-weak-chromatic-splitting-sphere-kernels-and-descent-exponents-September-27-2026	preprints/Counterexamples-to-weak-chromatic-splitting-sphere-kernels-and-descent-exponents-September-27-2026/paper.pdf	0
318	Failure-of-finite-assembly-for-a-chromatic-overlap-at-the-prime-three-September-25-2026	preprints/Failure-of-finite-assembly-for-a-chromatic-overlap-at-the-prime-three-September-25-2026/paper.pdf	0
318	Filtered-chromatic-splitting-at-generic-primes-September-25-2026	preprints/Filtered-chromatic-splitting-at-generic-primes-September-25-2026/paper.pdf	0
318	The-height-three-chromatic-overlap-an-explicit-filtration-and-its-attachments-September-27-2026	preprints/The-height-three-chromatic-overlap-an-explicit-filtration-and-its-attachments-September-27-2026/paper.pdf	0
319	Counterexamples-to-the-Hahn-Wilson-conjecture-at-height-two-September-26-2026	preprints/Counterexamples-to-the-Hahn-Wilson-conjecture-at-height-two-September-26-2026/paper.pdf	0
320	Nonhomeomorphic-closed-aspherical-four-manifolds-with-the-same-homotopy-type-October-4-2026	preprints/Nonhomeomorphic-closed-aspherical-four-manifolds-with-the-same-homotopy-type-October-4-2026/paper.pdf	0
321	A-Counterexample-to-Walls-D2-Problem-October-6-2026	preprints/A-Counterexample-to-Walls-D2-Problem-October-6-2026/wall-d2-counterexample.pdf	0
322	A-positive-solution-to-Tingleys-problem-September-23-2026	preprints/A-positive-solution-to-Tingleys-problem-September-23-2026/paper.pdf	1
323	Relative-independence-of-the-separable-quotient-problem-September-23-2026	preprints/Relative-independence-of-the-separable-quotient-problem-September-23-2026/paper.pdf	0
324	Bi-Lipschitz-Absorption-of-c0-Without-a-Linear-Copy-of-c0-September-26-2026	preprints/Bi-Lipschitz-Absorption-of-c0-Without-a-Linear-Copy-of-c0-September-26-2026/paper.pdf	1
324	Lipschitz-Equivalent-Separable-Banach-Spaces-Need-Not-Be-Linearly-Isomorphic-September-24-2026	preprints/Lipschitz-Equivalent-Separable-Banach-Spaces-Need-Not-Be-Linearly-Isomorphic-September-24-2026/paper.pdf	1
325	A-direct-proof-of-the-complete-Crouzeix-inequality-September-26-2026	preprints/A-direct-proof-of-the-complete-Crouzeix-inequality-September-26-2026/paper.pdf	1
325	The-complete-Crouzeix-theorem-September-23-2026	preprints/The-complete-Crouzeix-theorem-September-23-2026/paper.pdf	1
326	The-cotype-cotype-conjecture-under-the-approximation-property-September-23-2026	preprints/The-cotype-cotype-conjecture-under-the-approximation-property-September-23-2026/paper.pdf	1
327	Nontrivial-Markov-Type-Forces-Superreflexivity-September-23-2026	preprints/Nontrivial-Markov-Type-Forces-Superreflexivity-September-23-2026/paper.pdf	1
328	Fixed-Points-of-Nonexpansive-Maps-in-Reflexive-Banach-Spaces-September-24-2026	preprints/Fixed-Points-of-Nonexpansive-Maps-in-Reflexive-Banach-Spaces-September-24-2026/paper.pdf	1
329	Counterexamples-to-the-duality-conjecture-for-metric-entropy-September-24-2026	preprints/Counterexamples-to-the-duality-conjecture-for-metric-entropy-September-24-2026/main.pdf	1
330	Failure-of-Bounded-Approximation-in-a-Lipschitz-Free-Space-over-a-Uniformly-Discrete-Metric-Space-September-26-2026	preprints/Failure-of-Bounded-Approximation-in-a-Lipschitz-Free-Space-over-a-Uniformly-Discrete-Metric-Space-September-26-2026/main.pdf	0
331	Asymptotic-midpoint-uniform-convexity-and-unbounded-diamond-distortion-in-a-reflexive-tree-space-September-27-2026	preprints/Asymptotic-midpoint-uniform-convexity-and-unbounded-diamond-distortion-in-a-reflexive-tree-space-September-27-2026/manuscript.pdf	1
331	Diamond-distortion-from-midpoint-and-tree-energies-September-27-2026	preprints/Diamond-distortion-from-midpoint-and-tree-energies-September-27-2026/manuscript.pdf	1
331	Exact-asymptotic-moduli-in-a-Daugavet-subspace-of-L1-September-27-2026	preprints/Exact-asymptotic-moduli-in-a-Daugavet-subspace-of-L1-September-27-2026/manuscript.pdf	1
331	Independent-products-in-real-L1-asymptotic-midpoint-convexity-without-AUC-renormings-September-27-2026	preprints/Independent-products-in-real-L1-asymptotic-midpoint-convexity-without-AUC-renormings-September-27-2026/manuscript.pdf	1
331	Midpoint-convexity-from-bounded-tree-potentials-and-path-costs-September-27-2026	preprints/Midpoint-convexity-from-bounded-tree-potentials-and-path-costs-September-27-2026/manuscript.pdf	1
331	Midpoint-convexity-from-two-recursive-potentials-September-27-2026	preprints/Midpoint-convexity-from-two-recursive-potentials-September-27-2026/manuscript.pdf	1
331	Midpoint-lenses-in-segment-spaces-September-27-2026	preprints/Midpoint-lenses-in-segment-spaces-September-27-2026/manuscript.pdf	1
332	Metric-Markov-Cotype-Two-of-l1-October-5-2026	preprints/Metric-Markov-Cotype-Two-of-l1-October-5-2026/l1-markov-cotype.pdf	0
333	Smooth-isometric-immersions-of-closed-surfaces-into-Euclidean-four-space-September-23-2026	preprints/Smooth-isometric-immersions-of-closed-surfaces-into-Euclidean-four-space-September-23-2026/paper.pdf	0
334	A-Smooth-Metric-with-No-Local-Isometric-Immersion-into-Three-Space-September-24-2026	preprints/A-Smooth-Metric-with-No-Local-Isometric-Immersion-into-Three-Space-September-24-2026/paper.pdf	1
335	An-integral-scalar-curvature-bound-for-real-simplicial-volume-October-5-2026	preprints/An-integral-scalar-curvature-bound-for-real-simplicial-volume-October-5-2026/v126-proof.pdf	0
335	Positive-scalar-curvature-forces-rational-inessentiality-September-23-2026	preprints/Positive-scalar-curvature-forces-rational-inessentiality-September-23-2026/paper.pdf	0
336	Positive-scalar-curvature-and-uniform-codimension-two-width-September-23-2026	preprints/Positive-scalar-curvature-and-uniform-codimension-two-width-September-23-2026/paper.pdf	0
336	Spectral-scalar-curvature-and-Urysohn-width-in-dimension-three-October-5-2026	preprints/Spectral-scalar-curvature-and-Urysohn-width-in-dimension-three-October-5-2026/spectral-urysohn-three-manifolds.pdf	0
336	Spectral-scalar-curvature-and-uniform-Urysohn-width-October-5-2026	preprints/Spectral-scalar-curvature-and-uniform-Urysohn-width-October-5-2026/main.pdf	0
337	Generalized-Cartan-Hadamard-isoperimetry-and-Euclidean-equality-rigidity-September-23-2026	preprints/Generalized-Cartan-Hadamard-isoperimetry-and-Euclidean-equality-rigidity-September-23-2026/paper.pdf	0
337	Sharp-integral-fillings-in-CAT(0)-spaces-September-23-2026	preprints/Sharp-integral-fillings-in-CAT(0)-spaces-September-23-2026/paper.pdf	0
338	Uniformization-of-complete-Kahler-manifolds-with-positive-bisectional-curvature-September-23-2026	preprints/Uniformization-of-complete-Kahler-manifolds-with-positive-bisectional-curvature-September-23-2026/paper.pdf	0
339	Entropy-equality-and-local-symmetry-in-negative-curvature-September-23-2026	preprints/Entropy-equality-and-local-symmetry-in-negative-curvature-September-23-2026/paper.pdf	0
340	A-counterexample-to-the-nearby-Lagrangian-conjecture-September-23-2026	preprints/A-counterexample-to-the-nearby-Lagrangian-conjecture-September-23-2026/paper.pdf	0
341	Deforming-hypersymplectic-four-manifolds-to-hyperkahler-triples-September-23-2026	preprints/Deforming-hypersymplectic-four-manifolds-to-hyperkahler-triples-September-23-2026/paper.pdf	0
342	Taming-implies-compatibility-on-four-manifolds-September-23-2026	preprints/Taming-implies-compatibility-on-four-manifolds-September-23-2026/paper.pdf	1
343	Symplectic-Ball-Packings-in-Higher-Dimensions-September-23-2026	preprints/Symplectic-Ball-Packings-in-Higher-Dimensions-September-23-2026/paper.pdf	0
344	The-metric-Blaschke-theorem-September-23-2026	preprints/The-metric-Blaschke-theorem-September-23-2026/paper.pdf	0
345	Infinitely-many-closed-geodesic-images-on-every-Riemannian-sphere-September-24-2026	preprints/Infinitely-many-closed-geodesic-images-on-every-Riemannian-sphere-September-24-2026/paper.pdf	0
346	A-Codimension-One-Bound-for-the-Singular-Set-of-a-Stationary-Integral-Varifold-October-5-2026	preprints/A-Codimension-One-Bound-for-the-Singular-Set-of-a-Stationary-Integral-Varifold-October-5-2026/varifold-singular-dimension.pdf	0
346	Almost-everywhere-regularity-of-stationary-integral-varifolds-September-23-2026	preprints/Almost-everywhere-regularity-of-stationary-integral-varifolds-September-23-2026/paper.pdf	0
347	A-degenerate-counterexample-to-the-critical-number-Arnold-bound-September-23-2026	preprints/A-degenerate-counterexample-to-the-critical-number-Arnold-bound-September-23-2026/paper.pdf	1
347	A-nondegenerate-counterexample-to-the-Morse-number-Arnold-bound-September-23-2026	preprints/A-nondegenerate-counterexample-to-the-Morse-number-Arnold-bound-September-23-2026/paper.pdf	0
347	Hamiltonian-Fixed-Points-Below-the-Stable-Morse-Number-October-5-2026	preprints/Hamiltonian-Fixed-Points-Below-the-Stable-Morse-Number-October-5-2026/paper.pdf	0
347	Hamiltonian-Fixed-Points-Below-the-Stable-Morse-Number-in-Dimension-Twenty-Two-October-5-2026	preprints/Hamiltonian-Fixed-Points-Below-the-Stable-Morse-Number-in-Dimension-Twenty-Two-October-5-2026/hamiltonian-fixed-points-below-stable-morse-number.pdf	0
347	Sharpness-of-the-Cyclic-Integral-Floer-Bound-Below-the-Stable-Morse-Number-October-5-2026	preprints/Sharpness-of-the-Cyclic-Integral-Floer-Bound-Below-the-Stable-Morse-Number-October-5-2026/sharp-cyclic-integral-floer-bound-below-stable-morse-number.pdf	0
348	An-L2-Einstein-Gap-for-Nonnegatively-Curved-Four-Manifolds-October-5-2026	preprints/An-L2-Einstein-Gap-for-Nonnegatively-Curved-Four-Manifolds-October-5-2026/einstein-gap.pdf	0
348	Positively-curved-Einstein-four-manifolds-September-23-2026	preprints/Positively-curved-Einstein-four-manifolds-September-23-2026/paper.pdf	0
348	Zero-Plane-Rigidity-for-Einstein-Four-Manifolds-October-4-2026	preprints/Zero-Plane-Rigidity-for-Einstein-Four-Manifolds-October-4-2026/einstein-boundary.pdf	0
349	The-Solomon-Yau-least-volume-theorem-September-23-2026	preprints/The-Solomon-Yau-least-volume-theorem-September-23-2026/paper.pdf	0
350	Power-law-violations-of-Yaus-nodal-upper-bound-September-23-2026	preprints/Power-law-violations-of-Yaus-nodal-upper-bound-September-23-2026/paper.pdf	1
350	Sharp-nodal-length-on-smooth-surfaces-September-23-2026	preprints/Sharp-nodal-length-on-smooth-surfaces-September-23-2026/paper.pdf	0
350	Smooth-counterexamples-to-Yaus-nodal-upper-bound-in-dimensions-three-and-four-September-23-2026	preprints/Smooth-counterexamples-to-Yaus-nodal-upper-bound-in-dimensions-three-and-four-September-23-2026/paper.pdf	1
351	A-closed-Ricci-flow-with-bounded-scalar-curvature-and-finite-time-curvature-blowup-September-24-2026	preprints/A-closed-Ricci-flow-with-bounded-scalar-curvature-and-finite-time-curvature-blowup-September-24-2026/paper.pdf	0
351	Bounded-scalar-curvature-and-smooth-extension-of-four-dimensional-Ricci-flow-September-24-2026	preprints/Bounded-scalar-curvature-and-smooth-extension-of-four-dimensional-Ricci-flow-September-24-2026/paper.pdf	0
351	Path-selection-and-an-elliptic-inequality-on-degenerating-Ricci-flat-trees-September-24-2026	preprints/Path-selection-and-an-elliptic-inequality-on-degenerating-Ricci-flat-trees-September-24-2026/paper.pdf	0
352	A-finite-time-singularity-of-Calabi-flow-on-projective-space-September-24-2026	preprints/A-finite-time-singularity-of-Calabi-flow-on-projective-space-September-24-2026/paper.pdf	0
353	Smooth-Nonquadratic-Affine-Maximal-Graph-in-Dimension-Ten-October-5-2026	preprints/Smooth-Nonquadratic-Affine-Maximal-Graph-in-Dimension-Ten-October-5-2026/affine-maximal-dimension-ten.pdf	0
353	The-affine-Bernstein-theorem-in-dimensions-three-through-nine-September-24-2026	preprints/The-affine-Bernstein-theorem-in-dimensions-three-through-nine-September-24-2026/main.pdf	0
354	The-Isoperimetric-Conjecture-for-the-Cubic-Flat-Three-Torus-September-24-2026	preprints/The-Isoperimetric-Conjecture-for-the-Cubic-Flat-Three-Torus-September-24-2026/article.pdf	0
355	Tangent-flow-uniqueness-2026-09-24	preprints/Tangent-flow-uniqueness-2026-09-24/paper.pdf	0
356	Giglis-distributional-curvature-characterization-of-Alexandrov-spaces-September-24-2026	preprints/Giglis-distributional-curvature-characterization-of-Alexandrov-spaces-September-24-2026/main.pdf	0
356	Weak-Hessian-bounds-along-every-geodesic-in-RCD-spaces-September-24-2026	preprints/Weak-Hessian-bounds-along-every-geodesic-in-RCD-spaces-September-24-2026/weak-hessian-geodesics.pdf	1
357	Bi-Lipschitz-Coordinates-at-Regular-Points-of-Noncollapsed-RCD-Spaces-September-25-2026	preprints/Bi-Lipschitz-Coordinates-at-Regular-Points-of-Noncollapsed-RCD-Spaces-September-25-2026/paper.pdf	0
358	A-Three-Manifold-Without-Conjugate-Points-and-Without-a-Nonpositively-Curved-Metric-September-24-2026	preprints/A-Three-Manifold-Without-Conjugate-Points-and-Without-a-Nonpositively-Curved-Metric-September-24-2026/paper.pdf	1
359	A-negatively-pinched-Kahler-threefold-without-bounded-holomorphic-coordinates-September-25-2026	preprints/A-negatively-pinched-Kahler-threefold-without-bounded-holomorphic-coordinates-September-25-2026/paper.pdf	1
359	One-sided-negative-sectional-curvature-and-the-holomorphic-Liouville-property-September-25-2026	preprints/One-sided-negative-sectional-curvature-and-the-holomorphic-Liouville-property-September-25-2026/paper.pdf	0
360	Global-Support-and-Convex-Injectivity-Domains-under-Weak-MTW-September-25-2026	preprints/Global-Support-and-Convex-Injectivity-Domains-under-Weak-MTW-September-25-2026/paper.pdf	1
360	Uniform-Bi-Holder-Transport-from-Weak-MTW-September-25-2026	preprints/Uniform-Bi-Holder-Transport-from-Weak-MTW-September-25-2026/paper.pdf	1
361	A-Three-Dimensional-Counterexample-to-Integer-Degree-Harmonic-Dimension-Comparison-September-26-2026	preprints/A-Three-Dimensional-Counterexample-to-Integer-Degree-Harmonic-Dimension-Comparison-September-26-2026/paper.pdf	0
361	A-counterexample-to-integer-degree-harmonic-dimension-comparison-September-25-2026	preprints/A-counterexample-to-integer-degree-harmonic-dimension-comparison-September-25-2026/paper.pdf	1
362	Global-classical-solutions-of-the-three-dimensional-relativistic-Vlasov-Maxwell-system-September-23-2026	preprints/Global-classical-solutions-of-the-three-dimensional-relativistic-Vlasov-Maxwell-system-September-23-2026/paper.pdf	1
363	Nonuniqueness-for-the-periodic-hard-sphere-Boltzmann-equation-September-23-2026	preprints/Nonuniqueness-for-the-periodic-hard-sphere-Boltzmann-equation-September-23-2026/paper.pdf	0
363	Nonuniqueness-with-local-conservation-for-the-hard-sphere-Boltzmann-equation-October-5-2026	preprints/Nonuniqueness-with-local-conservation-for-the-hard-sphere-Boltzmann-equation-October-5-2026/paper.pdf	0
364	Hard-sphere-fluctuations-on-the-regular-Boltzmann-lifespan-September-23-2026	preprints/Hard-sphere-fluctuations-on-the-regular-Boltzmann-lifespan-September-23-2026/paper.pdf	0
364	The-Boltzmann-Grad-limit-for-stable-radial-potentials-on-regular-kinetic-intervals-September-23-2026	preprints/The-Boltzmann-Grad-limit-for-stable-radial-potentials-on-regular-kinetic-intervals-September-23-2026/paper.pdf	0
365	Determination-of-a-metric-and-a-unitary-connection-from-one-boundary-patch-October-5-2026	preprints/Determination-of-a-metric-and-a-unitary-connection-from-one-boundary-patch-October-5-2026/paper.pdf	0
365	Nonuniqueness-for-Bounded-Measurable-Scalar-Conductivities-in-Three-Dimensions-September-23-2026	preprints/Nonuniqueness-for-Bounded-Measurable-Scalar-Conductivities-in-Three-Dimensions-September-23-2026/paper.pdf	1
365	Smooth-Anisotropic-Uniqueness-in-the-Calderon-Problem-from-One-Boundary-Patch-September-24-2026	preprints/Smooth-Anisotropic-Uniqueness-in-the-Calderon-Problem-from-One-Boundary-Patch-September-24-2026/paper.pdf	0
366	Interior-regularity-of-planar-Mumford-Shah-minimizers-September-24-2026	preprints/Interior-regularity-of-planar-Mumford-Shah-minimizers-September-24-2026/Interior-regularity-of-planar-Mumford-Shah-minimizers-September-24-2026.pdf	0
367	The-critical-dimension-for-one-phase-Bernoulli-minimizers-September-24-2026	preprints/The-critical-dimension-for-one-phase-Bernoulli-minimizers-September-24-2026/The-critical-dimension-for-one-phase-Bernoulli-minimizers-September-24-2026.pdf	0
368	Strong-diffeomorphic-approximation-in-three-dimensions-for-1-le-p-le-2-September-24-2026	preprints/Strong-diffeomorphic-approximation-in-three-dimensions-for-1-le-p-le-2-September-24-2026/main.pdf	0
368	Strong-diffeomorphic-approximation-in-three-dimensions-for-p-gt-2-September-24-2026	preprints/Strong-diffeomorphic-approximation-in-three-dimensions-for-p-gt-2-September-24-2026/main.pdf	0
369	Strict-hot-spots-and-absence-of-interior-critical-points-on-smooth-simply-connected-planar-domains-September-24-2026	preprints/Strict-hot-spots-and-absence-of-interior-critical-points-on-smooth-simply-connected-planar-domains-September-24-2026/main.pdf	0
370	The-Subcritical-Henon-Lane-Emden-Conjecture-September-24-2026	preprints/The-Subcritical-Henon-Lane-Emden-Conjecture-September-24-2026/paper.pdf	1
371	Stable-Self-Similar-Blowup-for-a-Supercritical-Defocusing-Schrodinger-Equation-on-the-Torus-September-24-2026	preprints/Stable-Self-Similar-Blowup-for-a-Supercritical-Defocusing-Schrodinger-Equation-on-the-Torus-September-24-2026/paper.pdf	0
372	Global-Uniqueness-for-the-Smooth-Isotropic-Elasticity-Inverse-Problem-September-24-2026	preprints/Global-Uniqueness-for-the-Smooth-Isotropic-Elasticity-Inverse-Problem-September-24-2026/article.pdf	0
373	A-counterexample-to-the-Monge-ansatz-for-the-three-marginal-Coulomb-cost-September-25-2026	preprints/A-counterexample-to-the-Monge-ansatz-for-the-three-marginal-Coulomb-cost-September-25-2026/paper.pdf	0
374	Sharp-One-Third-Stability-of-Brenier-Maps-September-25-2026	preprints/Sharp-One-Third-Stability-of-Brenier-Maps-September-25-2026/article.pdf	0
375	De-Giorgis-conjecture-in-dimension-eight-September-26-2026	preprints/De-Giorgis-conjecture-in-dimension-eight-September-26-2026/article.pdf	0
376	A-Fixed-Particle-Test-for-Computation-in-a-Forced-Viscous-Flow-September-27-2026	preprints/A-Fixed-Particle-Test-for-Computation-in-a-Forced-Viscous-Flow-September-27-2026/manuscript.pdf	0
376	Computation-under-Rapidly-Vanishing-Navier-Stokes-Forcing-September-27-2026	preprints/Computation-under-Rapidly-Vanishing-Navier-Stokes-Forcing-September-27-2026/manuscript.pdf	0
376	Finite-Instructions-and-Solenoidal-Shear-Flows-September-27-2026	preprints/Finite-Instructions-and-Solenoidal-Shear-Flows-September-27-2026/manuscript.pdf	0
376	Geometric-Programs-for-Solenoidal-Forcing-September-27-2026	preprints/Geometric-Programs-for-Solenoidal-Forcing-September-27-2026/manuscript.pdf	0
376	Incompressible-Box-Transport-and-Finite-Computation-September-27-2026	preprints/Incompressible-Box-Transport-and-Finite-Computation-September-27-2026/manuscript.pdf	0
376	Prefix-Instructions-and-Incompressible-Flows-September-27-2026	preprints/Prefix-Instructions-and-Incompressible-Flows-September-27-2026/manuscript.pdf	0
376	Scalar-Potentials-and-Slow-Clocks-for-Forced-Fluid-Computation-September-27-2026	preprints/Scalar-Potentials-and-Slow-Clocks-for-Forced-Fluid-Computation-September-27-2026/manuscript.pdf	0
376	Universal-Computation-with-Eventually-Stationary-Navier-Stokes-Forcing-September-27-2026	preprints/Universal-Computation-with-Eventually-Stationary-Navier-Stokes-Forcing-September-27-2026/manuscript.pdf	0
376	Velocity-Field-Detection-of-Computation-in-Forced-Navier-Stokes-Flows-September-27-2026	preprints/Velocity-Field-Detection-of-Computation-in-Forced-Navier-Stokes-Flows-September-27-2026/manuscript.pdf	0
377	Uniform-Interior-C1alpha-Estimates-for-Infinity-Harmonic-Functions-October-4-2026	preprints/Uniform-Interior-C1alpha-Estimates-for-Infinity-Harmonic-Functions-October-4-2026/interior-c1-infinity-harmonic.pdf	0
