dir	fam	pdf	main_tex	roots	tex	bib	sections	subsections	subsubsections	proofs	thms	abstract	tex_bytes
A-C1-Counterexample-to-the-Entropy-Conjecture-September-25-2026	151	preprints/A-C1-Counterexample-to-the-Entropy-Conjecture-September-25-2026/article.pdf	A-C1-Counterexample-to-the-Entropy-Conjecture-September-25-2026/build/source/main.tex	1	6	1	5	6	0	12	12	1	50716
A-CH-Obstruction-to-a-Prescribed-Categoricity-Threshold-September-24-2026	240	preprints/A-CH-Obstruction-to-a-Prescribed-Categoricity-Threshold-September-24-2026/paper.pdf	A-CH-Obstruction-to-a-Prescribed-Categoricity-Threshold-September-24-2026/build/paper.tex	1	10	1	7	21	0	29	29	1	106236
A-Capacity-Criterion-for-Four-State-Potts-Reconstruction-on-Trees-October-5-2026	229	preprints/A-Capacity-Criterion-for-Four-State-Potts-Reconstruction-on-Trees-October-5-2026/four-state-capacity.pdf	A-Capacity-Criterion-for-Four-State-Potts-Reconstruction-on-Trees-October-5-2026/build/main.tex	1	1	1	5	7	0	2	4	1	29229
A-Charged-Reduction-of-the-Spacetime-Penrose-Inequality-in-Spatial-Dimensions-at-Least-Four-October-5-2026	260	preprints/A-Charged-Reduction-of-the-Spacetime-Penrose-Inequality-in-Spatial-Dimensions-at-Least-Four-October-5-2026/paper.pdf	A-Charged-Reduction-of-the-Spacetime-Penrose-Inequality-in-Spatial-Dimensions-at-Least-Four-October-5-2026/build/paper.tex	1	15	1	11	39	0	63	65	1	360383
A-Codimension-One-Bound-for-the-Singular-Set-of-a-Stationary-Integral-Varifold-October-5-2026	346	preprints/A-Codimension-One-Bound-for-the-Singular-Set-of-a-Stationary-Integral-Varifold-October-5-2026/varifold-singular-dimension.pdf	A-Codimension-One-Bound-for-the-Singular-Set-of-a-Stationary-Integral-Varifold-October-5-2026/build/main.tex	1	10	1	8	18	5	11	14	1	121623
A-Complete-Local-Domain-Without-a-Small-Cohen-Macaulay-Module-September-23-2026	195	preprints/A-Complete-Local-Domain-Without-a-Small-Cohen-Macaulay-Module-September-23-2026/paper.pdf	A-Complete-Local-Domain-Without-a-Small-Cohen-Macaulay-Module-September-23-2026/build/paper.tex	1	2	1	7	8	0	7	8	1	46603
A-Conditional-Reduction-for-Algebraic-Kuga-Satake-Correspondences-September-10-2026	032	preprints/A-Conditional-Reduction-for-Algebraic-Kuga-Satake-Correspondences-September-10-2026/paper.pdf	A-Conditional-Reduction-for-Algebraic-Kuga-Satake-Correspondences-September-10-2026/build/paper.tex	1	10	0	8	8	0	21	21	1	87896
A-Coulomb-Ground-State-Density-without-Kohn-Sham-Ensemble-Representation-September-25-2026	278	preprints/A-Coulomb-Ground-State-Density-without-Kohn-Sham-Ensemble-Representation-September-25-2026/paper.pdf	A-Coulomb-Ground-State-Density-without-Kohn-Sham-Ensemble-Representation-September-25-2026/build/main.tex	1	10	0	8	21	0	27	27	1	165238
A-Counterexample-to-Kaplanskys-Direct-Finiteness-Conjecture-in-Characteristic-Two-September-23-2026	197	preprints/A-Counterexample-to-Kaplanskys-Direct-Finiteness-Conjecture-in-Characteristic-Two-September-23-2026/paper.pdf	A-Counterexample-to-Kaplanskys-Direct-Finiteness-Conjecture-in-Characteristic-Two-September-23-2026/build/paper.tex	1	10	1	7	18	0	18	19	1	96802
A-Counterexample-to-Kaplanskys-Direct-Finiteness-Conjecture-in-Odd-Characteristic-September-26-2026	197	preprints/A-Counterexample-to-Kaplanskys-Direct-Finiteness-Conjecture-in-Odd-Characteristic-September-26-2026/paper.pdf	A-Counterexample-to-Kaplanskys-Direct-Finiteness-Conjecture-in-Odd-Characteristic-September-26-2026/build/paper.tex	1	8	1	8	9	0	14	16	1	78824
A-Counterexample-to-Kuroshs-Division-Ring-Problem-September-23-2026	201	preprints/A-Counterexample-to-Kuroshs-Division-Ring-Problem-September-23-2026/paper.pdf	A-Counterexample-to-Kuroshs-Division-Ring-Problem-September-23-2026/build/main.tex	1	17	1	12	19	0	28	30	1	153509
A-Counterexample-to-Rysers-Covering-Conjecture-September-23-2026	162	preprints/A-Counterexample-to-Rysers-Covering-Conjecture-September-23-2026/paper.pdf	A-Counterexample-to-Rysers-Covering-Conjecture-September-23-2026/build/paper.tex	1	6	1	7	11	0	16	16	1	124378
A-Counterexample-to-Walls-D2-Problem-October-6-2026	321	preprints/A-Counterexample-to-Walls-D2-Problem-October-6-2026/wall-d2-counterexample.pdf	A-Counterexample-to-Walls-D2-Problem-October-6-2026/build/main.tex	1	7	1	4	2	0	7	7	1	32642
A-Counterexample-to-the-Group-Ring-Determinant-Conjecture-September-23-2026	197	preprints/A-Counterexample-to-the-Group-Ring-Determinant-Conjecture-September-23-2026/paper.pdf	A-Counterexample-to-the-Group-Ring-Determinant-Conjecture-September-23-2026/build/main.tex	1	1	1	5	0	0	8	9	1	24829
A-Counterexample-to-the-Infinite-Matroid-Packing-Covering-Conjecture-September-24-2026	185	preprints/A-Counterexample-to-the-Infinite-Matroid-Packing-Covering-Conjecture-September-24-2026/paper.pdf	A-Counterexample-to-the-Infinite-Matroid-Packing-Covering-Conjecture-September-24-2026/build/paper.tex	1	9	1	7	16	0	20	21	1	69661
A-Cyclic-Polytabloid-Proof-of-Saxls-Conjecture-September-24-2026	205	preprints/A-Cyclic-Polytabloid-Proof-of-Saxls-Conjecture-September-24-2026/paper.pdf	A-Cyclic-Polytabloid-Proof-of-Saxls-Conjecture-September-24-2026/build/paper.tex	1	8	0	6	7	0	11	12	1	62629
A-Direct-Proof-of-Optimal-Max-Cut-Hardness-September-23-2026	102	preprints/A-Direct-Proof-of-Optimal-Max-Cut-Hardness-September-23-2026/paper.pdf	A-Direct-Proof-of-Optimal-Max-Cut-Hardness-September-23-2026/build/main.tex	1	13	1	11	17	0	17	18	1	118800
A-Fixed-Particle-Test-for-Computation-in-a-Forced-Viscous-Flow-September-27-2026	376	preprints/A-Fixed-Particle-Test-for-Computation-in-a-Forced-Viscous-Flow-September-27-2026/manuscript.pdf	A-Fixed-Particle-Test-for-Computation-in-a-Forced-Viscous-Flow-September-27-2026/build/main.tex	1	3	0	6	6	0	4	5	1	44115
A-Fock-space-inequality-and-the-Laughlin-spectral-gap-September-24-2026	269	preprints/A-Fock-space-inequality-and-the-Laughlin-spectral-gap-September-24-2026/A-Fock-space-inequality-and-the-Laughlin-spectral-gap-September-24-2026.pdf	A-Fock-space-inequality-and-the-Laughlin-spectral-gap-September-24-2026/build/main.tex	1	10	1	8	8	0	13	13	1	63361
A-Fully-Polynomial-Randomized-Approximation-Scheme-for-Perfect-Matchings-in-General-Graphs-September-23-2026	113	preprints/A-Fully-Polynomial-Randomized-Approximation-Scheme-for-Perfect-Matchings-in-General-Graphs-September-23-2026/main.pdf	A-Fully-Polynomial-Randomized-Approximation-Scheme-for-Perfect-Matchings-in-General-Graphs-September-23-2026/build/main.tex	1	1	0	10	28	0	25	25	1	153001
A-Gepner-stability-condition-on-every-smooth-quintic-threefold-September-24-2026	055	preprints/A-Gepner-stability-condition-on-every-smooth-quintic-threefold-September-24-2026/paper.pdf	A-Gepner-stability-condition-on-every-smooth-quintic-threefold-September-24-2026/build/paper.tex	1	7	1	5	5	0	18	19	1	75607
A-Limiting-Satisfiability-Threshold-for-Every-Fixed-Clause-Size-September-25-2026	235	preprints/A-Limiting-Satisfiability-Threshold-for-Every-Fixed-Clause-Size-September-25-2026/article.pdf	A-Limiting-Satisfiability-Threshold-for-Every-Fixed-Clause-Size-September-25-2026/build/source/paper.tex	1	10	0	7	16	0	11	11	1	63994
A-Linear-Clock-for-Random-Walk-on-Tree-Weighted-Planar-Maps-October-5-2026	211	preprints/A-Linear-Clock-for-Random-Walk-on-Tree-Weighted-Planar-Maps-October-5-2026/linear-clock-random-walk-tree-weighted-planar-maps.pdf	A-Linear-Clock-for-Random-Walk-on-Tree-Weighted-Planar-Maps-October-5-2026/build/paper.tex	1	10	0	7	30	0	45	46	1	208226
A-Logarithmic-Independence-Bound-for-Clique-Free-Graphs-September-25-2026	184	preprints/A-Logarithmic-Independence-Bound-for-Clique-Free-Graphs-September-25-2026/paper.pdf	A-Logarithmic-Independence-Bound-for-Clique-Free-Graphs-September-25-2026/build/main.tex	1	9	1	6	9	0	13	13	1	58424
A-Low-Space-Algorithm-for-Worst-Case-Subset-Sum-September-26-2026	138	preprints/A-Low-Space-Algorithm-for-Worst-Case-Subset-Sum-September-26-2026/paper.pdf	A-Low-Space-Algorithm-for-Worst-Case-Subset-Sum-September-26-2026/build/main.tex	1	11	0	7	25	1	12	14	1	128194
A-Modulus-Proof-of-Cannons-Conjecture-September-23-2026	246	preprints/A-Modulus-Proof-of-Cannons-Conjecture-September-23-2026/paper.pdf	A-Modulus-Proof-of-Cannons-Conjecture-September-23-2026/build/main.tex	1	9	0	8	20	0	30	31	1	109068
A-Nearly-Quartic-Separation-Between-Randomized-and-Quantum-Query-Complexity-October-5-2026	284	preprints/A-Nearly-Quartic-Separation-Between-Randomized-and-Quantum-Query-Complexity-October-5-2026/quartic-query-separation.pdf	A-Nearly-Quartic-Separation-Between-Randomized-and-Quantum-Query-Complexity-October-5-2026/build/main.tex	1	9	1	6	10	0	12	13	1	56175
A-Negative-Solution-to-the-Finite-Lattice-Representation-Problem-September-24-2026	206	preprints/A-Negative-Solution-to-the-Finite-Lattice-Representation-Problem-September-24-2026/paper.pdf	A-Negative-Solution-to-the-Finite-Lattice-Representation-Problem-September-24-2026/build/main.tex	1	14	1	10	43	0	79	81	1	316181
A-Nonspectrahedral-Hyperbolicity-Cone-September-24-2026	095	preprints/A-Nonspectrahedral-Hyperbolicity-Cone-September-24-2026/nonspectrahedral-hyperbolicity-cone.pdf	A-Nonspectrahedral-Hyperbolicity-Cone-September-24-2026/build/main.tex	1	11	1	8	3	0	7	7	1	39132
A-PD4-group-without-an-aspherical-manifold-model-September-24-2026	305	preprints/A-PD4-group-without-an-aspherical-manifold-model-September-24-2026/paper.pdf	A-PD4-group-without-an-aspherical-manifold-model-September-24-2026/build/paper.tex	1	6	0	5	19	0	18	20	1	118850
A-Pivotal-Amplitude-for-Voronoi-Percolation-from-Cardys-Formula-October-5-2026	224	preprints/A-Pivotal-Amplitude-for-Voronoi-Percolation-from-Cardys-Formula-October-5-2026/voronoi-pivotal-amplitude.pdf	A-Pivotal-Amplitude-for-Voronoi-Percolation-from-Cardys-Formula-October-5-2026/build/paper.tex	1	10	0	7	21	0	24	29	1	158697
A-Polynomial-Time-2-Approximation-for-Shortest-Common-Superstring-September-24-2026	128	preprints/A-Polynomial-Time-2-Approximation-for-Shortest-Common-Superstring-September-24-2026/paper.pdf	A-Polynomial-Time-2-Approximation-for-Shortest-Common-Superstring-September-24-2026/build/paper.tex	1	12	0	7	14	0	17	17	1	68948
A-Power-Saving-for-Polynomial-Differences-at-Prime-Arguments-October-5-2026	182	preprints/A-Power-Saving-for-Polynomial-Differences-at-Prime-Arguments-October-5-2026/prime-argument-polynomial-differences.pdf	A-Power-Saving-for-Polynomial-Differences-at-Prime-Arguments-October-5-2026/build/main.tex	1	9	1	7	23	0	22	24	1	138458
A-Sharp-Threshold-Bound-for-Monotone-Graph-Properties-September-25-2026	186	preprints/A-Sharp-Threshold-Bound-for-Monotone-Graph-Properties-September-25-2026/paper.pdf	A-Sharp-Threshold-Bound-for-Monotone-Graph-Properties-September-25-2026/build/main.tex	1	7	0	4	0	0	6	6	1	31536
A-Smooth-Metric-with-No-Local-Isometric-Immersion-into-Three-Space-September-24-2026	334	preprints/A-Smooth-Metric-with-No-Local-Isometric-Immersion-into-Three-Space-September-24-2026/paper.pdf	A-Smooth-Metric-with-No-Local-Isometric-Immersion-into-Three-Space-September-24-2026/build/main.tex	1	9	1	5	12	0	10	11	1	68858
A-Three-Dimensional-Counterexample-to-Integer-Degree-Harmonic-Dimension-Comparison-September-26-2026	361	preprints/A-Three-Dimensional-Counterexample-to-Integer-Degree-Harmonic-Dimension-Comparison-September-26-2026/paper.pdf	A-Three-Dimensional-Counterexample-to-Integer-Degree-Harmonic-Dimension-Comparison-September-26-2026/build/paper.tex	1	10	0	7	16	0	13	13	1	140746
A-Three-Manifold-Without-Conjugate-Points-and-Without-a-Nonpositively-Curved-Metric-September-24-2026	358	preprints/A-Three-Manifold-Without-Conjugate-Points-and-Without-a-Nonpositively-Curved-Metric-September-24-2026/paper.pdf	A-Three-Manifold-Without-Conjugate-Points-and-Without-a-Nonpositively-Curved-Metric-September-24-2026/build/main.tex	1	9	1	7	8	0	17	17	1	67884
A-Torsion-Free-Counterexample-to-Reduced-Baum-Connes-Injectivity-September-23-2026	285	preprints/A-Torsion-Free-Counterexample-to-Reduced-Baum-Connes-Injectivity-September-23-2026/paper.pdf	A-Torsion-Free-Counterexample-to-Reduced-Baum-Connes-Injectivity-September-23-2026/build/main.tex	1	10	1	9	57	0	58	58	1	294042
A-Torsion-Free-Counterexample-to-the-Kadison-Kaplansky-Projection-Conjecture-September-23-2026	285	preprints/A-Torsion-Free-Counterexample-to-the-Kadison-Kaplansky-Projection-Conjecture-September-23-2026/paper.pdf	A-Torsion-Free-Counterexample-to-the-Kadison-Kaplansky-Projection-Conjecture-September-23-2026/build/paper.tex	1	14	1	11	35	0	52	55	1	263383
A-Torsion-Free-Group-Algebra-That-Is-Not-Directly-Finite-October-4-2026	197	preprints/A-Torsion-Free-Group-Algebra-That-Is-Not-Directly-Finite-October-4-2026/direct-finiteness.pdf	A-Torsion-Free-Group-Algebra-That-Is-Not-Directly-Finite-October-4-2026/build/paper.tex	1	12	1	7	17	0	15	16	1	111266
A-Torsion-Free-Group-Algebra-with-Zero-Divisors-September-23-2026	196	preprints/A-Torsion-Free-Group-Algebra-with-Zero-Divisors-September-23-2026/paper.pdf	A-Torsion-Free-Group-Algebra-with-Zero-Divisors-September-23-2026/build/paper.tex	1	8	1	6	18	0	11	12	1	88044
A-boundary-field-gap-for-the-spin-one-Heisenberg-chain-September-24-2026	268	preprints/A-boundary-field-gap-for-the-spin-one-Heisenberg-chain-September-24-2026/paper.pdf	A-boundary-field-gap-for-the-spin-one-Heisenberg-chain-September-24-2026/build/main.tex	1	10	1	9	16	0	16	18	1	80533
A-boundary-only-obstruction-to-four-dimensional-disk-embedding-September-24-2026	305	preprints/A-boundary-only-obstruction-to-four-dimensional-disk-embedding-September-24-2026/paper.pdf	A-boundary-only-obstruction-to-four-dimensional-disk-embedding-September-24-2026/build/paper.tex	1	11	1	7	27	0	37	37	1	188423
A-classification-of-finite-Euclidean-Ramsey-configurations-September-23-2026	172	preprints/A-classification-of-finite-Euclidean-Ramsey-configurations-September-23-2026/paper.pdf	A-classification-of-finite-Euclidean-Ramsey-configurations-September-23-2026/build/main.tex	1	9	1	7	11	0	23	23	1	83067
A-closed-Ricci-flow-with-bounded-scalar-curvature-and-finite-time-curvature-blowup-September-24-2026	351	preprints/A-closed-Ricci-flow-with-bounded-scalar-curvature-and-finite-time-curvature-blowup-September-24-2026/paper.pdf	A-closed-Ricci-flow-with-bounded-scalar-curvature-and-finite-time-curvature-blowup-September-24-2026/build/paper.tex	1	10	0	6	10	0	17	17	1	65977
A-conditional-abelianity-theorem-for-special-fourfold-pairs-with-a-half-weight-divisor-October-5-2026	057	preprints/A-conditional-abelianity-theorem-for-special-fourfold-pairs-with-a-half-weight-divisor-October-5-2026/main.pdf	A-conditional-abelianity-theorem-for-special-fourfold-pairs-with-a-half-weight-divisor-October-5-2026/build/source/preamble.tex	1	12	1	10	9	0	35	40	1	124596
A-continuum-temperature-singularity-for-a-radial-pair-potential-September-24-2026	228	preprints/A-continuum-temperature-singularity-for-a-radial-pair-potential-September-24-2026/paper.pdf	A-continuum-temperature-singularity-for-a-radial-pair-potential-September-24-2026/build/paper.tex	1	7	1	7	14	0	16	17	1	100859
A-counterexample-to-Hadwigers-conjecture-September-23-2026	157	preprints/A-counterexample-to-Hadwigers-conjecture-September-23-2026/paper.pdf	A-counterexample-to-Hadwigers-conjecture-September-23-2026/build/main.tex	1	18	1	15	51	0	57	57	1	360112
A-counterexample-to-Kaplanskys-quasitrace-conjecture-September-23-2026	294	preprints/A-counterexample-to-Kaplanskys-quasitrace-conjecture-September-23-2026/paper.pdf	A-counterexample-to-Kaplanskys-quasitrace-conjecture-September-23-2026/build/paper.tex	1	10	0	6	2	0	7	8	1	53280
A-counterexample-to-Naimarks-problem-in-ZFC-September-24-2026	297	preprints/A-counterexample-to-Naimarks-problem-in-ZFC-September-24-2026/naimark-counterexample-zfc.pdf	A-counterexample-to-Naimarks-problem-in-ZFC-September-24-2026/build/main.tex	1	7	1	6	12	0	24	25	1	76238
A-counterexample-to-Sidorenkos-conjecture-September-23-2026	161	preprints/A-counterexample-to-Sidorenkos-conjecture-September-23-2026/paper.pdf	A-counterexample-to-Sidorenkos-conjecture-September-23-2026/build/main.tex	1	12	1	8	27	0	30	31	1	169544
A-counterexample-to-Tachikawas-second-conjecture-September-23-2026	199	preprints/A-counterexample-to-Tachikawas-second-conjecture-September-23-2026/paper.pdf	A-counterexample-to-Tachikawas-second-conjecture-September-23-2026/build/paper.tex	1	9	1	8	11	0	31	31	1	125824
A-counterexample-to-integer-degree-harmonic-dimension-comparison-September-25-2026	361	preprints/A-counterexample-to-integer-degree-harmonic-dimension-comparison-September-25-2026/paper.pdf	A-counterexample-to-integer-degree-harmonic-dimension-comparison-September-25-2026/build/paper.tex	1	11	0	8	9	0	14	14	1	117253
A-counterexample-to-the-Colin-de-Verdiere-chromatic-conjecture-September-23-2026	157	preprints/A-counterexample-to-the-Colin-de-Verdiere-chromatic-conjecture-September-23-2026/paper.pdf	A-counterexample-to-the-Colin-de-Verdiere-chromatic-conjecture-September-23-2026/build/main.tex	1	20	1	18	57	0	77	80	1	456828
A-counterexample-to-the-Monge-ansatz-for-the-three-marginal-Coulomb-cost-September-25-2026	373	preprints/A-counterexample-to-the-Monge-ansatz-for-the-three-marginal-Coulomb-cost-September-25-2026/paper.pdf	A-counterexample-to-the-Monge-ansatz-for-the-three-marginal-Coulomb-cost-September-25-2026/build/paper.tex	1	9	1	7	0	0	7	8	1	41954
A-counterexample-to-the-coarse-Novikov-conjecture-September-23-2026	307	preprints/A-counterexample-to-the-coarse-Novikov-conjecture-September-23-2026/paper.pdf	A-counterexample-to-the-coarse-Novikov-conjecture-September-23-2026/build/main.tex	1	8	1	6	12	0	4	5	1	45523
A-counterexample-to-the-nearby-Lagrangian-conjecture-September-23-2026	340	preprints/A-counterexample-to-the-nearby-Lagrangian-conjecture-September-23-2026/paper.pdf	A-counterexample-to-the-nearby-Lagrangian-conjecture-September-23-2026/build/main.tex	1	10	1	7	14	0	16	17	1	94759
A-cubic-lower-bound-for-border-determinantal-complexity-of-the-permanent-September-24-2026	108	preprints/A-cubic-lower-bound-for-border-determinantal-complexity-of-the-permanent-September-24-2026/A-cubic-lower-bound-for-border-determinantal-complexity-of-the-permanent-September-24-2026.pdf	A-cubic-lower-bound-for-border-determinantal-complexity-of-the-permanent-September-24-2026/build/source/main.tex	1	12	1	9	15	0	25	25	1	114857
A-degenerate-counterexample-to-the-critical-number-Arnold-bound-September-23-2026	347	preprints/A-degenerate-counterexample-to-the-critical-number-Arnold-bound-September-23-2026/paper.pdf	A-degenerate-counterexample-to-the-critical-number-Arnold-bound-September-23-2026/build/main.tex	1	8	0	6	0	0	8	8	1	37769
A-density-uniform-condensate-bound-for-dilute-Bose-gases-September-27-2026	267	preprints/A-density-uniform-condensate-bound-for-dilute-Bose-gases-September-27-2026/paper.pdf	A-density-uniform-condensate-bound-for-dilute-Bose-gases-September-27-2026/build/main.tex	1	14	1	11	16	0	18	20	1	145313
A-dimension-free-logarithmic-Sobolev-inequality-for-subgaussian-log-concave-measures-September-23-2026	093	preprints/A-dimension-free-logarithmic-Sobolev-inequality-for-subgaussian-log-concave-measures-September-23-2026/paper.pdf	A-dimension-free-logarithmic-Sobolev-inequality-for-subgaussian-log-concave-measures-September-23-2026/build/main.tex	1	10	1	7	19	0	44	44	1	218009
A-direct-proof-of-the-complete-Crouzeix-inequality-September-26-2026	325	preprints/A-direct-proof-of-the-complete-Crouzeix-inequality-September-26-2026/paper.pdf	A-direct-proof-of-the-complete-Crouzeix-inequality-September-26-2026/build/main.tex	1	3	0	5	2	0	7	7	1	40445
A-directional-zero-one-law-for-finite-range-dependent-random-environments-October-5-2026	220	preprints/A-directional-zero-one-law-for-finite-range-dependent-random-environments-October-5-2026/directional-zero-one-finite-range.pdf	A-directional-zero-one-law-for-finite-range-dependent-random-environments-October-5-2026/build/manuscript/main.tex	1	10	0	7	14	0	18	18	1	124216
A-directional-zero-one-law-under-strict-ellipticity-September-23-2026	220	preprints/A-directional-zero-one-law-under-strict-ellipticity-September-23-2026/paper.pdf	A-directional-zero-one-law-under-strict-ellipticity-September-23-2026/build/main.tex	1	11	1	7	15	0	19	19	1	113609
A-doubling-Hilbert-subset-with-no-finite-dimensional-bi-Lipschitz-embedding-September-25-2026	098	preprints/A-doubling-Hilbert-subset-with-no-finite-dimensional-bi-Lipschitz-embedding-September-25-2026/main.pdf	A-doubling-Hilbert-subset-with-no-finite-dimensional-bi-Lipschitz-embedding-September-25-2026/build/main.tex	1	1	0	7	2	0	5	6	1	41962
A-finite-Smith-Toda-complex-V4-at-the-prime-1009-September-23-2026	308	preprints/A-finite-Smith-Toda-complex-V4-at-the-prime-1009-September-23-2026/paper.pdf	A-finite-Smith-Toda-complex-V4-at-the-prime-1009-September-23-2026/build/main.tex	1	10	1	9	17	0	35	35	1	140489
A-finite-entropy-separation-of-microstates-and-nonmicrostates-free-entropy-September-25-2026	298	preprints/A-finite-entropy-separation-of-microstates-and-nonmicrostates-free-entropy-September-25-2026/paper.pdf	A-finite-entropy-separation-of-microstates-and-nonmicrostates-free-entropy-September-25-2026/build/paper.tex	1	8	0	6	0	0	9	9	1	50466
A-finite-entropy-system-without-a-smooth-positive-volume-model-September-25-2026	152	preprints/A-finite-entropy-system-without-a-smooth-positive-volume-model-September-25-2026/paper.pdf	A-finite-entropy-system-without-a-smooth-positive-volume-model-September-25-2026/build/main.tex	1	9	1	7	21	0	21	21	1	132997
A-finite-time-singularity-of-Calabi-flow-on-projective-space-September-24-2026	352	preprints/A-finite-time-singularity-of-Calabi-flow-on-projective-space-September-24-2026/paper.pdf	A-finite-time-singularity-of-Calabi-flow-on-projective-space-September-24-2026/build/main.tex	1	10	1	8	32	0	20	22	1	168819
A-finitely-generated-counterexample-to-the-Eilenberg-Ganea-conjecture-September-23-2026	249	preprints/A-finitely-generated-counterexample-to-the-Eilenberg-Ganea-conjecture-September-23-2026/paper.pdf	A-finitely-generated-counterexample-to-the-Eilenberg-Ganea-conjecture-September-23-2026/build/main.tex	1	8	1	5	16	0	14	15	1	87147
A-group-without-fixed-price-October-5-2026	259	preprints/A-group-without-fixed-price-October-5-2026/unequal-costs-rank-100-amalgam.pdf	A-group-without-fixed-price-October-5-2026/build/paper.tex	1	10	1	8	17	0	14	15	1	86505
A-high-arity-counterexample-to-Pixton-completeness-in-Chow-September-24-2026	053	preprints/A-high-arity-counterexample-to-Pixton-completeness-in-Chow-September-24-2026/paper.pdf	A-high-arity-counterexample-to-Pixton-completeness-in-Chow-September-24-2026/build/main.tex	1	12	0	8	39	3	30	33	1	217445
A-hyperbolic-group-with-no-geometric-CAT0-action-September-25-2026	257	preprints/A-hyperbolic-group-with-no-geometric-CAT0-action-September-25-2026/paper.pdf	A-hyperbolic-group-with-no-geometric-CAT0-action-September-25-2026/build/main.tex	1	12	1	7	27	0	31	31	1	143032
A-latest-anchor-induction-with-spectrally-compact-masks-for-worst-case-trace-reconstruction-October-5-2026	122	preprints/A-latest-anchor-induction-with-spectrally-compact-masks-for-worst-case-trace-reconstruction-October-5-2026/paper.pdf	A-latest-anchor-induction-with-spectrally-compact-masks-for-worst-case-trace-reconstruction-October-5-2026/build/main.tex	3	3	0	8	3	0	0	1	1	53352
A-linear-cycle-and-edge-decomposition-of-every-graph-September-24-2026	181	preprints/A-linear-cycle-and-edge-decomposition-of-every-graph-September-24-2026/main.pdf	A-linear-cycle-and-edge-decomposition-of-every-graph-September-24-2026/build/main.tex	1	8	1	7	8	0	13	16	1	106315
A-linear-list-coloring-bound-in-terms-of-the-Hadwiger-number-September-23-2026	157	preprints/A-linear-list-coloring-bound-in-terms-of-the-Hadwiger-number-September-23-2026/paper.pdf	A-linear-list-coloring-bound-in-terms-of-the-Hadwiger-number-September-23-2026/build/main.tex	1	12	1	8	13	0	31	34	1	141321
A-local-Penrose-inequality-for-conformal-perturbations-of-Schwarzschild-anti-de-Sitter-data-October-5-2026	260	preprints/A-local-Penrose-inequality-for-conformal-perturbations-of-Schwarzschild-anti-de-Sitter-data-October-5-2026/paper.pdf	A-local-Penrose-inequality-for-conformal-perturbations-of-Schwarzschild-anti-de-Sitter-data-October-5-2026/build/paper.tex	1	8	1	7	19	0	19	20	1	125070
A-marked-tensor-obstruction-to-four-dimensional-disk-embedding-September-24-2026	305	preprints/A-marked-tensor-obstruction-to-four-dimensional-disk-embedding-September-24-2026/paper.pdf	A-marked-tensor-obstruction-to-four-dimensional-disk-embedding-September-24-2026/build/paper.tex	1	12	1	8	30	0	30	31	1	197230
A-negatively-pinched-Kahler-threefold-without-bounded-holomorphic-coordinates-September-25-2026	359	preprints/A-negatively-pinched-Kahler-threefold-without-bounded-holomorphic-coordinates-September-25-2026/paper.pdf	A-negatively-pinched-Kahler-threefold-without-bounded-holomorphic-coordinates-September-25-2026/build/main.tex	1	11	1	9	14	0	27	27	1	108360
A-nine-dimensional-counterexample-to-Borsuks-covering-assertion-September-23-2026	156	preprints/A-nine-dimensional-counterexample-to-Borsuks-covering-assertion-September-23-2026/paper.pdf	A-nine-dimensional-counterexample-to-Borsuks-covering-assertion-September-23-2026/build/main.tex	1	12	1	7	2	0	16	16	1	57352
A-nondegenerate-counterexample-to-the-Morse-number-Arnold-bound-September-23-2026	347	preprints/A-nondegenerate-counterexample-to-the-Morse-number-Arnold-bound-September-23-2026/paper.pdf	A-nondegenerate-counterexample-to-the-Morse-number-Arnold-bound-September-23-2026/build/main.tex	1	7	1	6	10	0	9	10	1	65998
A-pointwise-2-converse-for-elliptic-curves-with-rational-two-torsion-October-7-2026	004	preprints/A-pointwise-2-converse-for-elliptic-curves-with-rational-two-torsion-October-7-2026/paper.pdf	A-pointwise-2-converse-for-elliptic-curves-with-rational-two-torsion-October-7-2026/build/paper.tex	1	11	1	9	33	0	71	72	1	343030
A-polynomial-time-algorithm-for-three-machine-unit-job-scheduling-September-24-2026	124	preprints/A-polynomial-time-algorithm-for-three-machine-unit-job-scheduling-September-24-2026/paper.pdf	A-polynomial-time-algorithm-for-three-machine-unit-job-scheduling-September-24-2026/build/paper.tex	1	66	1	10	17	0	27	26	1	1081391
A-polynomial-time-construction-of-strong-thin-trees-September-23-2026	174	preprints/A-polynomial-time-construction-of-strong-thin-trees-September-23-2026/paper.pdf	A-polynomial-time-construction-of-strong-thin-trees-September-23-2026/build/source/main.tex	1	12	1	8	12	0	15	16	1	132138
A-positive-solution-to-Tingleys-problem-September-23-2026	322	preprints/A-positive-solution-to-Tingleys-problem-September-23-2026/paper.pdf	A-positive-solution-to-Tingleys-problem-September-23-2026/build/main.tex	1	2	0	7	0	0	12	12	1	40555
A-power-improvement-in-the-Heilbronn-triangle-lower-bound-September-25-2026	191	preprints/A-power-improvement-in-the-Heilbronn-triangle-lower-bound-September-25-2026/main.pdf	A-power-improvement-in-the-Heilbronn-triangle-lower-bound-September-25-2026/build/main.tex	1	10	1	9	4	0	22	22	1	73644
A-power-saving-for-intersective-polynomial-differences-with-an-exponent-depending-only-on-the-degree-October-5-2026	182	preprints/A-power-saving-for-intersective-polynomial-differences-with-an-exponent-depending-only-on-the-degree-October-5-2026/power-saving-intersective-polynomial-differences.pdf	A-power-saving-for-intersective-polynomial-differences-with-an-exponent-depending-only-on-the-degree-October-5-2026/build/manuscript/main.tex	1	9	1	7	25	0	31	31	1	150785
A-power-saving-for-planar-halving-lines-September-25-2026	183	preprints/A-power-saving-for-planar-halving-lines-September-25-2026/main.pdf	A-power-saving-for-planar-halving-lines-September-25-2026/build/main.tex	1	9	1	8	11	0	17	20	1	103571
A-power-saving-for-planar-unit-distances-September-23-2026	167	preprints/A-power-saving-for-planar-unit-distances-September-23-2026/paper.pdf	A-power-saving-for-planar-unit-distances-September-23-2026/build/main.tex	1	11	1	8	28	0	38	39	1	171818
A-power-saving-for-square-difference-free-sets-September-24-2026	182	preprints/A-power-saving-for-square-difference-free-sets-September-24-2026/paper.pdf	A-power-saving-for-square-difference-free-sets-September-24-2026/build/main.tex	1	13	1	9	13	0	21	21	1	152922
A-product-counterexample-to-the-simplex-maximum-for-projection-body-volume-September-24-2026	088	preprints/A-product-counterexample-to-the-simplex-maximum-for-projection-body-volume-September-24-2026/paper.pdf	A-product-counterexample-to-the-simplex-maximum-for-projection-body-volume-September-24-2026/build/main.tex	1	2	0	4	0	0	6	6	1	20728
A-projective-fourfold-with-large-fundamental-group-and-non-Stein-universal-cover-October-5-2026	046	preprints/A-projective-fourfold-with-large-fundamental-group-and-non-Stein-universal-cover-October-5-2026/large-fundamental-group-non-stein.pdf	A-projective-fourfold-with-large-fundamental-group-and-non-Stein-universal-cover-October-5-2026/build/main.tex	1	12	1	7	30	0	22	26	1	165632
A-proof-of-Seymours-second-neighborhood-conjecture-September-23-2026	173	preprints/A-proof-of-Seymours-second-neighborhood-conjecture-September-23-2026/paper.pdf	A-proof-of-Seymours-second-neighborhood-conjecture-September-23-2026/build/source/main.tex	1	8	1	6	0	0	9	9	1	47996
A-quadratic-bound-for-Jacobsthals-function-September-25-2026	021	preprints/A-quadratic-bound-for-Jacobsthals-function-September-25-2026/paper.pdf	A-quadratic-bound-for-Jacobsthals-function-September-25-2026/build/main.tex	1	15	1	12	32	0	36	38	1	269564
A-radial-continuum-phase-transition-with-algebraic-decay-September-24-2026	228	preprints/A-radial-continuum-phase-transition-with-algebraic-decay-September-24-2026/paper.pdf	A-radial-continuum-phase-transition-with-algebraic-decay-September-24-2026/build/paper.tex	1	9	1	7	12	0	25	25	1	107040
A-rational-obstruction-to-strong-chromatic-splitting-at-height-three-September-25-2026	318	preprints/A-rational-obstruction-to-strong-chromatic-splitting-at-height-three-September-25-2026/paper.pdf	A-rational-obstruction-to-strong-chromatic-splitting-at-height-three-September-25-2026/build/main.tex	1	14	1	11	26	0	26	26	1	180734
A-sharp-Fourier-certificate-for-planar-circle-packing-September-23-2026	090	preprints/A-sharp-Fourier-certificate-for-planar-circle-packing-September-23-2026/paper.pdf	A-sharp-Fourier-certificate-for-planar-circle-packing-September-23-2026/build/main.tex	1	13	1	7	28	3	20	20	1	151491
A-sharp-entropy-bound-and-the-simplex-inequality-for-isotropic-constants-October-5-2026	101	preprints/A-sharp-entropy-bound-and-the-simplex-inequality-for-isotropic-constants-October-5-2026/isotropic-simplex.pdf	A-sharp-entropy-bound-and-the-simplex-inequality-for-isotropic-constants-October-5-2026/build/manuscript/main.tex	1	9	1	8	18	0	18	18	1	125593
A-single-lattice-covering-bound-of-order-n-log-n-September-23-2026	092	preprints/A-single-lattice-covering-bound-of-order-n-log-n-September-23-2026/paper.pdf	A-single-lattice-covering-bound-of-order-n-log-n-September-23-2026/build/main.tex	1	9	0	6	8	0	10	10	1	73453
A-singular-normal-affine-surface-with-free-tangent-sheaf-September-23-2026	048	preprints/A-singular-normal-affine-surface-with-free-tangent-sheaf-September-23-2026/paper.pdf	A-singular-normal-affine-surface-with-free-tangent-sheaf-September-23-2026/build/paper.tex	1	8	0	6	18	0	18	18	1	129863
A-smooth-three-torus-diffeomorphism-with-simple-Lebesgue-spectrum-September-23-2026	144	preprints/A-smooth-three-torus-diffeomorphism-with-simple-Lebesgue-spectrum-September-23-2026/paper.pdf	A-smooth-three-torus-diffeomorphism-with-simple-Lebesgue-spectrum-September-23-2026/build/main.tex	1	7	1	6	2	0	12	12	1	95951
A-spectral-gap-throughout-the-high-temperature-Sherrington-Kirkpatrick-phase-September-24-2026	227	preprints/A-spectral-gap-throughout-the-high-temperature-Sherrington-Kirkpatrick-phase-September-24-2026/main.pdf	A-spectral-gap-throughout-the-high-temperature-Sherrington-Kirkpatrick-phase-September-24-2026/build/main.tex	1	12	0	8	27	0	25	26	1	212433
A-stable-coordinate-that-is-not-a-coordinate-in-four-variables-October-5-2026	049	preprints/A-stable-coordinate-that-is-not-a-coordinate-in-four-variables-October-5-2026/stable-coordinate-four-variables.pdf	A-stable-coordinate-that-is-not-a-coordinate-in-four-variables-October-5-2026/build/source/main.tex	1	6	1	5	8	0	15	15	1	41952
A-strict-four-row-permanent-inequality-and-permutation-moments-September-26-2026	238	preprints/A-strict-four-row-permanent-inequality-and-permutation-moments-September-26-2026/main.pdf	A-strict-four-row-permanent-inequality-and-permutation-moments-September-26-2026/build/main.tex	1	8	1	7	0	0	10	10	1	59748
A-strict-inverse-first-power-bound-for-univalent-functions-September-24-2026	072	preprints/A-strict-inverse-first-power-bound-for-univalent-functions-September-24-2026/paper.pdf	A-strict-inverse-first-power-bound-for-univalent-functions-September-24-2026/build/main.tex	1	9	1	7	9	0	15	15	1	44729
A-superquadratic-separation-between-sensitivity-and-block-sensitivity-September-25-2026	132	preprints/A-superquadratic-separation-between-sensitivity-and-block-sensitivity-September-25-2026/paper.pdf	A-superquadratic-separation-between-sensitivity-and-block-sensitivity-September-25-2026/build/paper.tex	1	5	1	4	5	0	8	8	1	33657
A-surface-counterexample-to-Shafarevich-holomorphic-convexity-September-23-2026	046	preprints/A-surface-counterexample-to-Shafarevich-holomorphic-convexity-September-23-2026/paper.pdf	A-surface-counterexample-to-Shafarevich-holomorphic-convexity-September-23-2026/build/main.tex	1	7	1	6	20	0	19	19	1	83684
A-translational-tile-with-no-fully-periodic-tiling-in-dimension-three-September-23-2026	155	preprints/A-translational-tile-with-no-fully-periodic-tiling-in-dimension-three-September-23-2026/paper.pdf	A-translational-tile-with-no-fully-periodic-tiling-in-dimension-three-September-23-2026/build/paper.tex	1	10	1	7	17	0	21	21	1	88486
A-two-dimensional-area-law-from-a-global-spectral-gap-September-24-2026	265	preprints/A-two-dimensional-area-law-from-a-global-spectral-gap-September-24-2026/paper.pdf	A-two-dimensional-area-law-from-a-global-spectral-gap-September-24-2026/build/main.tex	1	13	1	11	42	0	34	36	1	312596
A-typical-start-upper-bound-for-low-temperature-SK-Glauber-dynamics-September-24-2026	227	preprints/A-typical-start-upper-bound-for-low-temperature-SK-Glauber-dynamics-September-24-2026/paper.pdf	A-typical-start-upper-bound-for-low-temperature-SK-Glauber-dynamics-September-24-2026/build/paper.tex	1	10	0	7	10	0	8	8	1	76161
A-uniform-Hilbert-transform-estimate-for-Lipschitz-directions-September-25-2026	083	preprints/A-uniform-Hilbert-transform-estimate-for-Lipschitz-directions-September-25-2026/main.pdf	A-uniform-Hilbert-transform-estimate-for-Lipschitz-directions-September-25-2026/build/main.tex	1	15	1	7	61	0	47	50	1	310994
A-uniform-influence-bound-for-hypergraph-properties-October-5-2026	186	preprints/A-uniform-influence-bound-for-hypergraph-properties-October-5-2026/hypergraph-influences.pdf	A-uniform-influence-bound-for-hypergraph-properties-October-5-2026/build/main.tex	1	6	0	4	0	0	5	5	1	22966
A-universal-group-of-type-F-infinity-September-23-2026	250	preprints/A-universal-group-of-type-F-infinity-September-23-2026/paper.pdf	A-universal-group-of-type-F-infinity-September-23-2026/build/main.tex	1	10	0	8	9	0	11	12	1	62475
Abelian-covers-Gale-correspondences-and-the-Hodge-conjecture-for-powers-October-6-2026	032	preprints/Abelian-covers-Gale-correspondences-and-the-Hodge-conjecture-for-powers-October-6-2026/paper.pdf	Abelian-covers-Gale-correspondences-and-the-Hodge-conjecture-for-powers-October-6-2026/build/paper.tex	1	1	0	8	17	0	34	38	1	177793
Absolutely-Continuous-Spectrum-for-Weak-Disorder-Anderson-Models-in-Dimensions-at-Least-Three-September-23-2026	261	preprints/Absolutely-Continuous-Spectrum-for-Weak-Disorder-Anderson-Models-in-Dimensions-at-Least-Three-September-23-2026/paper.pdf	Absolutely-Continuous-Spectrum-for-Weak-Disorder-Anderson-Models-in-Dimensions-at-Least-Three-September-23-2026/build/paper.tex	1	11	1	9	42	0	40	41	1	317201
Abundance-after-nonvanishing-for-compact-Kahler-fourfolds-September-27-2026	034	preprints/Abundance-after-nonvanishing-for-compact-Kahler-fourfolds-September-27-2026/paper.pdf	Abundance-after-nonvanishing-for-compact-Kahler-fourfolds-September-27-2026/build/main.tex	1	17	1	13	42	8	36	38	1	345961
Abundance-in-numerical-dimension-one-for-terminal-threefolds-in-positive-characteristic-September-24-2026	035	preprints/Abundance-in-numerical-dimension-one-for-terminal-threefolds-in-positive-characteristic-September-24-2026/paper.pdf	Abundance-in-numerical-dimension-one-for-terminal-threefolds-in-positive-characteristic-September-24-2026/build/paper.tex	1	8	1	6	28	0	29	30	1	159452
Additive-hardness-and-unbounded-configuration-gaps-in-bin-packing-September-24-2026	118	preprints/Additive-hardness-and-unbounded-configuration-gaps-in-bin-packing-September-24-2026/Additive-hardness-and-unbounded-configuration-gaps-in-bin-packing-September-24-2026.pdf	Additive-hardness-and-unbounded-configuration-gaps-in-bin-packing-September-24-2026/build/source/main.tex	1	10	0	7	14	0	16	17	1	97379
Algebraic-Kuga-Satake-correspondences-and-Hodge-conjectures-on-a-K3-quadratic-locus-September-30-2026	032	preprints/Algebraic-Kuga-Satake-correspondences-and-Hodge-conjectures-on-a-K3-quadratic-locus-September-30-2026/paper.pdf	Algebraic-Kuga-Satake-correspondences-and-Hodge-conjectures-on-a-K3-quadratic-locus-September-30-2026/build/paper.tex	1	1	0	9	38	0	39	39	1	261060
All-temperature-pressure-for-orthogonally-invariant-Ising-spin-glasses-September-25-2026	234	preprints/All-temperature-pressure-for-orthogonally-invariant-Ising-spin-glasses-September-25-2026/paper.pdf	All-temperature-pressure-for-orthogonally-invariant-Ising-spin-glasses-September-25-2026/build/invariant-sk.tex	1	9	0	8	30	0	35	36	1	211299
Almost-Linear-Time-Maximum-Cardinality-Matching-in-Sparse-General-Graphs-September-24-2026	120	preprints/Almost-Linear-Time-Maximum-Cardinality-Matching-in-Sparse-General-Graphs-September-24-2026/main.pdf	Almost-Linear-Time-Maximum-Cardinality-Matching-in-Sparse-General-Graphs-September-24-2026/build/main.tex	1	15	1	10	45	0	53	53	1	315440
Almost-everywhere-Fourier-convergence-in-L-log-L-September-23-2026	075	preprints/Almost-everywhere-Fourier-convergence-in-L-log-L-September-23-2026/paper.pdf	Almost-everywhere-Fourier-convergence-in-L-log-L-September-23-2026/build/main.tex	1	14	1	10	41	6	30	30	1	248765
Almost-everywhere-regularity-of-stationary-integral-varifolds-September-23-2026	346	preprints/Almost-everywhere-regularity-of-stationary-integral-varifolds-September-23-2026/paper.pdf	Almost-everywhere-regularity-of-stationary-integral-varifolds-September-23-2026/build/paper.tex	1	13	1	9	20	0	33	33	1	289747
Ambiently-homeomorphic-isolated-hypersurface-germs-in-C4-with-multiplicities-four-and-five-September-27-2026	059	preprints/Ambiently-homeomorphic-isolated-hypersurface-germs-in-C4-with-multiplicities-four-and-five-September-27-2026/paper.pdf	Ambiently-homeomorphic-isolated-hypersurface-germs-in-C4-with-multiplicities-four-and-five-September-27-2026/build/paper.tex	1	12	1	9	14	0	21	22	1	128124
Ambiently-homeomorphic-isolated-hypersurfaces-of-multiplicities-two-and-three-September-24-2026	059	preprints/Ambiently-homeomorphic-isolated-hypersurfaces-of-multiplicities-two-and-three-September-24-2026/paper.pdf	Ambiently-homeomorphic-isolated-hypersurfaces-of-multiplicities-two-and-three-September-24-2026/build/paper.tex	1	10	1	7	16	0	20	29	1	95998
An-Almost-Linear-Approximation-Scheme-for-Edit-Distance-September-24-2026	121	preprints/An-Almost-Linear-Approximation-Scheme-for-Edit-Distance-September-24-2026/paper.pdf	An-Almost-Linear-Approximation-Scheme-for-Edit-Distance-September-24-2026/build/paper.tex	1	13	1	10	32	0	22	24	1	141009
An-Artin-group-with-no-geometric-CAT-0-action-September-23-2026	254	preprints/An-Artin-group-with-no-geometric-CAT-0-action-September-23-2026/paper.pdf	An-Artin-group-with-no-geometric-CAT-0-action-September-23-2026/build/main.tex	1	10	0	7	14	0	23	23	1	97154
An-Endpoint-Gradient-Bound-for-the-Centered-Disk-Maximal-Operator-September-26-2026	085	preprints/An-Endpoint-Gradient-Bound-for-the-Centered-Disk-Maximal-Operator-September-26-2026/article.pdf	An-Endpoint-Gradient-Bound-for-the-Centered-Disk-Maximal-Operator-September-26-2026/build/main.tex	1	9	1	7	22	0	20	21	1	143745
An-Exact-Semidefinite-Lift-of-a-Nonspectrahedral-Hyperbolicity-Cone-October-5-2026	095	preprints/An-Exact-Semidefinite-Lift-of-a-Nonspectrahedral-Hyperbolicity-Cone-October-5-2026/Exact-Semidefinite-Lift-of-a-Nonspectrahedral-Hyperbolicity-Cone.pdf	An-Exact-Semidefinite-Lift-of-a-Nonspectrahedral-Hyperbolicity-Cone-October-5-2026/build/main.tex	1	6	1	4	5	0	5	5	1	29690
An-FPRAS-for-Cell-Bounded-Contingency-Tables-September-24-2026	115	preprints/An-FPRAS-for-Cell-Bounded-Contingency-Tables-September-24-2026/main.pdf	An-FPRAS-for-Cell-Bounded-Contingency-Tables-September-24-2026/build/main.tex	1	11	1	8	25	0	22	23	1	161624
An-FPRAS-for-Common-Integer-Polymatroid-Bases-with-Binary-Capacities-October-5-2026	114	preprints/An-FPRAS-for-Common-Integer-Polymatroid-Bases-with-Binary-Capacities-October-5-2026/polymatroid-fpras.pdf	An-FPRAS-for-Common-Integer-Polymatroid-Bases-with-Binary-Capacities-October-5-2026/build/main.tex	1	8	1	7	27	0	26	27	1	147674
An-Infinite-Finitely-Presented-Simple-Amenable-Group-September-23-2026	253	preprints/An-Infinite-Finitely-Presented-Simple-Amenable-Group-September-23-2026/paper.pdf	An-Infinite-Finitely-Presented-Simple-Amenable-Group-September-23-2026/build/main.tex	1	10	1	9	29	0	47	47	1	227984
An-Integral-Counterexample-to-Gerstens-Conjecture-September-25-2026	209	preprints/An-Integral-Counterexample-to-Gerstens-Conjecture-September-25-2026/An-Integral-Counterexample-to-Gerstens-Conjecture-September-25-2026.pdf	An-Integral-Counterexample-to-Gerstens-Conjecture-September-25-2026/build/source/main.tex	1	8	1	8	1	0	12	12	1	77914
An-Integral-Degree-Three-Gersten-Counterexample-September-26-2026	209	preprints/An-Integral-Degree-Three-Gersten-Counterexample-September-26-2026/paper.pdf	An-Integral-Degree-Three-Gersten-Counterexample-September-26-2026/build/main.tex	1	6	1	5	2	0	6	6	1	31748
An-Irrational-Trace-Counterexample-to-Reduced-Baum-Connes-September-23-2026	285	preprints/An-Irrational-Trace-Counterexample-to-Reduced-Baum-Connes-September-23-2026/paper.pdf	An-Irrational-Trace-Counterexample-to-Reduced-Baum-Connes-September-23-2026/build/paper.tex	1	9	1	6	9	0	16	16	1	73890
An-Isolated-Particle-Pole-for-the-Two-Dimensional-O3-Spin-Field-October-4-2026	215	preprints/An-Isolated-Particle-Pole-for-the-Two-Dimensional-O3-Spin-Field-October-4-2026/o3-particle-pole.pdf	An-Isolated-Particle-Pole-for-the-Two-Dimensional-O3-Spin-Field-October-4-2026/build/main.tex	1	10	1	7	20	0	18	19	1	81973
An-L2-Einstein-Gap-for-Nonnegatively-Curved-Four-Manifolds-October-5-2026	348	preprints/An-L2-Einstein-Gap-for-Nonnegatively-Curved-Four-Manifolds-October-5-2026/einstein-gap.pdf	An-L2-Einstein-Gap-for-Nonnegatively-Curved-Four-Manifolds-October-5-2026/build/source/main.tex	1	1	1	5	6	0	11	12	1	34432
An-L3-bound-for-the-dyadic-triangular-Hilbert-form-October-5-2026	082	preprints/An-L3-bound-for-the-dyadic-triangular-Hilbert-form-October-5-2026/dyadic-triangular-hilbert.pdf	An-L3-bound-for-the-dyadic-triangular-Hilbert-form-October-5-2026/build/main.tex	1	9	1	5	4	0	9	8	1	30531
An-L3-bound-for-the-trilinear-Hilbert-transform-October-5-2026	086	preprints/An-L3-bound-for-the-trilinear-Hilbert-transform-October-5-2026/paper.pdf	An-L3-bound-for-the-trilinear-Hilbert-transform-October-5-2026/build/paper.tex	1	12	1	10	50	0	54	58	1	348782
An-algebra-of-infinite-little-finitistic-dimension-September-23-2026	198	preprints/An-algebra-of-infinite-little-finitistic-dimension-September-23-2026/paper.pdf	An-algebra-of-infinite-little-finitistic-dimension-September-23-2026/build/paper.tex	1	8	1	6	16	0	16	16	1	77995
An-asymptotic-formula-for-the-number-of-totients-September-25-2026	024	preprints/An-asymptotic-formula-for-the-number-of-totients-September-25-2026/An-asymptotic-formula-for-the-number-of-totients-September-25-2026.pdf	An-asymptotic-formula-for-the-number-of-totients-September-25-2026/build/source/main.tex	1	8	1	7	21	0	21	22	1	111034
An-atomic-certificate-for-triangular-lattice-universal-optimality-September-26-2026	090	preprints/An-atomic-certificate-for-triangular-lattice-universal-optimality-September-26-2026/paper.pdf	An-atomic-certificate-for-triangular-lattice-universal-optimality-September-26-2026/build/main.tex	1	1	1	7	18	0	13	13	1	103614
An-exact-Hausdorff-gauge-for-SLE-September-25-2026	230	preprints/An-exact-Hausdorff-gauge-for-SLE-September-25-2026/An-exact-Hausdorff-gauge-for-SLE-September-25-2026.pdf	An-exact-Hausdorff-gauge-for-SLE-September-25-2026/build/main.tex	1	12	1	8	20	0	19	20	1	123602
An-explicit-counterexample-to-the-Auslander-Reiten-conjecture-September-23-2026	199	preprints/An-explicit-counterexample-to-the-Auslander-Reiten-conjecture-September-23-2026/paper.pdf	An-explicit-counterexample-to-the-Auslander-Reiten-conjecture-September-23-2026/build/main.tex	1	11	1	10	18	0	18	20	1	95574
An-explicit-exact-Hausdorff-gauge-for-SLE-September-26-2026	230	preprints/An-explicit-exact-Hausdorff-gauge-for-SLE-September-26-2026/An-explicit-exact-Hausdorff-gauge-for-SLE-September-26-2026.pdf	An-explicit-exact-Hausdorff-gauge-for-SLE-September-26-2026/build/main.tex	1	14	1	7	19	0	27	27	1	175591
An-explicit-failure-of-complex-affine-space-cancellation-September-23-2026	047	preprints/An-explicit-failure-of-complex-affine-space-cancellation-September-23-2026/paper.pdf	An-explicit-failure-of-complex-affine-space-cancellation-September-23-2026/build/main.tex	1	10	0	7	8	0	17	17	1	91589
An-explicit-noncoordinate-polynomial-with-affine-three-space-zero-fibre-September-24-2026	049	preprints/An-explicit-noncoordinate-polynomial-with-affine-three-space-zero-fibre-September-24-2026/paper.pdf	An-explicit-noncoordinate-polynomial-with-affine-three-space-zero-fibre-September-24-2026/build/paper.tex	1	1	0	4	0	0	3	3	1	18775
An-explicit-obstruction-to-nuclear-norm-ultrapower-embeddings-September-23-2026	292	preprints/An-explicit-obstruction-to-nuclear-norm-ultrapower-embeddings-September-23-2026/paper.pdf	An-explicit-obstruction-to-nuclear-norm-ultrapower-embeddings-September-23-2026/build/paper.tex	1	8	1	6	6	0	10	11	1	44626
An-explicit-power-saving-for-the-exact-discrete-Fourier-transform-September-25-2026	130	preprints/An-explicit-power-saving-for-the-exact-discrete-Fourier-transform-September-25-2026/main.pdf	An-explicit-power-saving-for-the-exact-discrete-Fourier-transform-September-25-2026/build/main.tex	1	8	1	6	23	0	18	20	1	101736
An-exponential-state-lower-bound-for-two-way-nondeterministic-complementation-September-25-2026	129	preprints/An-exponential-state-lower-bound-for-two-way-nondeterministic-complementation-September-25-2026/paper.pdf	An-exponential-state-lower-bound-for-two-way-nondeterministic-complementation-September-25-2026/build/paper.tex	1	8	1	5	9	0	16	15	1	60481
An-exponential-two-way-deterministic-state-lower-bound-for-one-way-liveness-September-25-2026	129	preprints/An-exponential-two-way-deterministic-state-lower-bound-for-one-way-liveness-September-25-2026/main.pdf	An-exponential-two-way-deterministic-state-lower-bound-for-one-way-liveness-September-25-2026/build/main.tex	1	11	1	5	10	0	13	13	1	68472
An-infinite-finitely-presented-periodic-group-September-23-2026	247	preprints/An-infinite-finitely-presented-periodic-group-September-23-2026/paper.pdf	An-infinite-finitely-presented-periodic-group-September-23-2026/build/paper.tex	1	8	0	6	23	0	41	42	1	174602
An-infinite-finitely-presented-residually-finite-2-group-October-5-2026	247	preprints/An-infinite-finitely-presented-residually-finite-2-group-October-5-2026/residually-finite-torsion.pdf	An-infinite-finitely-presented-residually-finite-2-group-October-5-2026/build/main.tex	1	10	0	8	10	0	23	26	1	85436
An-integral-scalar-curvature-bound-for-real-simplicial-volume-October-5-2026	335	preprints/An-integral-scalar-curvature-bound-for-real-simplicial-volume-October-5-2026/v126-proof.pdf	An-integral-scalar-curvature-bound-for-real-simplicial-volume-October-5-2026/build/main.tex	1	9	0	6	21	0	20	21	1	317966
An-isomorphism-of-the-free-group-factors-September-23-2026	287	preprints/An-isomorphism-of-the-free-group-factors-September-23-2026/An-isomorphism-of-the-free-group-factors-September-23-2026.pdf	An-isomorphism-of-the-free-group-factors-September-23-2026/build/main.tex	1	8	1	7	11	0	16	16	1	73603
An-unconditional-first-moment-for-cubic-Gauss-sums-September-25-2026	023	preprints/An-unconditional-first-moment-for-cubic-Gauss-sums-September-25-2026/paper.pdf	An-unconditional-first-moment-for-cubic-Gauss-sums-September-25-2026/build/paper.tex	1	8	0	8	21	0	25	27	1	177393
Annular-variation-of-the-triangular-Hilbert-transform-at-the-symmetric-point-October-5-2026	082	preprints/Annular-variation-of-the-triangular-Hilbert-transform-at-the-symmetric-point-October-5-2026/annular-variation.pdf	Annular-variation-of-the-triangular-Hilbert-transform-at-the-symmetric-point-October-5-2026/build/main.tex	1	10	1	9	19	0	27	27	1	111249
Anticanonical-nonvanishing-from-smooth-semipositivity-September-26-2026	068	preprints/Anticanonical-nonvanishing-from-smooth-semipositivity-September-26-2026/main.pdf	Anticanonical-nonvanishing-from-smooth-semipositivity-September-26-2026/build/source/main.tex	1	8	1	7	13	0	13	13	1	90595
Approximate-counting-of-common-bases-of-two-matroids-September-23-2026	114	preprints/Approximate-counting-of-common-bases-of-two-matroids-September-23-2026/main.pdf	Approximate-counting-of-common-bases-of-two-matroids-September-23-2026/build/main.tex	1	2	0	9	14	0	8	10	1	83400
Approximation-Paving-over-Arbitrary-Maximal-Abelian-Subalgebras-September-25-2026	300	preprints/Approximation-Paving-over-Arbitrary-Maximal-Abelian-Subalgebras-September-25-2026/Approximation-Paving-over-Arbitrary-Maximal-Abelian-Subalgebras-September-25-2026.pdf	Approximation-Paving-over-Arbitrary-Maximal-Abelian-Subalgebras-September-25-2026/build/source/main.tex	1	11	0	7	19	0	27	27	1	164009
Area-controlled-end-replacement-and-the-Bondi-Penrose-inequality-in-the-CKS-class-September-27-2026	260	preprints/Area-controlled-end-replacement-and-the-Bondi-Penrose-inequality-in-the-CKS-class-September-27-2026/paper.pdf	Area-controlled-end-replacement-and-the-Bondi-Penrose-inequality-in-the-CKS-class-September-27-2026/build/paper.tex	1	9	0	7	11	0	8	10	1	85866
Arithmetic-Stein-degree-bounds-for-log-Calabi-Yau-pairs-September-25-2026	034	preprints/Arithmetic-Stein-degree-bounds-for-log-Calabi-Yau-pairs-September-25-2026/paper.pdf	Arithmetic-Stein-degree-bounds-for-log-Calabi-Yau-pairs-September-25-2026/build/paper.tex	1	1	0	5	15	0	12	13	1	53520
Arithmetic-classification-and-non-Pisot-singularity-for-Bernoulli-convolutions-October-3-2026	153	preprints/Arithmetic-classification-and-non-Pisot-singularity-for-Bernoulli-convolutions-October-3-2026/paper.pdf	Arithmetic-classification-and-non-Pisot-singularity-for-Bernoulli-convolutions-October-3-2026/build/main.tex	1	5	1	7	20	0	21	24	1	109181
Arithmeticity-of-twisted-finite-correspondences-for-lattices-over-local-fields-September-23-2026	286	preprints/Arithmeticity-of-twisted-finite-correspondences-for-lattices-over-local-fields-September-23-2026/paper.pdf	Arithmeticity-of-twisted-finite-correspondences-for-lattices-over-local-fields-September-23-2026/build/main.tex	1	16	1	13	69	0	130	128	1	678729
Asymptotic-midpoint-uniform-convexity-and-unbounded-diamond-distortion-in-a-reflexive-tree-space-September-27-2026	331	preprints/Asymptotic-midpoint-uniform-convexity-and-unbounded-diamond-distortion-in-a-reflexive-tree-space-September-27-2026/manuscript.pdf	Asymptotic-midpoint-uniform-convexity-and-unbounded-diamond-distortion-in-a-reflexive-tree-space-September-27-2026/build/preamble.tex	1	12	1	5	5	0	8	7	1	35585
Asymptotically-minimal-maxima-of-real-Littlewood-polynomials-September-23-2026	076	preprints/Asymptotically-minimal-maxima-of-real-Littlewood-polynomials-September-23-2026/paper.pdf	Asymptotically-minimal-maxima-of-real-Littlewood-polynomials-September-23-2026/build/main.tex	1	10	1	9	9	0	11	12	1	73044
Average-Sensitivity-of-Polynomial-Threshold-Functions-September-25-2026	127	preprints/Average-Sensitivity-of-Polynomial-Threshold-Functions-September-25-2026/main.pdf	Average-Sensitivity-of-Polynomial-Threshold-Functions-September-25-2026/build/main.tex	1	9	0	6	2	0	5	5	1	41165
B-semiampleness-for-compact-log-smooth-Kahler-fibrations-September-10-2026	033	preprints/B-semiampleness-for-compact-log-smooth-Kahler-fibrations-September-10-2026/paper.pdf	B-semiampleness-for-compact-log-smooth-Kahler-fibrations-September-10-2026/build/paper.tex	1	10	1	9	21	0	27	28	1	137267
BKT-universality-for-height-and-planar-spin-fields-September-24-2026	216	preprints/BKT-universality-for-height-and-planar-spin-fields-September-24-2026/paper.pdf	BKT-universality-for-height-and-planar-spin-fields-September-24-2026/build/paper.tex	1	11	1	10	51	0	85	89	1	624950
Backward-intertwiners-and-a-transitive-commutant-September-27-2026	293	preprints/Backward-intertwiners-and-a-transitive-commutant-September-27-2026/paper.pdf	Backward-intertwiners-and-a-transitive-commutant-September-27-2026/build/paper.tex	1	11	1	6	13	0	9	10	1	49401
Balanced-Counterexamples-to-Rysers-Conjecture-at-Prime-Orders-September-27-2026	162	preprints/Balanced-Counterexamples-to-Rysers-Conjecture-at-Prime-Orders-September-27-2026/paper.pdf	Balanced-Counterexamples-to-Rysers-Conjecture-at-Prime-Orders-September-27-2026/build/paper.tex	1	8	1	8	25	0	15	19	1	144858
Baumslag-Solitar-free-one-relator-groups-are-hyperbolic-September-25-2026	258	preprints/Baumslag-Solitar-free-one-relator-groups-are-hyperbolic-September-25-2026/paper.pdf	Baumslag-Solitar-free-one-relator-groups-are-hyperbolic-September-25-2026/build/source/paper.tex	1	10	1	9	31	0	51	53	1	183616
Beyond-the-Square-Root-Exponent-for-Depth-Three-Boolean-Circuits-September-23-2026	112	preprints/Beyond-the-Square-Root-Exponent-for-Depth-Three-Boolean-Circuits-September-23-2026/main.pdf	Beyond-the-Square-Root-Exponent-for-Depth-Three-Boolean-Circuits-September-23-2026/build/latex/main.tex	1	10	0	7	0	0	7	7	1	67111
Bi-Lipschitz-Absorption-of-c0-Without-a-Linear-Copy-of-c0-September-26-2026	324	preprints/Bi-Lipschitz-Absorption-of-c0-Without-a-Linear-Copy-of-c0-September-26-2026/paper.pdf	Bi-Lipschitz-Absorption-of-c0-Without-a-Linear-Copy-of-c0-September-26-2026/build/main.tex	1	10	1	8	13	0	21	21	1	89506
Bi-Lipschitz-Coordinates-at-Regular-Points-of-Noncollapsed-RCD-Spaces-September-25-2026	357	preprints/Bi-Lipschitz-Coordinates-at-Regular-Points-of-Noncollapsed-RCD-Spaces-September-25-2026/paper.pdf	Bi-Lipschitz-Coordinates-at-Regular-Points-of-Noncollapsed-RCD-Spaces-September-25-2026/build/source/paper.tex	1	5	1	5	18	0	27	27	1	139657
Blochs-Conjecture-for-Surfaces-with-pg-equals-q-equals-0-September-24-2026	040	preprints/Blochs-Conjecture-for-Surfaces-with-pg-equals-q-equals-0-September-24-2026/paper.pdf	Blochs-Conjecture-for-Surfaces-with-pg-equals-q-equals-0-September-24-2026/build/paper.tex	1	12	0	8	27	0	33	33	1	164164
Blochs-Law-for-Finite-Range-Heisenberg-Ferromagnets-in-Three-Dimensions-October-5-2026	271	preprints/Blochs-Law-for-Finite-Range-Heisenberg-Ferromagnets-in-Three-Dimensions-October-5-2026/bloch-law-heisenberg.pdf	Blochs-Law-for-Finite-Range-Heisenberg-Ferromagnets-in-Three-Dimensions-October-5-2026/build/main.tex	1	9	0	7	23	0	29	30	1	135114
Bochner-Riesz-Multipliers-in-Three-Dimensions-September-24-2026	078	preprints/Bochner-Riesz-Multipliers-in-Three-Dimensions-September-24-2026/Bochner-Riesz-Multipliers-in-Three-Dimensions-September-24-2026.pdf	Bochner-Riesz-Multipliers-in-Three-Dimensions-September-24-2026/build/paper.tex	1	18	1	12	53	0	44	49	1	624335
Bose-Einstein-condensation-at-positive-temperature-in-the-dilute-hard-sphere-gas-October-5-2026	267	preprints/Bose-Einstein-condensation-at-positive-temperature-in-the-dilute-hard-sphere-gas-October-5-2026/positive-temperature-hard-spheres.pdf	Bose-Einstein-condensation-at-positive-temperature-in-the-dilute-hard-sphere-gas-October-5-2026/build/main.tex	1	12	1	10	35	0	32	34	1	187979
Boundary-graph-deformations-for-the-spacetime-Penrose-inequality-September-27-2026	260	preprints/Boundary-graph-deformations-for-the-spacetime-Penrose-inequality-September-27-2026/paper.pdf	Boundary-graph-deformations-for-the-spacetime-Penrose-inequality-September-27-2026/build/paper.tex	1	20	1	22	77	0	82	85	1	550996
Bounded-Step-Walks-on-Gaussian-Primes-September-26-2026	028	preprints/Bounded-Step-Walks-on-Gaussian-Primes-September-26-2026/paper.pdf	Bounded-Step-Walks-on-Gaussian-Primes-September-26-2026/build/main.tex	1	8	0	8	14	0	14	15	1	91323
Bounded-anticanonical-metrics-on-klt-pairs-and-torus-quotients-September-26-2026	068	preprints/Bounded-anticanonical-metrics-on-klt-pairs-and-torus-quotients-September-26-2026/main.pdf	Bounded-anticanonical-metrics-on-klt-pairs-and-torus-quotients-September-26-2026/build/source/main.tex	1	5	1	4	14	0	14	14	1	71324
Bounded-degree-coboundary-expanders-in-every-dimension-September-24-2026	177	preprints/Bounded-degree-coboundary-expanders-in-every-dimension-September-24-2026/paper.pdf	Bounded-degree-coboundary-expanders-in-every-dimension-September-24-2026/build/source/main.tex	1	8	0	5	9	0	9	9	1	51947
Bounded-klt-complements-for-Fano-contractions-September-25-2026	066	preprints/Bounded-klt-complements-for-Fano-contractions-September-25-2026/Bounded-klt-complements-for-Fano-contractions-September-25-2026.pdf	Bounded-klt-complements-for-Fano-contractions-September-25-2026/build/main.tex	1	17	1	14	51	0	68	69	1	383999
Bounded-recovery-for-modular-spectral-averages-September-23-2026	290	preprints/Bounded-recovery-for-modular-spectral-averages-September-23-2026/Bounded-recovery-for-modular-spectral-averages-September-23-2026.pdf	Bounded-recovery-for-modular-spectral-averages-September-23-2026/build/paper.tex	1	8	1	5	3	0	12	12	1	47913
Bounded-scalar-curvature-and-smooth-extension-of-four-dimensional-Ricci-flow-September-24-2026	351	preprints/Bounded-scalar-curvature-and-smooth-extension-of-four-dimensional-Ricci-flow-September-24-2026/paper.pdf	Bounded-scalar-curvature-and-smooth-extension-of-four-dimensional-Ricci-flow-September-24-2026/build/paper.tex	1	10	1	6	26	0	26	30	1	206583
Boundedness-and-persistence-of-weakly-reversible-mass-action-systems-September-25-2026	149	preprints/Boundedness-and-persistence-of-weakly-reversible-mass-action-systems-September-25-2026/paper.pdf	Boundedness-and-persistence-of-weakly-reversible-mass-action-systems-September-25-2026/build/paper.tex	1	6	1	3	8	0	7	7	1	55510
Brennans-conjecture-and-sharp-inverse-square-integral-means-September-24-2026	072	preprints/Brennans-conjecture-and-sharp-inverse-square-integral-means-September-24-2026/paper.pdf	Brennans-conjecture-and-sharp-inverse-square-integral-means-September-24-2026/build/main.tex	1	10	1	7	17	0	24	23	1	91525
Brownian-continuum-random-tree-limits-of-finite-Fortuin-Kasteleyn-maps-above-four-September-24-2026	211	preprints/Brownian-continuum-random-tree-limits-of-finite-Fortuin-Kasteleyn-maps-above-four-September-24-2026/main.pdf	Brownian-continuum-random-tree-limits-of-finite-Fortuin-Kasteleyn-maps-above-four-September-24-2026/build/main.tex	1	9	0	6	19	0	23	23	1	89418
Buffered-comparison-and-stopping-band-resolution-in-critical-Ising-September-23-2026	218	preprints/Buffered-comparison-and-stopping-band-resolution-in-critical-Ising-September-23-2026/paper.pdf	Buffered-comparison-and-stopping-band-resolution-in-critical-Ising-September-23-2026/build/main.tex	1	12	1	9	16	0	34	36	1	169570
Canonical-ampleness-of-compact-hyperbolic-Kahler-manifolds-September-23-2026	051	preprints/Canonical-ampleness-of-compact-hyperbolic-Kahler-manifolds-September-23-2026/canonical-ampleness.pdf	Canonical-ampleness-of-compact-hyperbolic-Kahler-manifolds-September-23-2026/build/main.tex	1	10	1	11	8	0	23	25	1	94741
Canonical-conformal-limits-of-subcritical-FK-planar-maps-September-24-2026	211	preprints/Canonical-conformal-limits-of-subcritical-FK-planar-maps-September-24-2026/main.pdf	Canonical-conformal-limits-of-subcritical-FK-planar-maps-September-24-2026/build/main.tex	1	19	1	12	59	0	95	95	1	477385
Cap-selected-amplitudes-and-triangle-chords-for-honeycomb-walks-September-26-2026	237	preprints/Cap-selected-amplitudes-and-triangle-chords-for-honeycomb-walks-September-26-2026/main.pdf	Cap-selected-amplitudes-and-triangle-chords-for-honeycomb-walks-September-26-2026/build/main.tex	1	18	0	13	43	0	13	19	1	314300
Cardys-formula-for-critical-Poisson-Voronoi-percolation-September-23-2026	224	preprints/Cardys-formula-for-critical-Poisson-Voronoi-percolation-September-23-2026/paper.pdf	Cardys-formula-for-critical-Poisson-Voronoi-percolation-September-23-2026/build/paper.tex	1	11	1	9	46	0	42	45	1	270892
Catalans-constant-is-irrational-September-24-2026	005	preprints/Catalans-constant-is-irrational-September-24-2026/paper.pdf	Catalans-constant-is-irrational-September-24-2026/build/main.tex	1	9	1	8	21	0	12	13	1	122863
Choiceless-polynomial-time-with-counting-does-not-capture-polynomial-time-September-23-2026	243	preprints/Choiceless-polynomial-time-with-counting-does-not-capture-polynomial-time-September-23-2026/paper.pdf	Choiceless-polynomial-time-with-counting-does-not-capture-polynomial-time-September-23-2026/build/main.tex	1	12	1	8	21	0	21	21	1	104968
Classical-capacity-and-entropy-inequalities-for-generalized-amplitude-damping-September-24-2026	276	preprints/Classical-capacity-and-entropy-inequalities-for-generalized-amplitude-damping-September-24-2026/paper.pdf	Classical-capacity-and-entropy-inequalities-for-generalized-amplitude-damping-September-24-2026/build/paper.tex	1	9	0	8	12	0	16	14	1	66363
Close-Separable-Cstar-Algebras-Without-Spatial-Conjugacy-October-5-2026	289	preprints/Close-Separable-Cstar-Algebras-Without-Spatial-Conjugacy-October-5-2026/paper.pdf	Close-Separable-Cstar-Algebras-Without-Spatial-Conjugacy-October-5-2026/build/main.tex	1	2	0	5	0	0	10	10	1	28948
Cohomological-transfer-and-equivariant-anticanonical-sections-September-26-2026	068	preprints/Cohomological-transfer-and-equivariant-anticanonical-sections-September-26-2026/main.pdf	Cohomological-transfer-and-equivariant-anticanonical-sections-September-26-2026/build/source/main.tex	1	15	1	14	15	0	27	28	1	169516
Combinatorial-Invariance-of-Kazhdan-Lusztig-Polynomials-September-24-2026	168	preprints/Combinatorial-Invariance-of-Kazhdan-Lusztig-Polynomials-September-24-2026/paper.pdf	Combinatorial-Invariance-of-Kazhdan-Lusztig-Polynomials-September-24-2026/build/paper.tex	1	9	0	6	18	0	16	19	1	109342
Commuting-Division-Coefficient-Forms-and-the-Artinian-Eisenbud-Green-Harris-Conjecture-September-23-2026	200	preprints/Commuting-Division-Coefficient-Forms-and-the-Artinian-Eisenbud-Green-Harris-Conjecture-September-23-2026/paper.pdf	Commuting-Division-Coefficient-Forms-and-the-Artinian-Eisenbud-Green-Harris-Conjecture-September-23-2026/build/paper.tex	1	11	0	9	18	0	31	31	1	151467
Compatibility-entropy-and-the-spectrum-of-a-Thorp-sweep-September-26-2026	238	preprints/Compatibility-entropy-and-the-spectrum-of-a-Thorp-sweep-September-26-2026/paper.pdf	Compatibility-entropy-and-the-spectrum-of-a-Thorp-sweep-September-26-2026/build/main.tex	1	19	1	17	57	0	74	74	1	470878
Complex-Matrix-Multiplication-Below-2.258-and-Rectangular-Bounds-September-24-2026	107	preprints/Complex-Matrix-Multiplication-Below-2.258-and-Rectangular-Bounds-September-24-2026/Complex-Matrix-Multiplication-Below-2.258-and-Rectangular-Bounds-September-24-2026.pdf	Complex-Matrix-Multiplication-Below-2.258-and-Rectangular-Bounds-September-24-2026/build/main.tex	1	17	1	16	45	0	44	46	1	274118
Computation-under-Rapidly-Vanishing-Navier-Stokes-Forcing-September-27-2026	376	preprints/Computation-under-Rapidly-Vanishing-Navier-Stokes-Forcing-September-27-2026/manuscript.pdf	Computation-under-Rapidly-Vanishing-Navier-Stokes-Forcing-September-27-2026/build/main.tex	1	5	0	6	17	0	4	9	1	66616
Computing-the-Random-3-SAT-Threshold-September-27-2026	235	preprints/Computing-the-Random-3-SAT-Threshold-September-27-2026/article.pdf	Computing-the-Random-3-SAT-Threshold-September-27-2026/build/paper.tex	1	11	1	9	20	0	31	31	1	162671
Conditional-coordinate-sweeps-and-analytic-transfer-September-26-2026	238	preprints/Conditional-coordinate-sweeps-and-analytic-transfer-September-26-2026/main.pdf	Conditional-coordinate-sweeps-and-analytic-transfer-September-26-2026/build/main.tex	1	9	1	8	6	0	4	6	1	79090
Conditional-good-minimal-models-for-compact-Kahler-fourfolds-October-6-2026	034	preprints/Conditional-good-minimal-models-for-compact-Kahler-fourfolds-October-6-2026/paper.pdf	Conditional-good-minimal-models-for-compact-Kahler-fourfolds-October-6-2026/build/main.tex	1	21	2	18	69	3	94	102	1	495276
Conditional-information-under-deterministic-coordinate-sweeps-September-26-2026	238	preprints/Conditional-information-under-deterministic-coordinate-sweeps-September-26-2026/main.pdf	Conditional-information-under-deterministic-coordinate-sweeps-September-26-2026/build/main.tex	1	19	0	17	41	2	64	64	1	295623
Conditional-permutations-in-a-revealed-switching-environment-September-26-2026	238	preprints/Conditional-permutations-in-a-revealed-switching-environment-September-26-2026/paper.pdf	Conditional-permutations-in-a-revealed-switching-environment-September-26-2026/build/main.tex	1	8	0	7	18	0	13	17	1	123468
Conformal-Limits-of-Critical-Square-Lattice-Random-Cluster-Interfaces-October-5-2026	223	preprints/Conformal-Limits-of-Critical-Square-Lattice-Random-Cluster-Interfaces-October-5-2026/paper.pdf	Conformal-Limits-of-Critical-Square-Lattice-Random-Cluster-Interfaces-October-5-2026/build/main.tex	1	10	1	20	76	0	94	95	1	484207
Conformal-flow-and-the-Riemannian-Penrose-inequality-with-minimizing-frontiers-September-27-2026	260	preprints/Conformal-flow-and-the-Riemannian-Penrose-inequality-with-minimizing-frontiers-September-27-2026/paper.pdf	Conformal-flow-and-the-Riemannian-Penrose-inequality-with-minimizing-frontiers-September-27-2026/build/paper.tex	1	15	1	15	18	0	23	23	1	236166
Conformal-universality-of-bulk-Ising-correlations-under-weak-interactions-September-23-2026	218	preprints/Conformal-universality-of-bulk-Ising-correlations-under-weak-interactions-September-23-2026/paper.pdf	Conformal-universality-of-bulk-Ising-correlations-under-weak-interactions-September-23-2026/build/main.tex	1	11	0	7	27	0	25	28	1	201409
Constant-factor-hardness-of-Min-UnCut-September-23-2026	102	preprints/Constant-factor-hardness-of-Min-UnCut-September-23-2026/paper.pdf	Constant-factor-hardness-of-Min-UnCut-September-23-2026/build/main.tex	1	10	1	7	23	0	17	17	1	123895
Constant-factor-hardness-of-directed-feedback-vertex-set-September-23-2026	102	preprints/Constant-factor-hardness-of-directed-feedback-vertex-set-September-23-2026/paper.pdf	Constant-factor-hardness-of-directed-feedback-vertex-set-September-23-2026/build/main.tex	1	10	1	8	19	0	20	22	1	97032
Constant-factor-hardness-of-uniform-sparsest-cut-September-24-2026	117	preprints/Constant-factor-hardness-of-uniform-sparsest-cut-September-24-2026/Constant-factor-hardness-of-uniform-sparsest-cut-September-24-2026.pdf	Constant-factor-hardness-of-uniform-sparsest-cut-September-24-2026/build/source/main.tex	1	9	1	8	34	0	10	15	1	186203
Constructible-tame-Hecke-eigensheaves-in-positive-characteristic-October-5-2026	014	preprints/Constructible-tame-Hecke-eigensheaves-in-positive-characteristic-October-5-2026/constructible-tame-hecke-eigensheaves-positive-characteristic.pdf	Constructible-tame-Hecke-eigensheaves-in-positive-characteristic-October-5-2026/build/manuscript/main.tex	1	10	1	8	28	0	25	25	1	194838
Contact-Fano-manifolds-and-the-LeBrun-Salamon-conjecture-September-23-2026	062	preprints/Contact-Fano-manifolds-and-the-LeBrun-Salamon-conjecture-September-23-2026/paper.pdf	Contact-Fano-manifolds-and-the-LeBrun-Salamon-conjecture-September-23-2026/build/main.tex	1	12	0	9	21	0	31	32	1	146579
Continuous-Phase-Foliations-Create-Analytic-Caustic-Collars-September-24-2026	147	preprints/Continuous-Phase-Foliations-Create-Analytic-Caustic-Collars-September-24-2026/paper.pdf	Continuous-Phase-Foliations-Create-Analytic-Caustic-Collars-September-24-2026/build/main.tex	1	7	1	5	16	0	14	18	1	92587
Continuum-Coulomb-hardness-with-binary-nuclear-charges-September-24-2026	275	preprints/Continuum-Coulomb-hardness-with-binary-nuclear-charges-September-24-2026/Continuum-Coulomb-hardness-with-binary-nuclear-charges-September-24-2026.pdf	Continuum-Coulomb-hardness-with-binary-nuclear-charges-September-24-2026/build/paper.tex	1	8	1	6	27	0	26	28	1	157970
Correspondence-Coloring-Graphs-with-a-Forbidden-Clique-October-5-2026	184	preprints/Correspondence-Coloring-Graphs-with-a-Forbidden-Clique-October-5-2026/correspondence-coloring-forbidden-clique.pdf	Correspondence-Coloring-Graphs-with-a-Forbidden-Clique-October-5-2026/build/main.tex	1	10	0	5	13	0	13	13	1	99004
Counterexamples-to-the-Hahn-Wilson-conjecture-at-height-two-September-26-2026	319	preprints/Counterexamples-to-the-Hahn-Wilson-conjecture-at-height-two-September-26-2026/paper.pdf	Counterexamples-to-the-Hahn-Wilson-conjecture-at-height-two-September-26-2026/build/main.tex	1	10	0	9	36	0	59	59	1	288087
Counterexamples-to-the-duality-conjecture-for-metric-entropy-September-24-2026	329	preprints/Counterexamples-to-the-duality-conjecture-for-metric-entropy-September-24-2026/main.pdf	Counterexamples-to-the-duality-conjecture-for-metric-entropy-September-24-2026/build/paper.tex	1	8	1	5	4	0	9	9	1	45080
Counterexamples-to-weak-chromatic-splitting-sphere-kernels-and-descent-exponents-September-27-2026	318	preprints/Counterexamples-to-weak-chromatic-splitting-sphere-kernels-and-descent-exponents-September-27-2026/paper.pdf	Counterexamples-to-weak-chromatic-splitting-sphere-kernels-and-descent-exponents-September-27-2026/build/main.tex	1	14	1	12	8	0	30	33	1	91174
Critical-Center-Magnetization-in-the-Planar-XY-Model-October-5-2026	216	preprints/Critical-Center-Magnetization-in-the-Planar-XY-Model-October-5-2026/paper.pdf	Critical-Center-Magnetization-in-the-Planar-XY-Model-October-5-2026/build/main.tex	1	11	1	8	33	0	21	27	1	222664
Critical-bond-and-site-percolation-on-the-cubic-lattice-September-24-2026	213	preprints/Critical-bond-and-site-percolation-on-the-cubic-lattice-September-24-2026/paper.pdf	Critical-bond-and-site-percolation-on-the-cubic-lattice-September-24-2026/build/critical-percolation-z3.tex	1	9	0	6	5	0	11	12	1	73668
Critical-honeycomb-chords-with-prescribed-boundary-endpoints-September-26-2026	237	preprints/Critical-honeycomb-chords-with-prescribed-boundary-endpoints-September-26-2026/main.pdf	Critical-honeycomb-chords-with-prescribed-boundary-endpoints-September-26-2026/build/main.tex	1	11	0	10	27	0	17	26	1	156839
Critical-local-smoothing-for-the-three-dimensional-wave-equation-September-24-2026	079	preprints/Critical-local-smoothing-for-the-three-dimensional-wave-equation-September-24-2026/paper.pdf	Critical-local-smoothing-for-the-three-dimensional-wave-equation-September-24-2026/build/main.tex	1	12	1	11	60	0	113	113	1	585044
Critical-mixing-in-the-Sherrington-Kirkpatrick-model-September-25-2026	227	preprints/Critical-mixing-in-the-Sherrington-Kirkpatrick-model-September-25-2026/paper.pdf	Critical-mixing-in-the-Sherrington-Kirkpatrick-model-September-25-2026/build/paper.tex	1	20	1	19	52	0	49	52	1	696066
Critical-slowing-down-in-the-Sherrington-Kirkpatrick-model-September-24-2026	227	preprints/Critical-slowing-down-in-the-Sherrington-Kirkpatrick-model-September-24-2026/paper.pdf	Critical-slowing-down-in-the-Sherrington-Kirkpatrick-model-September-24-2026/build/paper.tex	1	9	1	7	16	0	25	26	1	118436
Critical-strip-crossing-mass-on-the-honeycomb-lattice-September-26-2026	237	preprints/Critical-strip-crossing-mass-on-the-honeycomb-lattice-September-26-2026/main.pdf	Critical-strip-crossing-mass-on-the-honeycomb-lattice-September-26-2026/build/main.tex	1	14	0	7	3	0	12	12	1	103330
Cuntz-comparison-and-Jiang-Su-absorption-September-23-2026	291	preprints/Cuntz-comparison-and-Jiang-Su-absorption-September-23-2026/paper.pdf	Cuntz-comparison-and-Jiang-Su-absorption-September-23-2026/build/paper.tex	1	16	0	14	24	0	46	46	1	222210
Cutoff-throughout-the-high-temperature-Sherrington-Kirkpatrick-phase-September-24-2026	227	preprints/Cutoff-throughout-the-high-temperature-Sherrington-Kirkpatrick-phase-September-24-2026/paper.pdf	Cutoff-throughout-the-high-temperature-Sherrington-Kirkpatrick-phase-September-24-2026/build/paper.tex	1	23	1	18	64	0	93	95	1	559318
Cycle-clique-Ramsey-numbers-September-25-2026	189	preprints/Cycle-clique-Ramsey-numbers-September-25-2026/Cycle-clique-Ramsey-numbers-September-25-2026.pdf	Cycle-clique-Ramsey-numbers-September-25-2026/build/main.tex	1	17	1	10	20	0	35	35	1	126995
Cyclic-Length-and-Chromatic-Fixed-Point-Loss-September-24-2026	314	preprints/Cyclic-Length-and-Chromatic-Fixed-Point-Loss-September-24-2026/Cyclic-Length-and-Chromatic-Fixed-Point-Loss-September-24-2026.pdf	Cyclic-Length-and-Chromatic-Fixed-Point-Loss-September-24-2026/build/paper.tex	1	11	0	7	22	0	29	29	1	105286
Cylinder-amplitudes-and-logarithmic-bridge-length-windows-on-the-honeycomb-lattice-September-26-2026	237	preprints/Cylinder-amplitudes-and-logarithmic-bridge-length-windows-on-the-honeycomb-lattice-September-26-2026/main.pdf	Cylinder-amplitudes-and-logarithmic-bridge-length-windows-on-the-honeycomb-lattice-September-26-2026/build/main.tex	1	18	0	12	31	5	17	20	1	366190
Cylinder-loop-weights-and-planar-nesting-September-26-2026	237	preprints/Cylinder-loop-weights-and-planar-nesting-September-26-2026/main.pdf	Cylinder-loop-weights-and-planar-nesting-September-26-2026/build/main.tex	1	11	0	11	34	0	50	51	1	334542
De-Giorgis-conjecture-in-dimension-eight-September-26-2026	375	preprints/De-Giorgis-conjecture-in-dimension-eight-September-26-2026/article.pdf	De-Giorgis-conjecture-in-dimension-eight-September-26-2026/build/main.tex	1	12	1	11	49	0	43	45	1	338604
Deforming-hypersymplectic-four-manifolds-to-hyperkahler-triples-October-7-2026	341	preprints/Deforming-hypersymplectic-four-manifolds-to-hyperkahler-triples-October-7-2026/paper.pdf	Deforming-hypersymplectic-four-manifolds-to-hyperkahler-triples-October-7-2026/build/main.tex	1	14	1	11	37	0	54	54	1	286384
Determination-of-a-metric-and-a-unitary-connection-from-one-boundary-patch-October-5-2026	365	preprints/Determination-of-a-metric-and-a-unitary-connection-from-one-boundary-patch-October-5-2026/paper.pdf	Determination-of-a-metric-and-a-unitary-connection-from-one-boundary-patch-October-5-2026/build/paper.tex	1	9	1	7	28	0	30	30	1	177114
Deterministic-Polynomial-Factorization-over-Prime-Fields-October-4-2026	142	preprints/Deterministic-Polynomial-Factorization-over-Prime-Fields-October-4-2026/Deterministic-Polynomial-Factorization-over-Prime-Fields.pdf	Deterministic-Polynomial-Factorization-over-Prime-Fields-October-4-2026/build/main.tex	1	13	0	11	31	0	26	30	1	166010
Deterministic-nonbipartite-Ramanujan-graphs-in-every-fixed-degree-September-23-2026	178	preprints/Deterministic-nonbipartite-Ramanujan-graphs-in-every-fixed-degree-September-23-2026/paper.pdf	Deterministic-nonbipartite-Ramanujan-graphs-in-every-fixed-degree-September-23-2026/build/main.tex	1	13	0	9	32	11	33	35	1	299997
Deterministic-quasipolynomial-time-mean-payoff-games-September-25-2026	104	preprints/Deterministic-quasipolynomial-time-mean-payoff-games-September-25-2026/paper.pdf	Deterministic-quasipolynomial-time-mean-payoff-games-September-25-2026/build/source/main.tex	1	12	1	9	15	0	14	15	1	82808
Diagonal-Fourier-extension-for-positively-curved-surfaces-in-three-dimensions-September-24-2026	077	preprints/Diagonal-Fourier-extension-for-positively-curved-surfaces-in-three-dimensions-September-24-2026/Diagonal-Fourier-extension-for-positively-curved-surfaces-in-three-dimensions-September-24-2026.pdf	Diagonal-Fourier-extension-for-positively-curved-surfaces-in-three-dimensions-September-24-2026/build/paper.tex	1	9	1	7	10	0	15	16	1	79741
Diamond-distortion-from-midpoint-and-tree-energies-September-27-2026	331	preprints/Diamond-distortion-from-midpoint-and-tree-energies-September-27-2026/manuscript.pdf	Diamond-distortion-from-midpoint-and-tree-energies-September-27-2026/build/preamble.tex	1	10	1	10	38	0	27	28	1	124323
Directional-transience-implies-ballisticity-September-23-2026	220	preprints/Directional-transience-implies-ballisticity-September-23-2026/paper.pdf	Directional-transience-implies-ballisticity-September-23-2026/build/main.tex	1	12	1	8	27	0	37	37	1	200296
Disk-transfer-representations-and-confined-bridge-mass-September-26-2026	237	preprints/Disk-transfer-representations-and-confined-bridge-mass-September-26-2026/main.pdf	Disk-transfer-representations-and-confined-bridge-mass-September-26-2026/build/main.tex	1	11	0	13	38	9	10	14	1	308150
Donovans-Conjecture-over-Algebraic-Closures-of-Prime-Fields-September-24-2026	203	preprints/Donovans-Conjecture-over-Algebraic-Closures-of-Prime-Fields-September-24-2026/main.pdf	Donovans-Conjecture-over-Algebraic-Closures-of-Prime-Fields-September-24-2026/build/main.tex	1	13	0	9	42	0	71	71	1	360586
Edit-Distance-in-l1-Matching-Bounds-up-to-Constants-in-the-Exponent-September-27-2026	099	preprints/Edit-Distance-in-l1-Matching-Bounds-up-to-Constants-in-the-Exponent-September-27-2026/paper.pdf	Edit-Distance-in-l1-Matching-Bounds-up-to-Constants-in-the-Exponent-September-27-2026/build/main.tex	1	7	0	5	9	0	8	11	1	46713
Electromagnetic-tails-and-the-Kerr-Newman-Penrose-inequality-October-5-2026	260	preprints/Electromagnetic-tails-and-the-Kerr-Newman-Penrose-inequality-October-5-2026/paper.pdf	Electromagnetic-tails-and-the-Kerr-Newman-Penrose-inequality-October-5-2026/build/paper.tex	1	7	1	5	6	0	12	12	1	54998
Elementary-Positivity-of-Chromatic-Quasisymmetric-Functions-September-24-2026	169	preprints/Elementary-Positivity-of-Chromatic-Quasisymmetric-Functions-September-24-2026/paper.pdf	Elementary-Positivity-of-Chromatic-Quasisymmetric-Functions-September-24-2026/build/paper.tex	1	8	1	7	25	0	35	36	1	163814
Elliptic-Squares-and-Zilber-Pink-for-Curves-in-A2-September-24-2026	016	preprints/Elliptic-Squares-and-Zilber-Pink-for-Curves-in-A2-September-24-2026/paper.pdf	Elliptic-Squares-and-Zilber-Pink-for-Curves-in-A2-September-24-2026/build/main.tex	1	13	1	9	35	0	34	35	1	232492
Elliptic-capacity-propagation-and-Fourier-restriction-to-the-sphere-September-24-2026	077	preprints/Elliptic-capacity-propagation-and-Fourier-restriction-to-the-sphere-September-24-2026/Elliptic-capacity-propagation-and-Fourier-restriction-to-the-sphere-September-24-2026.pdf	Elliptic-capacity-propagation-and-Fourier-restriction-to-the-sphere-September-24-2026/build/paper.tex	1	14	1	9	45	3	58	60	1	355065
Endpoint-convergence-for-the-planar-Schrodinger-equation-September-24-2026	080	preprints/Endpoint-convergence-for-the-planar-Schrodinger-equation-September-24-2026/paper.pdf	Endpoint-convergence-for-the-planar-Schrodinger-equation-September-24-2026/build/main.tex	1	14	0	9	34	0	47	47	1	300129
Endpoint-pointwise-convergence-for-the-Schrodinger-equation-in-higher-dimensions-September-24-2026	080	preprints/Endpoint-pointwise-convergence-for-the-Schrodinger-equation-in-higher-dimensions-September-24-2026/paper.pdf	Endpoint-pointwise-convergence-for-the-Schrodinger-equation-in-higher-dimensions-September-24-2026/build/paper.tex	1	16	1	8	43	0	60	62	1	336775
Entanglement-with-zero-distillable-secret-key-in-local-dimension-ten-September-27-2026	272	preprints/Entanglement-with-zero-distillable-secret-key-in-local-dimension-ten-September-27-2026/paper.pdf	Entanglement-with-zero-distillable-secret-key-in-local-dimension-ten-September-27-2026/build/source/main.tex	1	14	0	12	13	0	29	30	1	190557
Entropy-and-Face-Dimension-of-the-Perfect-Matching-Polytope-September-23-2026	113	preprints/Entropy-and-Face-Dimension-of-the-Perfect-Matching-Polytope-September-23-2026/main.pdf	Entropy-and-Face-Dimension-of-the-Perfect-Matching-Polytope-September-23-2026/build/main.tex	1	15	1	13	26	0	39	37	1	146021
Entropy-equality-and-local-symmetry-in-negative-curvature-September-23-2026	339	preprints/Entropy-equality-and-local-symmetry-in-negative-curvature-September-23-2026/paper.pdf	Entropy-equality-and-local-symmetry-in-negative-curvature-September-23-2026/build/main.tex	1	9	1	9	32	2	68	68	1	258547
Equality-and-rigidity-in-the-spacetime-Penrose-inequality-September-27-2026	260	preprints/Equality-and-rigidity-in-the-spacetime-Penrose-inequality-September-27-2026/paper.pdf	Equality-and-rigidity-in-the-spacetime-Penrose-inequality-September-27-2026/build/paper.tex	1	24	1	20	71	0	91	103	1	563254
Equality-cases-in-the-sharp-one-dimensional-matrix-Lieb-Thirring-inequality-October-5-2026	262	preprints/Equality-cases-in-the-sharp-one-dimensional-matrix-Lieb-Thirring-inequality-October-5-2026/sharp-one-dimensional-lieb-thirring-inequalities-matrix-potentials.pdf	Equality-cases-in-the-sharp-one-dimensional-matrix-Lieb-Thirring-inequality-October-5-2026/build/main.tex	1	11	0	8	17	0	10	13	1	90517
Equidistribution-of-Prime-Degree-Torus-Packets-with-Arbitrary-Local-Type-September-24-2026	015	preprints/Equidistribution-of-Prime-Degree-Torus-Packets-with-Arbitrary-Local-Type-September-24-2026/paper.pdf	Equidistribution-of-Prime-Degree-Torus-Packets-with-Arbitrary-Local-Type-September-24-2026/build/paper.tex	1	7	1	7	7	0	11	11	1	51811
Equidistribution-of-Primitive-Quartic-Torus-Packets-for-Arbitrary-Orders-October-5-2026	015	preprints/Equidistribution-of-Primitive-Quartic-Torus-Packets-for-Arbitrary-Orders-October-5-2026/quartic-torus-packets.pdf	Equidistribution-of-Primitive-Quartic-Torus-Packets-for-Arbitrary-Orders-October-5-2026/build/manuscript/main.tex	1	11	1	9	28	0	40	42	1	238164
Equidistribution-of-Primitive-Sextic-Torus-Packets-October-5-2026	015	preprints/Equidistribution-of-Primitive-Sextic-Torus-Packets-October-5-2026/primitive-sextic-torus-packets.pdf	Equidistribution-of-Primitive-Sextic-Torus-Packets-October-5-2026/build/main.tex	1	11	1	9	26	0	29	32	1	189545
Equivariant-Jiang-Su-Stability-for-Amenable-Actions-in-the-Unital-Stably-Finite-Case-October-5-2026	291	preprints/Equivariant-Jiang-Su-Stability-for-Amenable-Actions-in-the-Unital-Stably-Finite-Case-October-5-2026/paper.pdf	Equivariant-Jiang-Su-Stability-for-Amenable-Actions-in-the-Unital-Stably-Finite-Case-October-5-2026/build/paper.tex	1	7	0	5	5	0	11	12	1	52595
Ergodicity-of-triangular-billiards-with-an-irrational-angle-September-25-2026	150	preprints/Ergodicity-of-triangular-billiards-with-an-irrational-angle-September-25-2026/Ergodicity-of-triangular-billiards-with-an-irrational-angle-September-25-2026.pdf	Ergodicity-of-triangular-billiards-with-an-irrational-angle-September-25-2026/build/source/main.tex	1	1	1	7	0	0	6	6	1	37227
Essential-Singularity-of-the-Correlation-Length-in-the-Planar-XY-Model-October-5-2026	216	preprints/Essential-Singularity-of-the-Correlation-Length-in-the-Planar-XY-Model-October-5-2026/paper.pdf	Essential-Singularity-of-the-Correlation-Length-in-the-Planar-XY-Model-October-5-2026/build/main.tex	1	10	0	6	24	0	31	31	1	202493
Etale-covers-with-a-prescribed-exterior-sheet-September-24-2026	019	preprints/Etale-covers-with-a-prescribed-exterior-sheet-September-24-2026/main.pdf	Etale-covers-with-a-prescribed-exterior-sheet-September-24-2026/build/main.tex	1	6	1	4	0	0	4	4	1	23043
Eventual-Categoricity-for-Abstract-Elementary-Classes-September-24-2026	240	preprints/Eventual-Categoricity-for-Abstract-Elementary-Classes-September-24-2026/paper.pdf	Eventual-Categoricity-for-Abstract-Elementary-Classes-September-24-2026/build/main.tex	1	16	1	14	48	0	99	101	1	467717
Every-complex-K3-surface-is-Oka-September-23-2026	042	preprints/Every-complex-K3-surface-is-Oka-September-23-2026/paper.pdf	Every-complex-K3-surface-is-Oka-September-23-2026/build/paper.tex	1	13	1	10	25	0	39	40	1	192854
Every-four-dimensional-Kakeya-set-has-full-Hausdorff-dimension-September-24-2026	074	preprints/Every-four-dimensional-Kakeya-set-has-full-Hausdorff-dimension-September-24-2026/paper.pdf	Every-four-dimensional-Kakeya-set-has-full-Hausdorff-dimension-September-24-2026/build/paper.tex	1	13	1	11	58	0	71	73	1	644615
Exact-Birch-Swinnerton-Dyer-Formula-from-Low-Selmer-Corank-October-7-2026	002	preprints/Exact-Birch-Swinnerton-Dyer-Formula-from-Low-Selmer-Corank-October-7-2026/exact-bsd-low-selmer-corank.pdf	Exact-Birch-Swinnerton-Dyer-Formula-from-Low-Selmer-Corank-October-7-2026/build/main.tex	1	12	0	10	49	0	67	73	1	361027
Exact-Derandomization-of-Logarithmic-Space-L-equals-RL-equals-BPL-September-23-2026	103	preprints/Exact-Derandomization-of-Logarithmic-Space-L-equals-RL-equals-BPL-September-23-2026/paper.pdf	Exact-Derandomization-of-Logarithmic-Space-L-equals-RL-equals-BPL-September-23-2026/build/main.tex	1	17	1	15	53	0	67	67	1	398532
Exact-Fourier-certificates-for-complex-Hadamard-matrices-of-order-six-September-24-2026	266	preprints/Exact-Fourier-certificates-for-complex-Hadamard-matrices-of-order-six-September-24-2026/Exact-Fourier-certificates-for-complex-Hadamard-matrices-of-order-six-September-24-2026.pdf	Exact-Fourier-certificates-for-complex-Hadamard-matrices-of-order-six-September-24-2026/build/paper.tex	1	8	1	8	17	0	14	14	1	89850
Exact-Uniform-Sampling-of-Contingency-Tables-with-Arbitrary-Margins-September-24-2026	115	preprints/Exact-Uniform-Sampling-of-Contingency-Tables-with-Arbitrary-Margins-September-24-2026/main.pdf	Exact-Uniform-Sampling-of-Contingency-Tables-with-Arbitrary-Margins-September-24-2026/build/main.tex	1	9	1	6	13	0	18	19	1	102909
Exact-asymptotic-moduli-in-a-Daugavet-subspace-of-L1-September-27-2026	331	preprints/Exact-asymptotic-moduli-in-a-Daugavet-subspace-of-L1-September-27-2026/manuscript.pdf	Exact-asymptotic-moduli-in-a-Daugavet-subspace-of-L1-September-27-2026/build/main.tex	1	5	1	6	4	0	9	8	1	37757
Exact-mass-asymptotics-for-the-two-dimensional-O4-lattice-model-October-5-2026	215	preprints/Exact-mass-asymptotics-for-the-two-dimensional-O4-lattice-model-October-5-2026/exact-mass-o4.pdf	Exact-mass-asymptotics-for-the-two-dimensional-O4-lattice-model-October-5-2026/build/main.tex	1	11	2	11	53	0	49	53	1	390967
Exact-orders-and-invariant-anticanonical-linear-systems-September-26-2026	068	preprints/Exact-orders-and-invariant-anticanonical-linear-systems-September-26-2026/main.pdf	Exact-orders-and-invariant-anticanonical-linear-systems-September-26-2026/build/source/main.tex	1	16	1	14	30	0	19	21	1	152891
Exact-quantum-factoring-over-a-fixed-finite-gate-set-September-25-2026	279	preprints/Exact-quantum-factoring-over-a-fixed-finite-gate-set-September-25-2026/main.pdf	Exact-quantum-factoring-over-a-fixed-finite-gate-set-September-25-2026/build/main.tex	1	10	0	6	9	0	12	12	1	79134
Existential-universal-real-sentences-in-the-counting-hierarchy-October-4-2026	141	preprints/Existential-universal-real-sentences-in-the-counting-hierarchy-October-4-2026/etr-counting-hierarchy.pdf	Existential-universal-real-sentences-in-the-counting-hierarchy-October-4-2026/build/main.tex	1	9	1	7	23	0	23	25	1	113007
Expected-amenable-subalgebras-preserving-core-commutants-September-23-2026	290	preprints/Expected-amenable-subalgebras-preserving-core-commutants-September-23-2026/Expected-amenable-subalgebras-preserving-core-commutants-September-23-2026.pdf	Expected-amenable-subalgebras-preserving-core-commutants-September-23-2026/build/paper.tex	1	1	0	7	0	0	9	10	1	63989
Exponential-PSD-rank-of-positively-shifted-matching-matrices-October-5-2026	126	preprints/Exponential-PSD-rank-of-positively-shifted-matching-matrices-October-5-2026/shifted-matching-psd.pdf	Exponential-PSD-rank-of-positively-shifted-matching-matrices-October-5-2026/build/source/main.tex	1	9	1	7	6	0	12	12	1	77216
Exponential-decay-in-two-dimensional-classical-On-models-September-23-2026	215	preprints/Exponential-decay-in-two-dimensional-classical-On-models-September-23-2026/paper.pdf	Exponential-decay-in-two-dimensional-classical-On-models-September-23-2026/build/main.tex	1	4	1	4	11	0	13	14	1	63970
Failure-of-Bounded-Approximation-in-a-Lipschitz-Free-Space-over-a-Uniformly-Discrete-Metric-Space-September-26-2026	330	preprints/Failure-of-Bounded-Approximation-in-a-Lipschitz-Free-Space-over-a-Uniformly-Discrete-Metric-Space-September-26-2026/main.pdf	Failure-of-Bounded-Approximation-in-a-Lipschitz-Free-Space-over-a-Uniformly-Discrete-Metric-Space-September-26-2026/build/common.tex	1	9	0	6	14	0	10	11	1	71852
Failure-of-finite-assembly-for-a-chromatic-overlap-at-the-prime-three-September-25-2026	318	preprints/Failure-of-finite-assembly-for-a-chromatic-overlap-at-the-prime-three-September-25-2026/paper.pdf	Failure-of-finite-assembly-for-a-chromatic-overlap-at-the-prime-three-September-25-2026/build/paper.tex	1	12	1	10	30	0	48	48	1	258352
Failure-of-rational-injectivity-for-maximal-coarse-assembly-October-5-2026	307	preprints/Failure-of-rational-injectivity-for-maximal-coarse-assembly-October-5-2026/paper.pdf	Failure-of-rational-injectivity-for-maximal-coarse-assembly-October-5-2026/build/main.tex	1	9	0	6	19	0	16	16	1	77593
Fiber-functors-for-finite-symmetric-tensor-categories-in-positive-characteristic-September-24-2026	208	preprints/Fiber-functors-for-finite-symmetric-tensor-categories-in-positive-characteristic-September-24-2026/paper.pdf	Fiber-functors-for-finite-symmetric-tensor-categories-in-positive-characteristic-September-24-2026/build/main.tex	1	11	1	8	21	0	22	23	1	86875
Filtered-chromatic-splitting-at-generic-primes-September-25-2026	318	preprints/Filtered-chromatic-splitting-at-generic-primes-September-25-2026/paper.pdf	Filtered-chromatic-splitting-at-generic-primes-September-25-2026/build/paper.tex	1	14	1	14	50	0	70	71	1	400319
Filtered-products-and-boundary-preserving-compression-in-complex-cobordism-September-25-2026	302	preprints/Filtered-products-and-boundary-preserving-compression-in-complex-cobordism-September-25-2026/paper.pdf	Filtered-products-and-boundary-preserving-compression-in-complex-cobordism-September-25-2026/build/paper.tex	1	6	1	5	16	0	16	17	1	86421
Finite-Circle-Obstructions-Binary-Codes-and-Histogram-Embeddings-for-Edit-Distance-September-27-2026	099	preprints/Finite-Circle-Obstructions-Binary-Codes-and-Histogram-Embeddings-for-Edit-Distance-September-27-2026/paper.pdf	Finite-Circle-Obstructions-Binary-Codes-and-Histogram-Embeddings-for-Edit-Distance-September-27-2026/build/main.tex	1	12	0	8	20	0	18	20	1	111218
Finite-Congruence-Lattices-Characterization-and-Undecidability-September-24-2026	206	preprints/Finite-Congruence-Lattices-Characterization-and-Undecidability-September-24-2026/paper.pdf	Finite-Congruence-Lattices-Characterization-and-Undecidability-September-24-2026/build/paper.tex	1	23	1	18	64	0	169	171	1	722816
Finite-Instructions-and-Solenoidal-Shear-Flows-September-27-2026	376	preprints/Finite-Instructions-and-Solenoidal-Shear-Flows-September-27-2026/manuscript.pdf	Finite-Instructions-and-Solenoidal-Shear-Flows-September-27-2026/build/main.tex	1	1	0	5	8	0	6	7	1	50238
Finite-Monoid-Computations-and-a-Uniform-Generalized-Star-Height-Bound-September-25-2026	134	preprints/Finite-Monoid-Computations-and-a-Uniform-Generalized-Star-Height-Bound-September-25-2026/Finite-Monoid-Computations-and-a-Uniform-Generalized-Star-Height-Bound-September-25-2026.pdf	Finite-Monoid-Computations-and-a-Uniform-Generalized-Star-Height-Bound-September-25-2026/build/paper.tex	1	10	0	8	36	0	22	22	1	154846
Finite-Smith-Toda-Complexes-at-Varying-Primes-September-23-2026	308	preprints/Finite-Smith-Toda-Complexes-at-Varying-Primes-September-23-2026/paper.pdf	Finite-Smith-Toda-Complexes-at-Varying-Primes-September-23-2026/build/main.tex	1	12	1	9	32	0	51	51	1	184433
Finite-algebraic-envelopes-and-the-Boone-Higman-conjecture-September-23-2026	250	preprints/Finite-algebraic-envelopes-and-the-Boone-Higman-conjecture-September-23-2026/paper.pdf	Finite-algebraic-envelopes-and-the-Boone-Higman-conjecture-September-23-2026/build/paper.tex	1	9	1	8	23	0	21	24	1	112530
Finite-angular-cylinder-covers-below-the-half-area-bound-September-27-2026	100	preprints/Finite-angular-cylinder-covers-below-the-half-area-bound-September-27-2026/main.pdf	Finite-angular-cylinder-covers-below-the-half-area-bound-September-27-2026/build/main.tex	1	13	1	8	10	0	9	9	1	60773
Finite-cylinder-approximation-of-ruled-sets-September-27-2026	100	preprints/Finite-cylinder-approximation-of-ruled-sets-September-27-2026/main.pdf	Finite-cylinder-approximation-of-ruled-sets-September-27-2026/build/main.tex	1	8	1	5	3	0	9	9	1	40094
Finite-generation-for-the-Kn-local-sphere-September-24-2026	313	preprints/Finite-generation-for-the-Kn-local-sphere-September-24-2026/Finite-generation-for-the-Kn-local-sphere-September-24-2026.pdf	Finite-generation-for-the-Kn-local-sphere-September-24-2026/build/main.tex	1	16	1	13	42	0	59	58	1	351952
Finite-ordinary-minimal-model-programs-on-compact-Kahler-fourfolds-October-6-2026	056	preprints/Finite-ordinary-minimal-model-programs-on-compact-Kahler-fourfolds-October-6-2026/paper.pdf	Finite-ordinary-minimal-model-programs-on-compact-Kahler-fourfolds-October-6-2026/build/main.tex	1	16	1	14	36	12	66	68	1	360339
Finite-ordinary-minimal-model-programs-on-compact-Kahler-fourfolds-September-24-2026	056	preprints/Finite-ordinary-minimal-model-programs-on-compact-Kahler-fourfolds-September-24-2026/paper.pdf	Finite-ordinary-minimal-model-programs-on-compact-Kahler-fourfolds-September-24-2026/build/main.tex	1	10	1	8	23	0	29	28	1	140341
Finite-tensor-savings-and-exact-Fourier-circuits-September-25-2026	130	preprints/Finite-tensor-savings-and-exact-Fourier-circuits-September-25-2026/main.pdf	Finite-tensor-savings-and-exact-Fourier-circuits-September-25-2026/build/main.tex	1	9	1	8	25	0	25	27	1	152153
Finite-triangular-approximation-of-radial-sweeps-September-27-2026	100	preprints/Finite-triangular-approximation-of-radial-sweeps-September-27-2026/main.pdf	Finite-triangular-approximation-of-radial-sweeps-September-27-2026/build/main.tex	1	10	1	8	19	0	8	10	1	86098
Fixed-Points-of-Nonexpansive-Maps-in-Reflexive-Banach-Spaces-September-24-2026	328	preprints/Fixed-Points-of-Nonexpansive-Maps-in-Reflexive-Banach-Spaces-September-24-2026/paper.pdf	Fixed-Points-of-Nonexpansive-Maps-in-Reflexive-Banach-Spaces-September-24-2026/build/paper.tex	1	9	1	7	6	0	13	13	1	62615
Fixed-energy-universality-for-weak-Anderson-disorder-on-random-regular-graphs-October-5-2026	219	preprints/Fixed-energy-universality-for-weak-Anderson-disorder-on-random-regular-graphs-October-5-2026/fixed-energy-universality-weak-anderson-disorder-random-regular-graphs.pdf	Fixed-energy-universality-for-weak-Anderson-disorder-on-random-regular-graphs-October-5-2026/build/paper.tex	1	11	0	9	31	0	25	27	1	208940
Fontaine-Mazur-modularity-at-the-prime-2-October-6-2026	010	preprints/Fontaine-Mazur-modularity-at-the-prime-2-October-6-2026/paper.pdf	Fontaine-Mazur-modularity-at-the-prime-2-October-6-2026/build/main.tex	1	9	1	8	37	0	41	43	1	258214
Foulkes-Conjecture-for-the-Sixth-Symmetric-Power-September-25-2026	210	preprints/Foulkes-Conjecture-for-the-Sixth-Symmetric-Power-September-25-2026/main.pdf	Foulkes-Conjecture-for-the-Sixth-Symmetric-Power-September-25-2026/build/main.tex	1	8	1	9	19	0	12	14	1	73656
Fourfold-nonvanishing-by-minimal-metrics-and-moving-jets-September-27-2026	034	preprints/Fourfold-nonvanishing-by-minimal-metrics-and-moving-jets-September-27-2026/paper.pdf	Fourfold-nonvanishing-by-minimal-metrics-and-moving-jets-September-27-2026/build/main.tex	1	11	0	8	21	0	14	20	1	134865
Frobenius-Structures-on-Tame-Hecke-Eigensheaves-October-5-2026	014	preprints/Frobenius-Structures-on-Tame-Hecke-Eigensheaves-October-5-2026/tame-hecke-frobenius.pdf	Frobenius-Structures-on-Tame-Hecke-Eigensheaves-October-5-2026/build/main.tex	1	9	0	6	17	0	13	15	1	108436
From-critical-crossings-to-quenched-near-critical-universality-in-Voronoi-percolation-October-5-2026	224	preprints/From-critical-crossings-to-quenched-near-critical-universality-in-Voronoi-percolation-October-5-2026/critical-crossings-quenched-near-critical-universality-voronoi-percolation.pdf	From-critical-crossings-to-quenched-near-critical-universality-in-Voronoi-percolation-October-5-2026/build/paper.tex	1	9	0	7	25	0	38	41	1	244636
From-partial-permutation-information-to-Fourier-bounds-September-26-2026	238	preprints/From-partial-permutation-information-to-Fourier-bounds-September-26-2026/main.pdf	From-partial-permutation-information-to-Fourier-bounds-September-26-2026/build/main.tex	1	20	0	18	35	0	76	69	1	217351
Fujitas-freeness-conjecture-September-23-2026	038	preprints/Fujitas-freeness-conjecture-September-23-2026/Fujitas-freeness-conjecture-September-23-2026.pdf	Fujitas-freeness-conjecture-September-23-2026/build/main.tex	1	7	1	6	13	0	15	18	1	90063
Full-support-of-the-zero-temperature-Sherrington-Kirkpatrick-order-parameter-September-27-2026	281	preprints/Full-support-of-the-zero-temperature-Sherrington-Kirkpatrick-order-parameter-September-27-2026/main.pdf	Full-support-of-the-zero-temperature-Sherrington-Kirkpatrick-order-parameter-September-27-2026/build/main.tex	1	11	1	7	10	0	18	18	1	89034
Functional-universality-of-critical-SK-autocorrelations-October-5-2026	227	preprints/Functional-universality-of-critical-SK-autocorrelations-October-5-2026/critical-sk-autocorrelations.pdf	Functional-universality-of-critical-SK-autocorrelations-October-5-2026/build/main.tex	1	13	1	10	30	1	46	46	1	231173
GOE-bulk-universality-for-fixed-degree-random-regular-graphs-September-23-2026	219	preprints/GOE-bulk-universality-for-fixed-degree-random-regular-graphs-September-23-2026/paper.pdf	GOE-bulk-universality-for-fixed-degree-random-regular-graphs-September-23-2026/build/main.tex	1	9	1	6	23	0	21	21	1	137519
Gaussian-free-field-limits-of-weighted-integer-Lipschitz-heights-October-6-2026	232	preprints/Gaussian-free-field-limits-of-weighted-integer-Lipschitz-heights-October-6-2026/paper.pdf	Gaussian-free-field-limits-of-weighted-integer-Lipschitz-heights-October-6-2026/build/main.tex	1	14	1	9	37	0	71	72	1	343656
Generalized-Cartan-Hadamard-isoperimetry-and-Euclidean-equality-rigidity-September-23-2026	337	preprints/Generalized-Cartan-Hadamard-isoperimetry-and-Euclidean-equality-rigidity-September-23-2026/paper.pdf	Generalized-Cartan-Hadamard-isoperimetry-and-Euclidean-equality-rigidity-September-23-2026/build/main.tex	1	14	1	9	24	0	25	26	1	130848
Generalized-Star-Height-at-Most-Four-September-25-2026	134	preprints/Generalized-Star-Height-at-Most-Four-September-25-2026/Generalized-Star-Height-at-Most-Four-September-25-2026.pdf	Generalized-Star-Height-at-Most-Four-September-25-2026/build/main.tex	1	11	1	7	22	0	21	21	1	119319
Generalized-Star-Height-at-Most-Three-September-25-2026	134	preprints/Generalized-Star-Height-at-Most-Three-September-25-2026/article.pdf	Generalized-Star-Height-at-Most-Three-September-25-2026/build/paper.tex	1	14	1	10	26	0	21	21	1	136534
Generalized-ionization-energies-for-full-Coulomb-atoms-September-24-2026	263	preprints/Generalized-ionization-energies-for-full-Coulomb-atoms-September-24-2026/paper.pdf	Generalized-ionization-energies-for-full-Coulomb-atoms-September-24-2026/build/paper.tex	1	10	1	6	19	0	12	13	1	110476
Generalized-outer-electron-radii-of-neutral-Coulomb-atoms-September-24-2026	263	preprints/Generalized-outer-electron-radii-of-neutral-Coulomb-atoms-September-24-2026/paper.pdf	Generalized-outer-electron-radii-of-neutral-Coulomb-atoms-September-24-2026/build/paper.tex	1	10	0	6	8	0	12	14	1	59460
Generic-C1-Future-Inextendibility-Near-Rotating-Subextremal-Kerr-Spacetimes-September-23-2026	264	preprints/Generic-C1-Future-Inextendibility-Near-Rotating-Subextremal-Kerr-Spacetimes-September-23-2026/paper.pdf	Generic-C1-Future-Inextendibility-Near-Rotating-Subextremal-Kerr-Spacetimes-September-23-2026/build/main.tex	1	14	1	10	33	0	32	34	1	265101
Generic-Future-Inextendibility-with-Square-Integrable-Connection-Near-a-Fixed-Kerr-Spacetime-September-23-2026	264	preprints/Generic-Future-Inextendibility-with-Square-Integrable-Connection-Near-a-Fixed-Kerr-Spacetime-September-23-2026/paper.pdf	Generic-Future-Inextendibility-with-Square-Integrable-Connection-Near-a-Fixed-Kerr-Spacetime-September-23-2026/build/main.tex	1	12	1	7	26	0	20	21	1	229178
Geometric-Programs-for-Solenoidal-Forcing-September-27-2026	376	preprints/Geometric-Programs-for-Solenoidal-Forcing-September-27-2026/manuscript.pdf	Geometric-Programs-for-Solenoidal-Forcing-September-27-2026/build/main.tex	1	10	0	10	23	0	6	7	1	110432
Giglis-distributional-curvature-characterization-of-Alexandrov-spaces-September-24-2026	356	preprints/Giglis-distributional-curvature-characterization-of-Alexandrov-spaces-September-24-2026/main.pdf	Giglis-distributional-curvature-characterization-of-Alexandrov-spaces-September-24-2026/build/main.tex	1	9	1	8	21	0	39	40	1	182913
Global-Arthur-Enhancements-of-Cuspidal-Excursion-Parameters-October-5-2026	014	preprints/Global-Arthur-Enhancements-of-Cuspidal-Excursion-Parameters-October-5-2026/manuscript.pdf	Global-Arthur-Enhancements-of-Cuspidal-Excursion-Parameters-October-5-2026/build/manuscript.tex	1	1	0	8	32	0	48	48	1	266240
Global-Spherical-Shells-on-Minimal-Surfaces-of-Class-VII-September-24-2026	060	preprints/Global-Spherical-Shells-on-Minimal-Surfaces-of-Class-VII-September-24-2026/paper.pdf	Global-Spherical-Shells-on-Minimal-Surfaces-of-Class-VII-September-24-2026/build/paper.tex	1	9	0	7	16	0	32	33	1	148436
Global-Support-and-Convex-Injectivity-Domains-under-Weak-MTW-September-25-2026	360	preprints/Global-Support-and-Convex-Injectivity-Domains-under-Weak-MTW-September-25-2026/paper.pdf	Global-Support-and-Convex-Injectivity-Domains-under-Weak-MTW-September-25-2026/build/main.tex	1	6	1	5	11	0	19	21	1	72986
Global-Uniqueness-for-the-Smooth-Isotropic-Elasticity-Inverse-Problem-September-24-2026	372	preprints/Global-Uniqueness-for-the-Smooth-Isotropic-Elasticity-Inverse-Problem-September-24-2026/article.pdf	Global-Uniqueness-for-the-Smooth-Isotropic-Elasticity-Inverse-Problem-September-24-2026/build/main.tex	1	7	1	6	3	0	15	15	1	80613
Global-classical-solutions-of-the-three-dimensional-relativistic-Vlasov-Maxwell-system-September-23-2026	362	preprints/Global-classical-solutions-of-the-three-dimensional-relativistic-Vlasov-Maxwell-system-September-23-2026/paper.pdf	Global-classical-solutions-of-the-three-dimensional-relativistic-Vlasov-Maxwell-system-September-23-2026/build/main.tex	1	14	1	10	30	0	21	24	1	154097
Global-quantum-geometric-Langlands-at-irrational-level-October-4-2026	069	preprints/Global-quantum-geometric-Langlands-at-irrational-level-October-4-2026/quantum-langlands.pdf	Global-quantum-geometric-Langlands-at-irrational-level-October-4-2026/build/main.tex	1	16	0	13	67	0	64	68	1	462210
Goldfelds-analytic-density-conjecture-and-the-2-converse-for-elliptic-curves-October-7-2026	006	preprints/Goldfelds-analytic-density-conjecture-and-the-2-converse-for-elliptic-curves-October-7-2026/paper.pdf	Goldfelds-analytic-density-conjecture-and-the-2-converse-for-elliptic-curves-October-7-2026/build/main.tex	1	15	1	14	56	5	95	94	1	464433
Graph-Decompositions-at-the-Integral-Expectation-Threshold-October-5-2026	175	preprints/Graph-Decompositions-at-the-Integral-Expectation-Threshold-October-5-2026/graph-threshold-decompositions.pdf	Graph-Decompositions-at-the-Integral-Expectation-Threshold-October-5-2026/build/main.tex	1	1	1	5	6	0	8	9	1	33491
Ground-state-condensation-in-the-dilute-hard-sphere-gas-September-24-2026	267	preprints/Ground-state-condensation-in-the-dilute-hard-sphere-gas-September-24-2026/paper.pdf	Ground-state-condensation-in-the-dilute-hard-sphere-gas-September-24-2026/build/main.tex	1	11	1	10	37	0	37	38	1	173730
Hamiltonian-Fixed-Points-Below-the-Stable-Morse-Number-October-5-2026	347	preprints/Hamiltonian-Fixed-Points-Below-the-Stable-Morse-Number-October-5-2026/paper.pdf	Hamiltonian-Fixed-Points-Below-the-Stable-Morse-Number-October-5-2026/build/main.tex	1	10	0	7	9	0	12	12	1	69396
Hamiltonian-Fixed-Points-Below-the-Stable-Morse-Number-in-Dimension-Twenty-Two-October-5-2026	347	preprints/Hamiltonian-Fixed-Points-Below-the-Stable-Morse-Number-in-Dimension-Twenty-Two-October-5-2026/hamiltonian-fixed-points-below-stable-morse-number.pdf	Hamiltonian-Fixed-Points-Below-the-Stable-Morse-Number-in-Dimension-Twenty-Two-October-5-2026/build/main.tex	1	8	0	6	12	0	12	12	1	70139
Hard-sphere-fluctuations-on-the-regular-Boltzmann-lifespan-September-23-2026	364	preprints/Hard-sphere-fluctuations-on-the-regular-Boltzmann-lifespan-September-23-2026/paper.pdf	Hard-sphere-fluctuations-on-the-regular-Boltzmann-lifespan-September-23-2026/build/main.tex	1	10	1	8	34	0	40	41	1	224757
Hardness-of-finding-large-independent-sets-in-three-colorable-graphs-September-24-2026	106	preprints/Hardness-of-finding-large-independent-sets-in-three-colorable-graphs-September-24-2026/Hardness-of-finding-large-independent-sets-in-three-colorable-graphs-September-24-2026.pdf	Hardness-of-finding-large-independent-sets-in-three-colorable-graphs-September-24-2026/build/source/main.tex	1	9	1	8	9	0	10	12	1	69489
Harmonic-heights-and-the-Artin-K-pi-1-conjecture-September-23-2026	254	preprints/Harmonic-heights-and-the-Artin-K-pi-1-conjecture-September-23-2026/paper.pdf	Harmonic-heights-and-the-Artin-K-pi-1-conjecture-September-23-2026/build/main.tex	1	14	1	10	35	0	49	52	1	230494
Hellinger-contraction-with-arbitrary-Boolean-output-bias-September-24-2026	119	preprints/Hellinger-contraction-with-arbitrary-Boolean-output-bias-September-24-2026/main.pdf	Hellinger-contraction-with-arbitrary-Boolean-output-bias-September-24-2026/build/main.tex	1	13	0	10	24	0	20	21	1	147617
Hilberts-tenth-problem-over-the-rational-numbers-October-6-2026	004	preprints/Hilberts-tenth-problem-over-the-rational-numbers-October-6-2026/main.pdf	Hilberts-tenth-problem-over-the-rational-numbers-October-6-2026/build/main.tex	1	9	1	7	29	0	28	29	1	206581
Homogeneous-depth-five-lower-bounds-for-iterated-matrix-multiplication-September-25-2026	135	preprints/Homogeneous-depth-five-lower-bounds-for-iterated-matrix-multiplication-September-25-2026/Homogeneous-depth-five-lower-bounds-for-iterated-matrix-multiplication-September-25-2026.pdf	Homogeneous-depth-five-lower-bounds-for-iterated-matrix-multiplication-September-25-2026/build/paper.tex	1	9	1	6	12	0	10	10	1	61508
Hyperbolicity-Cones-Without-Semidefinite-Lifts-October-5-2026	095	preprints/Hyperbolicity-Cones-Without-Semidefinite-Lifts-October-5-2026/nonliftable-hyperbolicity.pdf	Hyperbolicity-Cones-Without-Semidefinite-Lifts-October-5-2026/build/source/main.tex	1	7	1	6	14	0	17	18	1	95824
Incompressible-Box-Transport-and-Finite-Computation-October-6-2026	376	preprints/Incompressible-Box-Transport-and-Finite-Computation-October-6-2026/manuscript.pdf	Incompressible-Box-Transport-and-Finite-Computation-October-6-2026/build/main.tex	1	16	1	15	53	0	73	73	1	299870
Independent-products-in-real-L1-asymptotic-midpoint-convexity-without-AUC-renormings-September-27-2026	331	preprints/Independent-products-in-real-L1-asymptotic-midpoint-convexity-without-AUC-renormings-September-27-2026/manuscript.pdf	Independent-products-in-real-L1-asymptotic-midpoint-convexity-without-AUC-renormings-September-27-2026/build/main.tex	1	7	1	5	1	0	5	6	1	32115
Infinitely-many-closed-geodesic-images-on-every-Riemannian-sphere-September-24-2026	345	preprints/Infinitely-many-closed-geodesic-images-on-every-Riemannian-sphere-September-24-2026/paper.pdf	Infinitely-many-closed-geodesic-images-on-every-Riemannian-sphere-September-24-2026/build/paper.tex	1	14	1	11	24	0	37	37	1	174049
Integer-multiplication-below-n-log-n-September-23-2026	109	preprints/Integer-multiplication-below-n-log-n-September-23-2026/paper.pdf	Integer-multiplication-below-n-log-n-September-23-2026/build/main.tex	1	15	1	12	36	7	21	22	1	253441
Integrability-of-split-tangent-bundles-on-rationally-connected-manifolds-September-23-2026	052	preprints/Integrability-of-split-tangent-bundles-on-rationally-connected-manifolds-September-23-2026/main.pdf	Integrability-of-split-tangent-bundles-on-rationally-connected-manifolds-September-23-2026/build/main.tex	1	10	0	7	6	0	10	10	1	54826
Integrable-metrics-and-effectivity-with-controlled-boundary-September-26-2026	068	preprints/Integrable-metrics-and-effectivity-with-controlled-boundary-September-26-2026/main.pdf	Integrable-metrics-and-effectivity-with-controlled-boundary-September-26-2026/build/source/main.tex	1	11	1	12	29	2	26	27	1	172507
Integral-Donovan-Finiteness-over-Witt-Vectors-September-25-2026	203	preprints/Integral-Donovan-Finiteness-over-Witt-Vectors-September-25-2026/main.pdf	Integral-Donovan-Finiteness-over-Witt-Vectors-September-25-2026/build/main.tex	1	9	1	7	20	0	17	17	1	76512
Integral-and-fractional-expectation-thresholds-are-equivalent-September-23-2026	175	preprints/Integral-and-fractional-expectation-thresholds-are-equivalent-September-23-2026/paper.pdf	Integral-and-fractional-expectation-thresholds-are-equivalent-September-23-2026/build/source/main.tex	1	7	0	4	2	0	4	4	1	37728
Integral-points-on-character-varieties-of-curves-September-25-2026	027	preprints/Integral-points-on-character-varieties-of-curves-September-25-2026/paper.pdf	Integral-points-on-character-varieties-of-curves-September-25-2026/build/main.tex	1	11	1	8	18	2	13	15	1	92564
Interior-regularity-of-planar-Mumford-Shah-minimizers-September-24-2026	366	preprints/Interior-regularity-of-planar-Mumford-Shah-minimizers-September-24-2026/Interior-regularity-of-planar-Mumford-Shah-minimizers-September-24-2026.pdf	Interior-regularity-of-planar-Mumford-Shah-minimizers-September-24-2026/build/main.tex	1	8	1	6	7	0	9	11	1	66931
Invariant-anticanonical-indices-and-conversion-of-twisted-differentials-September-26-2026	068	preprints/Invariant-anticanonical-indices-and-conversion-of-twisted-differentials-September-26-2026/main.pdf	Invariant-anticanonical-indices-and-conversion-of-twisted-differentials-September-26-2026/build/source/main.tex	1	6	1	5	9	0	8	11	1	59045
Invariant-projection-counterexamples-for-every-irrational-rotation-September-27-2026	293	preprints/Invariant-projection-counterexamples-for-every-irrational-rotation-September-27-2026/paper.pdf	Invariant-projection-counterexamples-for-every-irrational-rotation-September-27-2026/build/paper.tex	1	16	1	7	24	2	27	30	1	156959
Irrational-cubic-fourfolds-with-geometric-K3-categories-September-24-2026	054	preprints/Irrational-cubic-fourfolds-with-geometric-K3-categories-September-24-2026/Irrational-cubic-fourfolds-with-geometric-K3-categories-September-24-2026.pdf	Irrational-cubic-fourfolds-with-geometric-K3-categories-September-24-2026/build/paper.tex	1	8	1	7	32	0	44	46	1	227328
Kadisons-similarity-theorem-through-uniform-derivation-estimates-September-23-2026	288	preprints/Kadisons-similarity-theorem-through-uniform-derivation-estimates-September-23-2026/paper.pdf	Kadisons-similarity-theorem-through-uniform-derivation-estimates-September-23-2026/build/main.tex	1	10	1	8	16	0	23	24	1	100325
Koebes-Circle-Domain-Conjecture-September-23-2026	071	preprints/Koebes-Circle-Domain-Conjecture-September-23-2026/paper.pdf	Koebes-Circle-Domain-Conjecture-September-23-2026/build/main.tex	1	12	0	8	29	0	30	30	1	227936
L1-Embeddings-of-Graphs-of-Bounded-Treewidth-September-23-2026	089	preprints/L1-Embeddings-of-Graphs-of-Bounded-Treewidth-September-23-2026/paper.pdf	L1-Embeddings-of-Graphs-of-Bounded-Treewidth-September-23-2026/build/main.tex	1	10	0	7	12	0	21	23	1	102056
Lechs-multiplicity-conjecture-September-23-2026	194	preprints/Lechs-multiplicity-conjecture-September-23-2026/paper.pdf	Lechs-multiplicity-conjecture-September-23-2026/build/main.tex	1	8	0	8	15	0	23	24	1	138623
Lifting-sections-from-the-reduced-support-of-an-adjoint-September-27-2026	034	preprints/Lifting-sections-from-the-reduced-support-of-an-adjoint-September-27-2026/paper.pdf	Lifting-sections-from-the-reduced-support-of-an-adjoint-September-27-2026/build/main.tex	1	11	0	8	22	0	19	21	1	155623
Linear-Variance-of-the-Random-3-SAT-Hitting-Time-October-5-2026	235	preprints/Linear-Variance-of-the-Random-3-SAT-Hitting-Time-October-5-2026/linear-variance-of-the-random-3-sat-hitting-time.pdf	Linear-Variance-of-the-Random-3-SAT-Hitting-Time-October-5-2026/build/source/main.tex	1	1	1	5	6	0	9	11	1	27412
Lipschitz-Equivalent-Separable-Banach-Spaces-Need-Not-Be-Linearly-Isomorphic-September-24-2026	324	preprints/Lipschitz-Equivalent-Separable-Banach-Spaces-Need-Not-Be-Linearly-Isomorphic-September-24-2026/paper.pdf	Lipschitz-Equivalent-Separable-Banach-Spaces-Need-Not-Be-Linearly-Isomorphic-September-24-2026/build/main.tex	1	8	1	6	11	0	11	13	1	70842
Localization-costs-and-information-growth-for-exact-Gaussian-observations-September-27-2026	140	preprints/Localization-costs-and-information-growth-for-exact-Gaussian-observations-September-27-2026/paper.pdf	Localization-costs-and-information-growth-for-exact-Gaussian-observations-September-27-2026/build/main.tex	1	16	1	13	43	0	57	57	1	317296
Log-abundance-for-compact-Kahler-spaces-under-logarithmic-Iitaka-subadditivity-October-6-2026	034	preprints/Log-abundance-for-compact-Kahler-spaces-under-logarithmic-Iitaka-subadditivity-October-6-2026/main.pdf	Log-abundance-for-compact-Kahler-spaces-under-logarithmic-Iitaka-subadditivity-October-6-2026/build/main.tex	1	15	1	7	38	11	101	102	1	576201
Log-abundance-in-characteristic-zero-September-24-2026	034	preprints/Log-abundance-in-characteristic-zero-September-24-2026/paper.pdf	Log-abundance-in-characteristic-zero-September-24-2026/build/main.tex	1	16	1	14	31	9	50	54	1	303325
Log-abundance-in-numerical-dimension-one-for-threefolds-in-positive-characteristic-October-5-2026	035	preprints/Log-abundance-in-numerical-dimension-one-for-threefolds-in-positive-characteristic-October-5-2026/paper.pdf	Log-abundance-in-numerical-dimension-one-for-threefolds-in-positive-characteristic-October-5-2026/build/main.tex	1	8	0	6	4	0	9	10	1	61422
Logarithmic-Kodaira-dimension-and-whole-fiber-variation-September-26-2026	033	preprints/Logarithmic-Kodaira-dimension-and-whole-fiber-variation-September-26-2026/paper.pdf	Logarithmic-Kodaira-dimension-and-whole-fiber-variation-September-26-2026/build/main.tex	1	15	1	9	39	0	57	58	1	306121
Logarithmic-Relative-Fluctuations-in-the-Weakly-Disordered-Planar-Ising-Model-October-5-2026	218	preprints/Logarithmic-Relative-Fluctuations-in-the-Weakly-Disordered-Planar-Ising-Model-October-5-2026/critical-relative-second-moment-weak-random-bond-ising.pdf	Logarithmic-Relative-Fluctuations-in-the-Weakly-Disordered-Planar-Ising-Model-October-5-2026/build/main.tex	1	14	0	10	35	0	37	38	1	232567
Marked-polygon-correlations-and-one-arc-bounds-September-26-2026	237	preprints/Marked-polygon-correlations-and-one-arc-bounds-September-26-2026/main.pdf	Marked-polygon-correlations-and-one-arc-bounds-September-26-2026/build/main.tex	1	11	0	8	23	0	27	29	1	223125
Mass-and-covering-exponents-for-fixed-length-honeycomb-walks-September-26-2026	237	preprints/Mass-and-covering-exponents-for-fixed-length-honeycomb-walks-September-26-2026/main.pdf	Mass-and-covering-exponents-for-fixed-length-honeycomb-walks-September-26-2026/build/main.tex	1	18	0	10	31	0	41	46	1	264514
Matrix-Multiplication-Nine-Fourths-October-2-2026	107	preprints/Matrix-Multiplication-Nine-Fourths-October-2-2026/paper.pdf	Matrix-Multiplication-Nine-Fourths-October-2-2026/build/paper.tex	1	1	0	6	6	0	9	9	1	43060
Maximal-Multipoint-Seshadri-Constants-in-Higher-Dimensions-October-5-2026	039	preprints/Maximal-Multipoint-Seshadri-Constants-in-Higher-Dimensions-October-5-2026/main.pdf	Maximal-Multipoint-Seshadri-Constants-in-Higher-Dimensions-October-5-2026/build/main.tex	2	18	2	11	16	0	29	30	1	123377
Maximal-Seshadri-Constants-on-Arbitrary-Polarized-Surfaces-September-23-2026	039	preprints/Maximal-Seshadri-Constants-on-Arbitrary-Polarized-Surfaces-September-23-2026/main.pdf	Maximal-Seshadri-Constants-on-Arbitrary-Polarized-Surfaces-September-23-2026/build/preamble.tex	1	10	1	5	7	0	17	17	1	61622
Maximal-multipoint-Seshadri-constants-in-positive-characteristic-October-5-2026	039	preprints/Maximal-multipoint-Seshadri-constants-in-positive-characteristic-October-5-2026/seshadri-positive-characteristic.pdf	Maximal-multipoint-Seshadri-constants-in-positive-characteristic-October-5-2026/build/build/main.tex	1	8	1	6	8	0	15	15	1	55341
Mean-payoff-parity-games-in-quasipolynomial-time-October-5-2026	104	preprints/Mean-payoff-parity-games-in-quasipolynomial-time-October-5-2026/mean-payoff-parity.pdf	Mean-payoff-parity-games-in-quasipolynomial-time-October-5-2026/build/main.tex	1	9	1	5	8	0	9	9	1	46795
Memory-and-precision-in-noiseless-Gaussian-regression-September-27-2026	140	preprints/Memory-and-precision-in-noiseless-Gaussian-regression-September-27-2026/paper.pdf	Memory-and-precision-in-noiseless-Gaussian-regression-September-27-2026/build/main.tex	1	15	1	12	23	0	36	35	1	137693
Metric-Markov-Cotype-Two-of-l1-October-5-2026	332	preprints/Metric-Markov-Cotype-Two-of-l1-October-5-2026/l1-markov-cotype.pdf	Metric-Markov-Cotype-Two-of-l1-October-5-2026/build/main.tex	1	1	1	6	5	0	7	7	1	23932
Metric-descent-and-rank-preserving-contractions-September-26-2026	068	preprints/Metric-descent-and-rank-preserving-contractions-September-26-2026/main.pdf	Metric-descent-and-rank-preserving-contractions-September-26-2026/build/source/main.tex	1	12	1	12	45	0	48	46	1	257845
Metric-measure-limits-of-subcritical-FK-and-spanning-tree-planar-maps-September-24-2026	211	preprints/Metric-measure-limits-of-subcritical-FK-and-spanning-tree-planar-maps-September-24-2026/main.pdf	Metric-measure-limits-of-subcritical-FK-and-spanning-tree-planar-maps-September-24-2026/build/main.tex	1	36	1	19	84	0	177	182	1	893025
Microscopic-jamming-in-the-negative-spherical-perceptron-September-24-2026	222	preprints/Microscopic-jamming-in-the-negative-spherical-perceptron-September-24-2026/Microscopic-jamming-in-the-negative-spherical-perceptron-September-24-2026.pdf	Microscopic-jamming-in-the-negative-spherical-perceptron-September-24-2026/build/main.tex	1	1	0	13	66	0	69	70	1	473805
Midpoint-convexity-from-bounded-tree-potentials-and-path-costs-September-27-2026	331	preprints/Midpoint-convexity-from-bounded-tree-potentials-and-path-costs-September-27-2026/manuscript.pdf	Midpoint-convexity-from-bounded-tree-potentials-and-path-costs-September-27-2026/build/main.tex	1	9	1	9	28	0	49	48	1	175273
Midpoint-convexity-from-two-recursive-potentials-September-27-2026	331	preprints/Midpoint-convexity-from-two-recursive-potentials-September-27-2026/manuscript.pdf	Midpoint-convexity-from-two-recursive-potentials-September-27-2026/build/main.tex	1	8	1	7	4	0	17	17	1	74151
Midpoint-lenses-in-segment-spaces-September-27-2026	331	preprints/Midpoint-lenses-in-segment-spaces-September-27-2026/manuscript.pdf	Midpoint-lenses-in-segment-spaces-September-27-2026/build/preamble.tex	1	27	1	24	47	3	75	73	1	247619
Milnes-rationality-conjecture-for-abelian-varieties-October-7-2026	001	preprints/Milnes-rationality-conjecture-for-abelian-varieties-October-7-2026/paper.pdf	Milnes-rationality-conjecture-for-abelian-varieties-October-7-2026/build/main.tex	1	9	0	6	16	0	21	21	1	139478
Minimal-metrics-and-interior-injectivity-for-nef-adjoints-September-27-2026	034	preprints/Minimal-metrics-and-interior-injectivity-for-nef-adjoints-September-27-2026/paper.pdf	Minimal-metrics-and-interior-injectivity-for-nef-adjoints-September-27-2026/build/main.tex	1	7	0	4	14	0	8	12	1	76705
Minimal-models-and-Mori-fibre-spaces-for-generalized-log-canonical-Q-pairs-September-24-2026	036	preprints/Minimal-models-and-Mori-fibre-spaces-for-generalized-log-canonical-Q-pairs-September-24-2026/paper.pdf	Minimal-models-and-Mori-fibre-spaces-for-generalized-log-canonical-Q-pairs-September-24-2026/build/main.tex	1	15	1	13	48	4	26	29	1	317489
Minimal-models-in-numerical-dimension-one-September-24-2026	036	preprints/Minimal-models-in-numerical-dimension-one-September-24-2026/paper.pdf	Minimal-models-in-numerical-dimension-one-September-24-2026/build/paper.tex	1	5	1	4	10	0	9	9	1	51316
Modularity-of-elliptic-curves-over-imaginary-quadratic-fields-October-4-2026	030	preprints/Modularity-of-elliptic-curves-over-imaginary-quadratic-fields-October-4-2026/paper.pdf	Modularity-of-elliptic-curves-over-imaginary-quadratic-fields-October-4-2026/build/main.tex	1	12	1	9	21	0	26	30	1	107728
Monochromatic-finite-sums-and-products-in-the-positive-integers-September-23-2026	164	preprints/Monochromatic-finite-sums-and-products-in-the-positive-integers-September-23-2026/paper.pdf	Monochromatic-finite-sums-and-products-in-the-positive-integers-September-23-2026/build/main.tex	1	10	0	8	34	0	34	34	1	260879
Nagatas-Conjecture-for-Plane-Curves-September-23-2026	039	preprints/Nagatas-Conjecture-for-Plane-Curves-September-23-2026/main.pdf	Nagatas-Conjecture-for-Plane-Curves-September-23-2026/build/main.tex	1	8	1	6	17	0	18	18	1	71645
Natural-Occupation-Measures-for-Critical-Square-Lattice-FK-Interfaces-October-5-2026	223	preprints/Natural-Occupation-Measures-for-Critical-Square-Lattice-FK-Interfaces-October-5-2026/natural-occupation-measures-critical-square-lattice-fk-interfaces.pdf	Natural-Occupation-Measures-for-Critical-Square-Lattice-FK-Interfaces-October-5-2026/build/main.tex	1	27	3	36	145	0	159	168	1	959552
Near-Inclusions-of-von-Neumann-Algebras-Without-Small-Spatial-Embeddings-October-5-2026	289	preprints/Near-Inclusions-of-von-Neumann-Algebras-Without-Small-Spatial-Embeddings-October-5-2026/near-inclusions.pdf	Near-Inclusions-of-von-Neumann-Algebras-Without-Small-Spatial-Embeddings-October-5-2026/build/main.tex	1	5	1	4	5	0	5	5	1	29603
Near-square-root-logarithmic-integrality-gaps-for-uniform-sparsest-cut-September-24-2026	117	preprints/Near-square-root-logarithmic-integrality-gaps-for-uniform-sparsest-cut-September-24-2026/Near-square-root-logarithmic-integrality-gaps-for-uniform-sparsest-cut-September-24-2026.pdf	Near-square-root-logarithmic-integrality-gaps-for-uniform-sparsest-cut-September-24-2026/build/source/main.tex	1	9	1	7	7	0	9	10	1	67977
Nearly-minimal-maxima-and-positive-minima-of-Littlewood-polynomials-October-5-2026	076	preprints/Nearly-minimal-maxima-and-positive-minima-of-Littlewood-polynomials-October-5-2026/littlewood-lower-envelope.pdf	Nearly-minimal-maxima-and-positive-minima-of-Littlewood-polynomials-October-5-2026/build/main.tex	1	9	1	7	10	0	8	10	1	84684
No-bigeodesics-in-planar-first-passage-percolation-September-24-2026	212	preprints/No-bigeodesics-in-planar-first-passage-percolation-September-24-2026/main.pdf	No-bigeodesics-in-planar-first-passage-percolation-September-24-2026/build/main.tex	1	13	0	9	13	0	32	33	1	153631
No-percolation-at-criticality-on-quasi-transitive-graphs-September-24-2026	213	preprints/No-percolation-at-criticality-on-quasi-transitive-graphs-September-24-2026/paper.pdf	No-percolation-at-criticality-on-quasi-transitive-graphs-September-24-2026/build/main.tex	1	14	1	10	25	0	20	23	1	141088
Nonhomeomorphic-closed-aspherical-four-manifolds-with-the-same-homotopy-type-October-4-2026	320	preprints/Nonhomeomorphic-closed-aspherical-four-manifolds-with-the-same-homotopy-type-October-4-2026/paper.pdf	Nonhomeomorphic-closed-aspherical-four-manifolds-with-the-same-homotopy-type-October-4-2026/build/paper.tex	1	12	0	10	35	0	50	55	1	233879
Nonsingular-systems-of-equations-over-arbitrary-groups-October-5-2026	256	preprints/Nonsingular-systems-of-equations-over-arbitrary-groups-October-5-2026/nonsingular-systems-over-arbitrary-groups.pdf	Nonsingular-systems-of-equations-over-arbitrary-groups-October-5-2026/build/main.tex	1	8	0	5	8	0	4	5	1	58126
Nontrivial-Markov-Type-Forces-Superreflexivity-September-23-2026	327	preprints/Nontrivial-Markov-Type-Forces-Superreflexivity-September-23-2026/paper.pdf	Nontrivial-Markov-Type-Forces-Superreflexivity-September-23-2026/build/main.tex	1	3	0	6	6	0	8	8	1	47008
Nonuniqueness-for-Bounded-Measurable-Scalar-Conductivities-in-Three-Dimensions-September-23-2026	365	preprints/Nonuniqueness-for-Bounded-Measurable-Scalar-Conductivities-in-Three-Dimensions-September-23-2026/paper.pdf	Nonuniqueness-for-Bounded-Measurable-Scalar-Conductivities-in-Three-Dimensions-September-23-2026/build/paper.tex	1	5	0	5	14	0	17	18	1	121551
Nonuniqueness-for-the-periodic-hard-sphere-Boltzmann-equation-September-23-2026	363	preprints/Nonuniqueness-for-the-periodic-hard-sphere-Boltzmann-equation-September-23-2026/paper.pdf	Nonuniqueness-for-the-periodic-hard-sphere-Boltzmann-equation-September-23-2026/build/paper.tex	1	13	1	10	37	0	32	34	1	197001
Nonuniqueness-of-percolation-on-nonamenable-quasi-transitive-graphs-September-24-2026	214	preprints/Nonuniqueness-of-percolation-on-nonamenable-quasi-transitive-graphs-September-24-2026/paper.pdf	Nonuniqueness-of-percolation-on-nonamenable-quasi-transitive-graphs-September-24-2026/build/main.tex	1	15	1	10	14	0	46	46	1	177130
Nonuniqueness-with-local-conservation-for-the-hard-sphere-Boltzmann-equation-October-5-2026	363	preprints/Nonuniqueness-with-local-conservation-for-the-hard-sphere-Boltzmann-equation-October-5-2026/paper.pdf	Nonuniqueness-with-local-conservation-for-the-hard-sphere-Boltzmann-equation-October-5-2026/build/main.tex	1	16	1	12	44	0	48	50	1	256858
Nuclear-dimension-and-Jiang-Su-stability-without-elementary-subquotients-September-23-2026	291	preprints/Nuclear-dimension-and-Jiang-Su-stability-without-elementary-subquotients-September-23-2026/paper.pdf	Nuclear-dimension-and-Jiang-Su-stability-without-elementary-subquotients-September-23-2026/build/paper.tex	1	12	0	9	14	0	33	38	1	141598
Numerical-Semiampleness-of-Nef-Adjoint-Divisors-October-3-2026	036	preprints/Numerical-Semiampleness-of-Nef-Adjoint-Divisors-October-3-2026/paper.pdf	Numerical-Semiampleness-of-Nef-Adjoint-Divisors-October-3-2026/build/main.tex	1	10	0	8	29	0	20	30	1	142914
Numerical-semiampleness-of-nef-adjoint-classes-on-compact-Kahler-manifolds-October-6-2026	036	preprints/Numerical-semiampleness-of-nef-adjoint-classes-on-compact-Kahler-manifolds-October-6-2026/numerical-generalized-abundance.pdf	Numerical-semiampleness-of-nef-adjoint-classes-on-compact-Kahler-manifolds-October-6-2026/build/main.tex	1	10	2	7	21	9	35	39	1	174546
One-Rational-Matrix-Hitting-Point-for-Noncommutative-Formulas-September-24-2026	116	preprints/One-Rational-Matrix-Hitting-Point-for-Noncommutative-Formulas-September-24-2026/One-Rational-Matrix-Hitting-Point-for-Noncommutative-Formulas-September-24-2026.pdf	One-Rational-Matrix-Hitting-Point-for-Noncommutative-Formulas-September-24-2026/build/paper.tex	1	7	1	5	5	0	6	7	1	39467
One-Sample-Suffices-for-Matroid-Prophet-Inequalities-against-an-Almighty-Adversary-September-23-2026	111	preprints/One-Sample-Suffices-for-Matroid-Prophet-Inequalities-against-an-Almighty-Adversary-September-23-2026/final.pdf	One-Sample-Suffices-for-Matroid-Prophet-Inequalities-against-an-Almighty-Adversary-September-23-2026/build/main.tex	1	8	1	7	17	0	17	18	1	90109
One-sided-negative-sectional-curvature-and-the-holomorphic-Liouville-property-September-25-2026	359	preprints/One-sided-negative-sectional-curvature-and-the-holomorphic-Liouville-property-September-25-2026/paper.pdf	One-sided-negative-sectional-curvature-and-the-holomorphic-Liouville-property-September-25-2026/build/main.tex	1	11	1	8	19	0	27	27	1	194085
Open-Homomorphisms-of-Global-Solvably-Closed-Galois-Groups-October-5-2026	031	preprints/Open-Homomorphisms-of-Global-Solvably-Closed-Galois-Groups-October-5-2026/open-homomorphisms-solvably-closed-galois-groups.pdf	Open-Homomorphisms-of-Global-Solvably-Closed-Galois-Groups-October-5-2026/build/main.tex	1	8	0	6	13	0	18	21	1	81199
Optimal-order-mixing-of-the-Thorp-shuffle-September-26-2026	238	preprints/Optimal-order-mixing-of-the-Thorp-shuffle-September-26-2026/paper.pdf	Optimal-order-mixing-of-the-Thorp-shuffle-September-26-2026/build/main.tex	1	3	0	7	2	0	7	7	1	46651
Orbifold-and-logarithmic-Iitaka-subadditivity-September-26-2026	033	preprints/Orbifold-and-logarithmic-Iitaka-subadditivity-September-26-2026/paper.pdf	Orbifold-and-logarithmic-Iitaka-subadditivity-September-26-2026/build/main.tex	1	12	1	8	27	6	42	42	1	235372
Ordinary-two-point-correlations-of-multiplicative-functions-September-24-2026	007	preprints/Ordinary-two-point-correlations-of-multiplicative-functions-September-24-2026/final.pdf	Ordinary-two-point-correlations-of-multiplicative-functions-September-24-2026/build/main.tex	1	18	1	18	49	0	62	65	1	274204
P-equals-W-in-composite-rank-for-fixed-determinant-September-24-2026	043	preprints/P-equals-W-in-composite-rank-for-fixed-determinant-September-24-2026/P-equals-W-in-composite-rank-for-fixed-determinant-September-24-2026.pdf	P-equals-W-in-composite-rank-for-fixed-determinant-September-24-2026/build/main.tex	1	11	1	9	24	0	31	32	1	129468
Paired-states-and-Hamiltonian-cycles-in-cubic-bipartite-planar-graphs-September-24-2026	180	preprints/Paired-states-and-Hamiltonian-cycles-in-cubic-bipartite-planar-graphs-September-24-2026/paper.pdf	Paired-states-and-Hamiltonian-cycles-in-cubic-bipartite-planar-graphs-September-24-2026/build/paper.tex	1	2	1	7	6	0	11	12	1	38760
Parabolic-intersections-in-Artin-groups-September-23-2026	254	preprints/Parabolic-intersections-in-Artin-groups-September-23-2026/paper.pdf	Parabolic-intersections-in-Artin-groups-September-23-2026/build/paper.tex	1	10	1	8	34	0	55	56	1	193387
Parity-lifts-and-bounded-treewidth-witnesses-for-Weisfeiler-Leman-equivalence-September-25-2026	133	preprints/Parity-lifts-and-bounded-treewidth-witnesses-for-Weisfeiler-Leman-equivalence-September-25-2026/paper.pdf	Parity-lifts-and-bounded-treewidth-witnesses-for-Weisfeiler-Leman-equivalence-September-25-2026/build/main.tex	1	7	1	5	4	0	9	10	1	53285
Path-selection-and-an-elliptic-inequality-on-degenerating-Ricci-flat-trees-September-24-2026	351	preprints/Path-selection-and-an-elliptic-inequality-on-degenerating-Ricci-flat-trees-September-24-2026/paper.pdf	Path-selection-and-an-elliptic-inequality-on-degenerating-Ricci-flat-trees-September-24-2026/build/paper.tex	1	10	1	7	13	0	26	26	1	152087
Perfect-completeness-for-2-to-1-games-September-23-2026	105	preprints/Perfect-completeness-for-2-to-1-games-September-23-2026/paper.pdf	Perfect-completeness-for-2-to-1-games-September-23-2026/build/main.tex	1	10	1	8	31	0	31	34	1	192151
Pettys-projection-volume-conjecture-in-dimensions-at-least-four-September-24-2026	088	preprints/Pettys-projection-volume-conjecture-in-dimensions-at-least-four-September-24-2026/paper.pdf	Pettys-projection-volume-conjecture-in-dimensions-at-least-four-September-24-2026/build/latex/main.tex	1	9	0	7	15	0	20	21	1	91847
Planar-Graph-Metrics-Embed-into-L1-with-Constant-Distortion-September-23-2026	089	preprints/Planar-Graph-Metrics-Embed-into-L1-with-Constant-Distortion-September-23-2026/paper.pdf	Planar-Graph-Metrics-Embed-into-L1-with-Constant-Distortion-September-23-2026/build/main.tex	1	14	1	10	26	0	35	36	1	154817
Pointwise-Multiple-Ergodic-Averages-for-Mixing-Transformations-October-4-2026	154	preprints/Pointwise-Multiple-Ergodic-Averages-for-Mixing-Transformations-October-4-2026/multiple-ergodic-averages.pdf	Pointwise-Multiple-Ergodic-Averages-for-Mixing-Transformations-October-4-2026/build/main.tex	1	9	1	7	15	0	18	21	1	81793
Pointwise-convergence-of-fourfold-ergodic-averages-for-mixing-transformations-October-4-2026	154	preprints/Pointwise-convergence-of-fourfold-ergodic-averages-for-mixing-transformations-October-4-2026/fourfold-ergodic-averages.pdf	Pointwise-convergence-of-fourfold-ergodic-averages-for-mixing-transformations-October-4-2026/build/main.tex	1	9	0	7	19	0	19	21	1	128836
Pointwise-convergence-of-triple-ergodic-averages-for-mixing-transformations-October-4-2026	154	preprints/Pointwise-convergence-of-triple-ergodic-averages-for-mixing-transformations-October-4-2026/pointwise-triple-ergodic-averages-mixing-transformations.pdf	Pointwise-convergence-of-triple-ergodic-averages-for-mixing-transformations-October-4-2026/build/paper/main.tex	1	11	1	7	27	2	26	27	1	234682
Polynomial-Hitting-Lists-for-Noncommutative-Rational-Formulas-September-24-2026	116	preprints/Polynomial-Hitting-Lists-for-Noncommutative-Rational-Formulas-September-24-2026/Polynomial-Hitting-Lists-for-Noncommutative-Rational-Formulas-September-24-2026.pdf	Polynomial-Hitting-Lists-for-Noncommutative-Rational-Formulas-September-24-2026/build/main.tex	1	8	1	7	8	0	14	14	1	78915
Polynomial-Mixing-of-the-Switch-Chain-for-Every-Graphical-Degree-Sequence-September-25-2026	131	preprints/Polynomial-Mixing-of-the-Switch-Chain-for-Every-Graphical-Degree-Sequence-September-25-2026/main.pdf	Polynomial-Mixing-of-the-Switch-Chain-for-Every-Graphical-Degree-Sequence-September-25-2026/build/main.tex	1	10	0	8	4	0	14	14	1	73633
Polynomial-PEPS-approximation-of-gapped-square-grid-ground-states-September-24-2026	265	preprints/Polynomial-PEPS-approximation-of-gapped-square-grid-ground-states-September-24-2026/paper.pdf	Polynomial-PEPS-approximation-of-gapped-square-grid-ground-states-September-24-2026/build/main.tex	1	13	1	9	26	0	16	19	1	195612
Polynomial-Time-Unitary-Synthesis-from-a-Boolean-Oracle-October-5-2026	283	preprints/Polynomial-Time-Unitary-Synthesis-from-a-Boolean-Oracle-October-5-2026/paper.pdf	Polynomial-Time-Unitary-Synthesis-from-a-Boolean-Oracle-October-5-2026/build/main.tex	1	10	0	7	10	0	16	16	1	72301
Polynomial-removal-fails-for-ordered-binary-matrices-September-25-2026	190	preprints/Polynomial-removal-fails-for-ordered-binary-matrices-September-25-2026/paper.pdf	Polynomial-removal-fails-for-ordered-binary-matrices-September-25-2026/build/paper.tex	1	8	1	5	6	0	9	9	1	38722
Polynomial-vacuum-representations-and-bridge-mass-for-honeycomb-walks-September-26-2026	237	preprints/Polynomial-vacuum-representations-and-bridge-mass-for-honeycomb-walks-September-26-2026/main.pdf	Polynomial-vacuum-representations-and-bridge-mass-for-honeycomb-walks-September-26-2026/build/main.tex	1	17	0	9	29	1	23	28	1	248979
Positive-Metric-Entropy-for-the-Standard-Map-at-Large-Parameters-September-23-2026	146	preprints/Positive-Metric-Entropy-for-the-Standard-Map-at-Large-Parameters-September-23-2026/paper.pdf	Positive-Metric-Entropy-for-the-Standard-Map-at-Large-Parameters-September-23-2026/build/paper.tex	1	10	0	8	20	0	22	24	1	145309
Positive-eigenvalues-of-the-relative-SU-2-BFSS-Hamiltonian-October-5-2026	270	preprints/Positive-eigenvalues-of-the-relative-SU-2-BFSS-Hamiltonian-October-5-2026/positive-eigenvalues-relative-su2-bfss.pdf	Positive-eigenvalues-of-the-relative-SU-2-BFSS-Hamiltonian-October-5-2026/build/positive-eigenvalues-relative-su2-bfss.tex	1	1	0	4	0	0	9	9	1	35711
Positive-lower-density-of-large-prime-gaps-September-25-2026	026	preprints/Positive-lower-density-of-large-prime-gaps-September-25-2026/main.pdf	Positive-lower-density-of-large-prime-gaps-September-25-2026/build/main.tex	1	6	1	5	6	0	11	11	1	55299
Positive-scalar-curvature-and-uniform-codimension-two-width-September-23-2026	336	preprints/Positive-scalar-curvature-and-uniform-codimension-two-width-September-23-2026/paper.pdf	Positive-scalar-curvature-and-uniform-codimension-two-width-September-23-2026/build/main.tex	1	15	1	13	29	0	56	58	1	358014
Positive-scalar-curvature-forces-rational-inessentiality-September-23-2026	335	preprints/Positive-scalar-curvature-forces-rational-inessentiality-September-23-2026/paper.pdf	Positive-scalar-curvature-forces-rational-inessentiality-September-23-2026/build/main.tex	1	11	1	8	12	0	23	23	1	128961
Positively-curved-Einstein-four-manifolds-September-23-2026	348	preprints/Positively-curved-Einstein-four-manifolds-September-23-2026/paper.pdf	Positively-curved-Einstein-four-manifolds-September-23-2026/build/paper.tex	1	14	0	10	28	0	42	43	1	177617
Positivity-of-Serres-Intersection-Multiplicity-September-23-2026	193	preprints/Positivity-of-Serres-Intersection-Multiplicity-September-23-2026/paper.pdf	Positivity-of-Serres-Intersection-Multiplicity-September-23-2026/build/paper.tex	1	7	0	5	21	0	25	25	1	116314
Posterior-replicas-and-conditional-information-in-Gaussian-regression-September-27-2026	140	preprints/Posterior-replicas-and-conditional-information-in-Gaussian-regression-September-27-2026/paper.pdf	Posterior-replicas-and-conditional-information-in-Gaussian-regression-September-27-2026/build/main.tex	1	11	1	9	30	0	45	45	1	203057
Power-law-violations-of-Yaus-nodal-upper-bound-September-23-2026	350	preprints/Power-law-violations-of-Yaus-nodal-upper-bound-September-23-2026/paper.pdf	Power-law-violations-of-Yaus-nodal-upper-bound-September-23-2026/build/main.tex	1	6	1	5	16	0	15	15	1	111649
Prefix-Instructions-and-Incompressible-Flows-September-27-2026	376	preprints/Prefix-Instructions-and-Incompressible-Flows-September-27-2026/manuscript.pdf	Prefix-Instructions-and-Incompressible-Flows-September-27-2026/build/main.tex	1	11	1	14	28	0	37	38	1	196361
Prescribed-large-volume-charges-on-threefolds-with-trivial-canonical-bundle-September-24-2026	055	preprints/Prescribed-large-volume-charges-on-threefolds-with-trivial-canonical-bundle-September-24-2026/paper.pdf	Prescribed-large-volume-charges-on-threefolds-with-trivial-canonical-bundle-September-24-2026/build/main.tex	1	9	1	8	31	0	34	36	1	174259
Prime-Predecessors-with-an-Even-Number-of-Prime-Factors-September-17-2026	011	preprints/Prime-Predecessors-with-an-Even-Number-of-Prime-Factors-September-17-2026/paper.pdf	Prime-Predecessors-with-an-Even-Number-of-Prime-Factors-September-17-2026/build/main.tex	1	9	0	8	15	0	21	29	1	141907
Primitive-roots-for-every-admissible-integer-base-October-4-2026	029	preprints/Primitive-roots-for-every-admissible-integer-base-October-4-2026/primitive-roots-all-integer-bases.pdf	Primitive-roots-for-every-admissible-integer-base-October-4-2026/build/main.tex	1	17	0	13	33	0	34	37	1	325891
Product-projection-localization-and-the-QAC0-parity-lower-bound-September-24-2026	274	preprints/Product-projection-localization-and-the-QAC0-parity-lower-bound-September-24-2026/paper.pdf	Product-projection-localization-and-the-QAC0-parity-lower-bound-September-24-2026/build/main.tex	1	10	0	7	7	0	11	11	1	66784
Projection-moments-positive-cap-domination-and-Riesz-estimates-on-the-sphere-September-27-2026	140	preprints/Projection-moments-positive-cap-domination-and-Riesz-estimates-on-the-sphere-September-27-2026/paper.pdf	Projection-moments-positive-cap-domination-and-Riesz-estimates-on-the-sphere-September-27-2026/build/main.tex	1	7	1	5	18	0	26	25	1	96678
Projective-Hodge-lines-and-ordinary-Iitaka-subadditivity-September-27-2026	033	preprints/Projective-Hodge-lines-and-ordinary-Iitaka-subadditivity-September-27-2026/paper.pdf	Projective-Hodge-lines-and-ordinary-Iitaka-subadditivity-September-27-2026/build/main.tex	1	11	1	9	24	0	29	33	1	153018
Projective-Space-Bases-of-Lagrangian-Fibrations-September-23-2026	041	preprints/Projective-Space-Bases-of-Lagrangian-Fibrations-September-23-2026/main.pdf	Projective-Space-Bases-of-Lagrangian-Fibrations-September-23-2026/build/source/main.tex	1	13	1	12	25	0	76	78	1	376894
Pure-Point-Spectrum-for-the-Two-Dimensional-Anderson-Model-at-Every-Positive-Disorder-September-23-2026	261	preprints/Pure-Point-Spectrum-for-the-Two-Dimensional-Anderson-Model-at-Every-Positive-Disorder-September-23-2026/paper.pdf	Pure-Point-Spectrum-for-the-Two-Dimensional-Anderson-Model-at-Every-Positive-Disorder-September-23-2026/build/paper.tex	1	13	0	11	44	0	40	44	1	267213
Purely-Cosmetic-Surgery-on-Knots-in-the-Three-Sphere-September-23-2026	306	preprints/Purely-Cosmetic-Surgery-on-Knots-in-the-Three-Sphere-September-23-2026/paper.pdf	Purely-Cosmetic-Surgery-on-Knots-in-the-Three-Sphere-September-23-2026/build/main.tex	1	14	1	9	56	0	105	108	1	550674
QAOA-attains-the-SK-ground-state-energy-in-the-thermodynamic-first-limit-September-25-2026	281	preprints/QAOA-attains-the-SK-ground-state-energy-in-the-thermodynamic-first-limit-September-25-2026/QAOA-attains-the-SK-ground-state-energy-in-the-thermodynamic-first-limit-September-25-2026.pdf	QAOA-attains-the-SK-ground-state-energy-in-the-thermodynamic-first-limit-September-25-2026/build/main.tex	1	10	0	8	32	0	33	33	1	263088
QMA-hardness-of-continuum-Coulomb-energy-with-unit-nuclear-charges-September-24-2026	275	preprints/QMA-hardness-of-continuum-Coulomb-energy-with-unit-nuclear-charges-September-24-2026/QMA-hardness-of-continuum-Coulomb-energy-with-unit-nuclear-charges-September-24-2026.pdf	QMA-hardness-of-continuum-Coulomb-energy-with-unit-nuclear-charges-September-24-2026/build/paper.tex	1	11	0	8	20	0	5	6	1	82434
Quadratic-Stabilization-of-the-Canonical-Foulkes-Howe-Map-September-25-2026	210	preprints/Quadratic-Stabilization-of-the-Canonical-Foulkes-Howe-Map-September-25-2026/paper.pdf	Quadratic-Stabilization-of-the-Canonical-Foulkes-Howe-Map-September-25-2026/build/paper.tex	1	2	0	5	0	0	4	4	1	24484
Quadratic-Strong-Operator-Paving-over-Arbitrary-Maximal-Abelian-Subalgebras-September-25-2026	300	preprints/Quadratic-Strong-Operator-Paving-over-Arbitrary-Maximal-Abelian-Subalgebras-September-25-2026/Quadratic-Strong-Operator-Paving-over-Arbitrary-Maximal-Abelian-Subalgebras-September-25-2026.pdf	Quadratic-Strong-Operator-Paving-over-Arbitrary-Maximal-Abelian-Subalgebras-September-25-2026/build/source/main.tex	1	11	0	8	26	0	29	29	1	196717
Quantitative-Near-Kerr-Evolution-and-Generic-C2-Future-Inextendibility-September-23-2026	264	preprints/Quantitative-Near-Kerr-Evolution-and-Generic-C2-Future-Inextendibility-September-23-2026/paper.pdf	Quantitative-Near-Kerr-Evolution-and-Generic-C2-Future-Inextendibility-September-23-2026/build/main.tex	1	17	1	13	60	0	76	76	1	562293
Quantitative-Superexponential-Bounds-for-van-der-Waerden-Numbers-September-23-2026	160	preprints/Quantitative-Superexponential-Bounds-for-van-der-Waerden-Numbers-September-23-2026/paper.pdf	Quantitative-Superexponential-Bounds-for-van-der-Waerden-Numbers-September-23-2026/build/paper.tex	1	11	1	8	2	0	23	23	1	80957
Quantum-Depletion-and-Momentum-Distribution-in-the-Dilute-Hard-Sphere-Bose-Gas-October-5-2026	267	preprints/Quantum-Depletion-and-Momentum-Distribution-in-the-Dilute-Hard-Sphere-Bose-Gas-October-5-2026/Quantum-Depletion-in-the-Dilute-Hard-Sphere-Bose-Gas.pdf	Quantum-Depletion-and-Momentum-Distribution-in-the-Dilute-Hard-Sphere-Bose-Gas-October-5-2026/build/main.tex	2	14	0	10	38	0	40	47	1	283621
Quantum-Depletion-for-Fixed-Bounded-Repulsive-Potentials-October-5-2026	267	preprints/Quantum-Depletion-for-Fixed-Bounded-Repulsive-Potentials-October-5-2026/fixed-repulsion-quantum-depletion.pdf	Quantum-Depletion-for-Fixed-Bounded-Repulsive-Potentials-October-5-2026/build/source/main.tex	1	10	1	7	29	0	20	23	1	174120
Quasipolynomial-Bounds-for-Arithmetic-Progressions-September-23-2026	159	preprints/Quasipolynomial-Bounds-for-Arithmetic-Progressions-September-23-2026/paper.pdf	Quasipolynomial-Bounds-for-Arithmetic-Progressions-September-23-2026/build/main.tex	1	28	0	20	83	15	104	107	1	755730
Quaternionic-Division-Points-on-Curves-in-the-Siegel-Threefold-September-24-2026	016	preprints/Quaternionic-Division-Points-on-Curves-in-the-Siegel-Threefold-September-24-2026/paper.pdf	Quaternionic-Division-Points-on-Curves-in-the-Siegel-Threefold-September-24-2026/build/paper.tex	1	9	1	6	25	0	22	22	1	165456
Quenched-SLE-Universality-for-Weakly-Disordered-FK-Ising-Interfaces-October-5-2026	223	preprints/Quenched-SLE-Universality-for-Weakly-Disordered-FK-Ising-Interfaces-October-5-2026/quenched-fk-ising.pdf	Quenched-SLE-Universality-for-Weakly-Disordered-FK-Ising-Interfaces-October-5-2026/build/main.tex	1	11	0	8	26	0	29	29	1	190569
Quenched-SLE3-Universality-for-the-Weak-Random-Bond-Ising-Model-October-5-2026	218	preprints/Quenched-SLE3-Universality-for-the-Weak-Random-Bond-Ising-Model-October-5-2026/quenched-sle3-weak-random-bond-ising.pdf	Quenched-SLE3-Universality-for-the-Weak-Random-Bond-Ising-Model-October-5-2026/build/main.tex	1	11	0	9	32	0	38	38	1	203795
Quenched-SLE3-limits-for-general-weak-random-bond-Ising-models-October-5-2026	218	preprints/Quenched-SLE3-limits-for-general-weak-random-bond-Ising-models-October-5-2026/general-weak-random-bond-ising.pdf	Quenched-SLE3-limits-for-general-weak-random-bond-Ising-models-October-5-2026/build/main.tex	1	12	0	7	22	0	17	18	1	150513
Radial-transfer-estimates-and-polygon-length-laws-for-honeycomb-walks-September-26-2026	237	preprints/Radial-transfer-estimates-and-polygon-length-laws-for-honeycomb-walks-September-26-2026/main.pdf	Radial-transfer-estimates-and-polygon-length-laws-for-honeycomb-walks-September-26-2026/build/main.tex	1	23	0	12	40	33	11	16	1	367288
Radius-of-comparison-equals-half-the-mean-dimension-September-25-2026	302	preprints/Radius-of-comparison-equals-half-the-mean-dimension-September-25-2026/paper.pdf	Radius-of-comparison-equals-half-the-mean-dimension-September-25-2026/build/paper.tex	1	8	1	6	13	0	9	11	1	77019
Ramanujan-Arthur-Decompositions-of-Cuspidal-Functions-at-Full-Finite-Level-September-24-2026	014	preprints/Ramanujan-Arthur-Decompositions-of-Cuspidal-Functions-at-Full-Finite-Level-September-24-2026/paper.pdf	Ramanujan-Arthur-Decompositions-of-Cuspidal-Functions-at-Full-Finite-Level-September-24-2026/build/main.tex	1	8	1	6	29	0	41	41	1	237865
Random-Walks-on-Critical-FK-Ising-Maps-and-Liouville-Brownian-Motion-October-5-2026	211	preprints/Random-Walks-on-Critical-FK-Ising-Maps-and-Liouville-Brownian-Motion-October-5-2026/fk-ising-walk-limit.pdf	Random-Walks-on-Critical-FK-Ising-Maps-and-Liouville-Brownian-Motion-October-5-2026/build/main.tex	1	6	1	5	11	0	11	11	1	51171
Random-coordinate-frames-and-partial-permutation-laws-September-26-2026	238	preprints/Random-coordinate-frames-and-partial-permutation-laws-September-26-2026/main.pdf	Random-coordinate-frames-and-partial-permutation-laws-September-26-2026/build/main.tex	1	18	0	16	33	0	62	63	1	245307
Random-subspace-tests-and-trace-smoothing-for-coordinate-sweeps-September-26-2026	238	preprints/Random-subspace-tests-and-trace-smoothing-for-coordinate-sweeps-September-26-2026/paper.pdf	Random-subspace-tests-and-trace-smoothing-for-coordinate-sweeps-September-26-2026/build/main.tex	1	3	1	5	10	0	7	7	1	43484
Randomized-quasipolynomial-time-mean-payoff-games-September-25-2026	104	preprints/Randomized-quasipolynomial-time-mean-payoff-games-September-25-2026/paper.pdf	Randomized-quasipolynomial-time-mean-payoff-games-September-25-2026/build/source/main.tex	1	13	1	9	24	0	23	23	1	122946
Rational-homology-and-Quillens-conjecture-September-24-2026	310	preprints/Rational-homology-and-Quillens-conjecture-September-24-2026/paper.pdf	Rational-homology-and-Quillens-conjecture-September-24-2026/build/paper.tex	1	13	1	10	36	0	29	34	1	221896
Rationality-of-the-Canonical-Unramified-Arthur-Filtration-September-24-2026	014	preprints/Rationality-of-the-Canonical-Unramified-Arthur-Filtration-September-24-2026/paper.pdf	Rationality-of-the-Canonical-Unramified-Arthur-Filtration-September-24-2026/build/paper.tex	1	10	0	7	25	0	27	34	1	165187
Reconstruction-from-Milnor-K-theory-modulo-the-characteristic-October-5-2026	009	preprints/Reconstruction-from-Milnor-K-theory-modulo-the-characteristic-October-5-2026/paper.pdf	Reconstruction-from-Milnor-K-theory-modulo-the-characteristic-October-5-2026/build/build/main.tex	1	7	1	5	2	0	10	10	1	35078
Reconstruction-of-Function-Fields-from-Mod-ell-Milnor-K-Theory-October-5-2026	009	preprints/Reconstruction-of-Function-Fields-from-Mod-ell-Milnor-K-Theory-October-5-2026/mod-ell-bogomolov-pop.pdf	Reconstruction-of-Function-Fields-from-Mod-ell-Milnor-K-Theory-October-5-2026/build/main.tex	1	10	0	8	21	0	33	35	1	133318
Regular-trajectories-pruning-and-quantum-parity-September-24-2026	274	preprints/Regular-trajectories-pruning-and-quantum-parity-September-24-2026/paper.pdf	Regular-trajectories-pruning-and-quantum-parity-September-24-2026/build/paper.tex	1	9	1	8	9	0	13	13	1	80396
Relative-denominators-and-effective-systems-for-log-Calabi-Yau-fibrations-September-27-2026	034	preprints/Relative-denominators-and-effective-systems-for-log-Calabi-Yau-fibrations-September-27-2026/paper.pdf	Relative-denominators-and-effective-systems-for-log-Calabi-Yau-fibrations-September-27-2026/build/main.tex	1	9	0	7	3	0	4	5	1	85270
Relative-generation-and-the-generator-problem-for-finite-factors-September-23-2026	296	preprints/Relative-generation-and-the-generator-problem-for-finite-factors-September-23-2026/paper.pdf	Relative-generation-and-the-generator-problem-for-finite-factors-September-23-2026/build/main.tex	1	7	1	6	2	0	13	15	1	52083
Relative-independence-of-the-separable-quotient-problem-September-23-2026	323	preprints/Relative-independence-of-the-separable-quotient-problem-September-23-2026/paper.pdf	Relative-independence-of-the-separable-quotient-problem-September-23-2026/build/main.tex	1	11	1	10	16	0	31	33	1	128068
Removable-Boundaries-and-Rigidity-of-Circle-Domains-September-23-2026	071	preprints/Removable-Boundaries-and-Rigidity-of-Circle-Domains-September-23-2026/paper.pdf	Removable-Boundaries-and-Rigidity-of-Circle-Domains-September-23-2026/build/main.tex	1	10	1	7	5	0	11	12	1	88648
Renewal-and-changes-of-law-for-critical-honeycomb-walks-September-26-2026	237	preprints/Renewal-and-changes-of-law-for-critical-honeycomb-walks-September-26-2026/main.pdf	Renewal-and-changes-of-law-for-critical-honeycomb-walks-September-26-2026/build/main.tex	1	15	0	12	45	0	62	64	1	361712
Replacing-Gaussian-observations-in-memory-constrained-inference-September-27-2026	140	preprints/Replacing-Gaussian-observations-in-memory-constrained-inference-September-27-2026/paper.pdf	Replacing-Gaussian-observations-in-memory-constrained-inference-September-27-2026/build/main.tex	1	14	0	8	26	0	28	29	1	179515
Riesz-transforms-and-uniform-rectifiability-in-higher-codimension-September-24-2026	081	preprints/Riesz-transforms-and-uniform-rectifiability-in-higher-codimension-September-24-2026/paper.pdf	Riesz-transforms-and-uniform-rectifiability-in-higher-codimension-September-24-2026/build/paper.tex	1	11	1	6	25	2	25	26	1	182221
Rigidity-of-Smooth-Billiards-with-a-Continuous-Caustic-Collar-September-24-2026	147	preprints/Rigidity-of-Smooth-Billiards-with-a-Continuous-Caustic-Collar-September-24-2026/paper.pdf	Rigidity-of-Smooth-Billiards-with-a-Continuous-Caustic-Collar-September-24-2026/build/main.tex	1	17	1	11	60	0	87	85	1	492285
Rigidity-of-the-Turing-degrees-September-24-2026	241	preprints/Rigidity-of-the-Turing-degrees-September-24-2026/paper.pdf	Rigidity-of-the-Turing-degrees-September-24-2026/build/main.tex	1	9	0	5	0	0	7	8	1	35160
Rokhlins-multiple-mixing-problem-for-one-transformation-September-23-2026	145	preprints/Rokhlins-multiple-mixing-problem-for-one-transformation-September-23-2026/paper.pdf	Rokhlins-multiple-mixing-problem-for-one-transformation-September-23-2026/build/main.tex	1	11	1	8	21	0	24	24	1	136293
Routing-densities-and-representation-contraction-for-Thorp-sweeps-September-26-2026	238	preprints/Routing-densities-and-representation-contraction-for-Thorp-sweeps-September-26-2026/paper.pdf	Routing-densities-and-representation-contraction-for-Thorp-sweeps-September-26-2026/build/main.tex	1	14	1	11	35	2	29	33	1	307143
Row-column-symmetry-and-contraction-of-coordinate-sweeps-September-26-2026	238	preprints/Row-column-symmetry-and-contraction-of-coordinate-sweeps-September-26-2026/paper.pdf	Row-column-symmetry-and-contraction-of-coordinate-sweeps-September-26-2026/build/main.tex	1	5	1	10	21	0	10	12	1	129964
SLE3-universality-for-weak-finite-range-Ising-interactions-September-23-2026	218	preprints/SLE3-universality-for-weak-finite-range-Ising-interactions-September-23-2026/paper.pdf	SLE3-universality-for-weak-finite-range-Ising-interactions-September-23-2026/build/main.tex	1	11	1	7	39	0	42	45	1	293769
Scalar-Potentials-and-Slow-Clocks-for-Forced-Fluid-Computation-September-27-2026	376	preprints/Scalar-Potentials-and-Slow-Clocks-for-Forced-Fluid-Computation-September-27-2026/manuscript.pdf	Scalar-Potentials-and-Slow-Clocks-for-Forced-Fluid-Computation-September-27-2026/build/main.tex	1	9	1	8	14	0	12	14	1	80024
Scale-and-conformal-symmetry-in-four-dimensional-operational-quantum-field-theory-September-26-2026	282	preprints/Scale-and-conformal-symmetry-in-four-dimensional-operational-quantum-field-theory-September-26-2026/main.pdf	Scale-and-conformal-symmetry-in-four-dimensional-operational-quantum-field-theory-September-26-2026/build/main.tex	1	9	1	8	46	0	57	61	1	421299
Schnell-fiber-spaces-and-good-canonical-models-September-24-2026	034	preprints/Schnell-fiber-spaces-and-good-canonical-models-September-24-2026/paper.pdf	Schnell-fiber-spaces-and-good-canonical-models-September-24-2026/build/main.tex	1	5	1	4	9	0	6	7	1	35875
Self-dual-random-cluster-interfaces-below-one-September-23-2026	223	preprints/Self-dual-random-cluster-interfaces-below-one-September-23-2026/paper.pdf	Self-dual-random-cluster-interfaces-below-one-September-23-2026/build/main.tex	1	27	1	11	76	8	115	115	1	817098
Semialgebraic-universal-covers-of-normal-projective-varieties-September-24-2026	058	preprints/Semialgebraic-universal-covers-of-normal-projective-varieties-September-24-2026/paper.pdf	Semialgebraic-universal-covers-of-normal-projective-varieties-September-24-2026/build/main.tex	1	10	1	9	31	0	58	59	1	240476
Sharp-Logarithmic-Exponents-for-Fixed-Off-Diagonal-Ramsey-Numbers-September-24-2026	170	preprints/Sharp-Logarithmic-Exponents-for-Fixed-Off-Diagonal-Ramsey-Numbers-September-24-2026/paper.pdf	Sharp-Logarithmic-Exponents-for-Fixed-Off-Diagonal-Ramsey-Numbers-September-24-2026/build/main.tex	1	10	1	7	30	0	37	37	1	176989
Sharp-One-Dimensional-Lieb-Thirring-Constants-September-23-2026	262	preprints/Sharp-One-Dimensional-Lieb-Thirring-Constants-September-23-2026/paper.pdf	Sharp-One-Dimensional-Lieb-Thirring-Constants-September-23-2026/build/main.tex	1	9	1	7	12	0	14	15	1	57431
Sharp-One-Third-Stability-of-Brenier-Maps-September-25-2026	374	preprints/Sharp-One-Third-Stability-of-Brenier-Maps-September-25-2026/article.pdf	Sharp-One-Third-Stability-of-Brenier-Maps-September-25-2026/build/source/main.tex	1	7	1	6	3	0	11	11	1	55416
Sharp-binary-information-contraction-on-the-discrete-cube-September-24-2026	119	preprints/Sharp-binary-information-contraction-on-the-discrete-cube-September-24-2026/main.pdf	Sharp-binary-information-contraction-on-the-discrete-cube-September-24-2026/build/main.tex	1	9	1	8	17	0	20	20	1	77633
Sharp-integral-fillings-in-CAT(0)-spaces-September-23-2026	337	preprints/Sharp-integral-fillings-in-CAT(0)-spaces-September-23-2026/paper.pdf	Sharp-integral-fillings-in-CAT(0)-spaces-September-23-2026/build/main.tex	1	12	1	8	18	0	28	28	1	145615
Sharp-mass-bounds-for-the-two-dimensional-O4-model-September-23-2026	215	preprints/Sharp-mass-bounds-for-the-two-dimensional-O4-model-September-23-2026/paper.pdf	Sharp-mass-bounds-for-the-two-dimensional-O4-model-September-23-2026/build/main.tex	1	20	1	15	50	26	34	37	1	351407
Sharp-nodal-length-on-smooth-surfaces-September-23-2026	350	preprints/Sharp-nodal-length-on-smooth-surfaces-September-23-2026/paper.pdf	Sharp-nodal-length-on-smooth-surfaces-September-23-2026/build/paper.tex	1	9	0	6	5	0	18	19	1	82717
Sharp-one-dimensional-Lieb-Thirring-inequalities-for-matrix-potentials-October-5-2026	262	preprints/Sharp-one-dimensional-Lieb-Thirring-inequalities-for-matrix-potentials-October-5-2026/sharp-matrix-lieb-thirring.pdf	Sharp-one-dimensional-Lieb-Thirring-inequalities-for-matrix-potentials-October-5-2026/build/main.tex	1	11	0	7	11	0	9	9	1	73827
Sharpness-of-the-Cyclic-Integral-Floer-Bound-Below-the-Stable-Morse-Number-October-5-2026	347	preprints/Sharpness-of-the-Cyclic-Integral-Floer-Bound-Below-the-Stable-Morse-Number-October-5-2026/sharp-cyclic-integral-floer-bound-below-stable-morse-number.pdf	Sharpness-of-the-Cyclic-Integral-Floer-Bound-Below-the-Stable-Morse-Number-October-5-2026/build/main.tex	1	6	1	5	7	0	10	10	1	46759
Short-Egyptian-fractions-September-25-2026	025	preprints/Short-Egyptian-fractions-September-25-2026/Short-Egyptian-fractions-September-25-2026.pdf	Short-Egyptian-fractions-September-25-2026/build/main.tex	1	10	1	8	8	0	19	19	1	93410
Signed-cylinder-propagation-and-marked-polygons-on-the-honeycomb-lattice-September-26-2026	237	preprints/Signed-cylinder-propagation-and-marked-polygons-on-the-honeycomb-lattice-September-26-2026/main.pdf	Signed-cylinder-propagation-and-marked-polygons-on-the-honeycomb-lattice-September-26-2026/build/main.tex	1	20	0	15	63	0	38	42	1	429092
Signed-tensor-densities-and-diagram-budgets-for-coordinate-sweeps-September-26-2026	238	preprints/Signed-tensor-densities-and-diagram-budgets-for-coordinate-sweeps-September-26-2026/paper.pdf	Signed-tensor-densities-and-diagram-budgets-for-coordinate-sweeps-September-26-2026/build/main.tex	1	15	1	12	81	3	29	34	1	380198
Simple-F-infinity-overgroups-of-groups-with-decidable-word-problem-September-23-2026	250	preprints/Simple-F-infinity-overgroups-of-groups-with-decidable-word-problem-September-23-2026/paper.pdf	Simple-F-infinity-overgroups-of-groups-with-decidable-word-problem-September-23-2026/build/main.tex	1	6	1	5	22	0	21	25	1	98096
Simulating-One-Tape-Time-in-Two-Fifths-Power-Space-September-25-2026	137	preprints/Simulating-One-Tape-Time-in-Two-Fifths-Power-Space-September-25-2026/article.pdf	Simulating-One-Tape-Time-in-Two-Fifths-Power-Space-September-25-2026/build/source/main.tex	1	7	1	5	4	0	12	12	1	62793
Simultaneous-primitive-roots-a-conditional-lower-bound-for-prime-bases-October-4-2026	029	preprints/Simultaneous-primitive-roots-a-conditional-lower-bound-for-prime-bases-October-4-2026/simultaneous-primitive-roots-conditional-lower-bound-prime-bases.pdf	Simultaneous-primitive-roots-a-conditional-lower-bound-for-prime-bases-October-4-2026/build/paper.tex	1	8	0	5	3	0	5	10	1	71252
Single-Exponential-Recovery-and-Bounded-Price-Strictness-for-Metric-k-Median-September-24-2026	125	preprints/Single-Exponential-Recovery-and-Bounded-Price-Strictness-for-Metric-k-Median-September-24-2026/paper.pdf	Single-Exponential-Recovery-and-Bounded-Price-Strictness-for-Metric-k-Median-September-24-2026/build/paper.tex	1	13	1	10	24	0	24	25	1	171649
Single-fold-Diophantine-representations-September-24-2026	242	preprints/Single-fold-Diophantine-representations-September-24-2026/paper.pdf	Single-fold-Diophantine-representations-September-24-2026/build/main.tex	1	8	1	10	8	0	13	13	1	82053
Slope-field-perturbations-of-the-two-cylinder-covering-September-27-2026	100	preprints/Slope-field-perturbations-of-the-two-cylinder-covering-September-27-2026/main.pdf	Slope-field-perturbations-of-the-two-cylinder-covering-September-27-2026/build/main.tex	1	9	1	7	15	0	8	11	1	70405
Smooth-Anisotropic-Uniqueness-in-the-Calderon-Problem-from-One-Boundary-Patch-September-24-2026	365	preprints/Smooth-Anisotropic-Uniqueness-in-the-Calderon-Problem-from-One-Boundary-Patch-September-24-2026/paper.pdf	Smooth-Anisotropic-Uniqueness-in-the-Calderon-Problem-from-One-Boundary-Patch-September-24-2026/build/paper.tex	1	12	1	8	24	0	24	24	1	153583
Smooth-Nonquadratic-Affine-Maximal-Graph-in-Dimension-Ten-October-5-2026	353	preprints/Smooth-Nonquadratic-Affine-Maximal-Graph-in-Dimension-Ten-October-5-2026/affine-maximal-dimension-ten.pdf	Smooth-Nonquadratic-Affine-Maximal-Graph-in-Dimension-Ten-October-5-2026/build/source/main.tex	1	1	1	4	0	0	6	6	1	18006
Smooth-counterexamples-to-Yaus-nodal-upper-bound-in-dimensions-three-and-four-September-23-2026	350	preprints/Smooth-counterexamples-to-Yaus-nodal-upper-bound-in-dimensions-three-and-four-September-23-2026/paper.pdf	Smooth-counterexamples-to-Yaus-nodal-upper-bound-in-dimensions-three-and-four-September-23-2026/build/paper.tex	1	12	0	11	23	0	37	37	1	198585
Smooth-isometric-immersions-of-closed-surfaces-into-Euclidean-four-space-September-23-2026	333	preprints/Smooth-isometric-immersions-of-closed-surfaces-into-Euclidean-four-space-September-23-2026/paper.pdf	Smooth-isometric-immersions-of-closed-surfaces-into-Euclidean-four-space-September-23-2026/build/main.tex	1	11	1	9	25	0	12	16	1	131851
Snaky-in-21-Maker-moves-September-25-2026	187	preprints/Snaky-in-21-Maker-moves-September-25-2026/article.pdf	Snaky-in-21-Maker-moves-September-25-2026/build/paper.tex	1	11	1	13	23	0	10	10	1	101567
Spacetime-Penrose-inequalities-enclosing-area-charge-and-rigidity-October-5-2026	260	preprints/Spacetime-Penrose-inequalities-enclosing-area-charge-and-rigidity-October-5-2026/paper.pdf	Spacetime-Penrose-inequalities-enclosing-area-charge-and-rigidity-October-5-2026/build/paper.tex	1	47	1	41	142	0	175	182	1	993359
Spectral-convergence-for-critical-FK-Ising-planar-maps-October-5-2026	211	preprints/Spectral-convergence-for-critical-FK-Ising-planar-maps-October-5-2026/spectral-convergence-critical-fk-ising-planar-maps.pdf	Spectral-convergence-for-critical-FK-Ising-planar-maps-October-5-2026/build/paper.tex	1	12	1	9	24	0	39	40	1	336936
Spectral-scalar-curvature-and-Urysohn-width-in-dimension-three-October-5-2026	336	preprints/Spectral-scalar-curvature-and-Urysohn-width-in-dimension-three-October-5-2026/spectral-urysohn-three-manifolds.pdf	Spectral-scalar-curvature-and-Urysohn-width-in-dimension-three-October-5-2026/build/main.tex	1	8	0	6	14	3	11	12	1	76364
Spectral-scalar-curvature-and-uniform-Urysohn-width-October-5-2026	336	preprints/Spectral-scalar-curvature-and-uniform-Urysohn-width-October-5-2026/main.pdf	Spectral-scalar-curvature-and-uniform-Urysohn-width-October-5-2026/build/main.tex	1	7	1	6	12	0	8	10	1	84381
Spontaneous-magnetization-in-the-quantum-Heisenberg-ferromagnet-September-24-2026	271	preprints/Spontaneous-magnetization-in-the-quantum-Heisenberg-ferromagnet-September-24-2026/paper.pdf	Spontaneous-magnetization-in-the-quantum-Heisenberg-ferromagnet-September-24-2026/build/source/main.tex	1	11	1	8	29	0	34	34	1	183449
Square-lattice-FK-interfaces-and-nested-loops-for-1-leq-q-lt-4-September-23-2026	223	preprints/Square-lattice-FK-interfaces-and-nested-loops-for-1-leq-q-lt-4-September-23-2026/paper.pdf	Square-lattice-FK-interfaces-and-nested-loops-for-1-leq-q-lt-4-September-23-2026/build/main.tex	1	14	1	16	63	0	66	67	1	410364
Squared-logarithmic-randomized-k-server-on-arbitrary-metrics-September-24-2026	110	preprints/Squared-logarithmic-randomized-k-server-on-arbitrary-metrics-September-24-2026/Squared-logarithmic-randomized-k-server-on-arbitrary-metrics-September-24-2026.pdf	Squared-logarithmic-randomized-k-server-on-arbitrary-metrics-September-24-2026/build/source/latex/common.tex	1	13	1	10	39	0	34	35	1	247090
Squarefree-values-of-quartics-and-power-free-values-of-polynomials-September-24-2026	020	preprints/Squarefree-values-of-quartics-and-power-free-values-of-polynomials-September-24-2026/manuscript.pdf	Squarefree-values-of-quartics-and-power-free-values-of-polynomials-September-24-2026/build/main.tex	1	15	1	13	31	0	21	26	1	171610
Stabilizer-Orbits-and-Thick-Tensor-Ideals-of-Dualizable-Kn-Local-Spectra-September-24-2026	311	preprints/Stabilizer-Orbits-and-Thick-Tensor-Ideals-of-Dualizable-Kn-Local-Spectra-September-24-2026/paper.pdf	Stabilizer-Orbits-and-Thick-Tensor-Ideals-of-Dualizable-Kn-Local-Spectra-September-24-2026/build/paper.tex	1	8	1	6	19	0	27	29	1	114433
Stable-Self-Similar-Blowup-for-a-Supercritical-Defocusing-Schrodinger-Equation-on-the-Torus-September-24-2026	371	preprints/Stable-Self-Similar-Blowup-for-a-Supercritical-Defocusing-Schrodinger-Equation-on-the-Torus-September-24-2026/paper.pdf	Stable-Self-Similar-Blowup-for-a-Supercritical-Defocusing-Schrodinger-Equation-on-the-Torus-September-24-2026/build/main.tex	1	9	1	7	25	0	38	39	1	189375
Staggered-extraction-for-exact-matrix-multiplication-over-every-field-September-24-2026	107	preprints/Staggered-extraction-for-exact-matrix-multiplication-over-every-field-September-24-2026/Staggered-extraction-for-exact-matrix-multiplication-over-every-field-September-24-2026.pdf	Staggered-extraction-for-exact-matrix-multiplication-over-every-field-September-24-2026/build/main.tex	1	10	1	8	16	0	11	11	1	117720
Stretched-exponential-barriers-for-typical-SK-initial-states-September-24-2026	227	preprints/Stretched-exponential-barriers-for-typical-SK-initial-states-September-24-2026/paper.pdf	Stretched-exponential-barriers-for-typical-SK-initial-states-September-24-2026/build/main.tex	1	16	0	10	27	0	25	26	1	215657
Strict-convexity-and-differentiability-of-the-planar-exponential-first-passage-limit-shape-September-24-2026	212	preprints/Strict-convexity-and-differentiability-of-the-planar-exponential-first-passage-limit-shape-September-24-2026/main.pdf	Strict-convexity-and-differentiability-of-the-planar-exponential-first-passage-limit-shape-September-24-2026/build/main.tex	1	17	1	17	46	0	55	55	1	335015
Strict-hot-spots-and-absence-of-interior-critical-points-on-smooth-simply-connected-planar-domains-September-24-2026	369	preprints/Strict-hot-spots-and-absence-of-interior-critical-points-on-smooth-simply-connected-planar-domains-September-24-2026/main.pdf	Strict-hot-spots-and-absence-of-interior-critical-points-on-smooth-simply-connected-planar-domains-September-24-2026/build/main.tex	1	8	1	6	7	0	18	18	1	57414
Strong-Ulam-Stability-Characterizes-Amenability-October-5-2026	251	preprints/Strong-Ulam-Stability-Characterizes-Amenability-October-5-2026/strong-ulam-stability.pdf	Strong-Ulam-Stability-Characterizes-Amenability-October-5-2026/build/strong-ulam-stability.tex	1	1	0	6	13	0	8	9	1	57572
Strong-diffeomorphic-approximation-in-three-dimensions-for-1-le-p-le-2-September-24-2026	368	preprints/Strong-diffeomorphic-approximation-in-three-dimensions-for-1-le-p-le-2-September-24-2026/main.pdf	Strong-diffeomorphic-approximation-in-three-dimensions-for-1-le-p-le-2-September-24-2026/build/main.tex	1	6	1	5	20	0	33	33	1	225899
Strong-diffeomorphic-approximation-in-three-dimensions-for-p-gt-2-September-24-2026	368	preprints/Strong-diffeomorphic-approximation-in-three-dimensions-for-p-gt-2-September-24-2026/main.pdf	Strong-diffeomorphic-approximation-in-three-dimensions-for-p-gt-2-September-24-2026/build/main.tex	1	8	1	8	46	0	68	68	1	502193
Strongly-rational-unitary-vertex-operator-algebras-and-conformal-nets-September-25-2026	280	preprints/Strongly-rational-unitary-vertex-operator-algebras-and-conformal-nets-September-25-2026/paper.pdf	Strongly-rational-unitary-vertex-operator-algebras-and-conformal-nets-September-25-2026/build/main.tex	1	10	0	9	23	0	19	22	1	168219
Subpolynomial-dimension-reduction-in-Lp-September-23-2026	094	preprints/Subpolynomial-dimension-reduction-in-Lp-September-23-2026/paper.pdf	Subpolynomial-dimension-reduction-in-Lp-September-23-2026/build/paper.tex	1	2	0	10	11	0	6	7	1	56905
Subpolynomial-query-complexity-for-well-conditioned-log-concave-sampling-September-26-2026	139	preprints/Subpolynomial-query-complexity-for-well-conditioned-log-concave-sampling-September-26-2026/article.pdf	Subpolynomial-query-complexity-for-well-conditioned-log-concave-sampling-September-26-2026/build/main.tex	1	12	1	9	36	0	38	39	1	188670
Subset-Sum-in-Time-2-power-0-49n-October-4-2026	138	preprints/Subset-Sum-in-Time-2-power-0-49n-October-4-2026/subset-sum.pdf	Subset-Sum-in-Time-2-power-0-49n-October-4-2026/build/main.tex	1	8	1	7	21	0	10	12	1	109426
Subsphere-methods-for-memory-sample-lower-bounds-in-noiseless-Gaussian-regression-September-27-2026	140	preprints/Subsphere-methods-for-memory-sample-lower-bounds-in-noiseless-Gaussian-regression-September-27-2026/paper.pdf	Subsphere-methods-for-memory-sample-lower-bounds-in-noiseless-Gaussian-regression-September-27-2026/build/main.tex	1	11	1	8	11	0	18	18	1	81926
Symmetry-of-semialgebraic-bounded-domains-with-compact-quotient-September-24-2026	058	preprints/Symmetry-of-semialgebraic-bounded-domains-with-compact-quotient-September-24-2026/paper.pdf	Symmetry-of-semialgebraic-bounded-domains-with-compact-quotient-September-24-2026/build/paper.tex	1	8	0	6	0	0	13	14	1	79072
Symplectic-Ball-Packings-in-Higher-Dimensions-September-23-2026	343	preprints/Symplectic-Ball-Packings-in-Higher-Dimensions-September-23-2026/paper.pdf	Symplectic-Ball-Packings-in-Higher-Dimensions-September-23-2026/build/main.tex	1	12	0	7	21	0	25	24	1	144469
Symplectic-Balls-in-Symmetric-Polar-Products-September-22-2026	087	preprints/Symplectic-Balls-in-Symmetric-Polar-Products-September-22-2026/paper.pdf	Symplectic-Balls-in-Symmetric-Polar-Products-September-22-2026/build/main.tex	1	8	1	5	3	0	8	8	1	53397
Talagrands-discrete-convexity-conjecture-September-23-2026	175	preprints/Talagrands-discrete-convexity-conjecture-September-23-2026/paper.pdf	Talagrands-discrete-convexity-conjecture-September-23-2026/build/source/main.tex	1	7	0	4	0	0	4	4	1	30182
Tame-Hecke-Eigensheaves-with-Several-Marked-Points-October-5-2026	014	preprints/Tame-Hecke-Eigensheaves-with-Several-Marked-Points-October-5-2026/Tame-Hecke-Eigensheaves-with-Several-Marked-Points.pdf	Tame-Hecke-Eigensheaves-with-Several-Marked-Points-October-5-2026/build/main.tex	1	11	0	8	24	0	21	23	1	156097
Taming-implies-compatibility-on-four-manifolds-October-6-2026	342	preprints/Taming-implies-compatibility-on-four-manifolds-October-6-2026/paper.pdf	Taming-implies-compatibility-on-four-manifolds-October-6-2026/build/main.tex	1	10	1	8	9	0	20	20	1	74881
Tangent-flow-uniqueness-2026-09-24	355	preprints/Tangent-flow-uniqueness-2026-09-24/paper.pdf	Tangent-flow-uniqueness-2026-09-24/build/paper.tex	1	14	1	9	28	0	49	48	1	414000
Temperedness-at-ramified-places-for-globally-generic-exceptional-groups-October-5-2026	014	preprints/Temperedness-at-ramified-places-for-globally-generic-exceptional-groups-October-5-2026/ramified-ramanujan.pdf	Temperedness-at-ramified-places-for-globally-generic-exceptional-groups-October-5-2026/build/paper.tex	1	8	0	6	14	0	12	14	1	74334
Tensor-Saturation-for-Even-Spin-Groups-September-24-2026	204	preprints/Tensor-Saturation-for-Even-Spin-Groups-September-24-2026/Tensor-Saturation-for-Even-Spin-Groups-September-24-2026.pdf	Tensor-Saturation-for-Even-Spin-Groups-September-24-2026/build/main.tex	1	9	1	6	18	0	34	34	1	161500
Termination-for-projective-log-canonical-fourfolds-with-rational-boundary-September-24-2026	056	preprints/Termination-for-projective-log-canonical-fourfolds-with-rational-boundary-September-24-2026/paper.pdf	Termination-for-projective-log-canonical-fourfolds-with-rational-boundary-September-24-2026/build/paper.tex	1	11	1	10	24	0	38	38	1	155120
Termination-of-generalized-canonical-flips-on-compact-Kahler-fourfolds-October-6-2026	056	preprints/Termination-of-generalized-canonical-flips-on-compact-Kahler-fourfolds-October-6-2026/termination-generalized-terminal-flips-compact-kahler-fourfolds.pdf	Termination-of-generalized-canonical-flips-on-compact-Kahler-fourfolds-October-6-2026/build/build/paper.tex	1	9	0	7	9	0	13	14	1	82276
Termination-of-generalized-log-canonical-flips-on-compact-Kahler-fourfolds-October-7-2026	056	preprints/Termination-of-generalized-log-canonical-flips-on-compact-Kahler-fourfolds-October-7-2026/termination-generalized-lc-kahler-fourfolds.pdf	Termination-of-generalized-log-canonical-flips-on-compact-Kahler-fourfolds-October-7-2026/build/main.tex	2	12	0	14	24	0	50	60	1	385317
The-Abelian-Zilber-Pink-Conjecture-September-24-2026	016	preprints/The-Abelian-Zilber-Pink-Conjecture-September-24-2026/paper.pdf	The-Abelian-Zilber-Pink-Conjecture-September-24-2026/build/paper.tex	1	13	1	10	23	0	23	25	1	151331
The-Approximation-Threshold-for-Metric-k-Median-September-24-2026	125	preprints/The-Approximation-Threshold-for-Metric-k-Median-September-24-2026/main.pdf	The-Approximation-Threshold-for-Metric-k-Median-September-24-2026/build/main.tex	1	9	1	8	23	0	12	15	1	146440
The-Artinian-Lex-Plus-Powers-Betti-Theorem-September-23-2026	200	preprints/The-Artinian-Lex-Plus-Powers-Betti-Theorem-September-23-2026/paper.pdf	The-Artinian-Lex-Plus-Powers-Betti-Theorem-September-23-2026/build/main.tex	1	12	0	9	2	0	13	14	1	75492
The-Bass-trace-conjecture-for-complex-group-rings-September-24-2026	207	preprints/The-Bass-trace-conjecture-for-complex-group-rings-September-24-2026/The-Bass-trace-conjecture-for-complex-group-rings-September-24-2026.pdf	The-Bass-trace-conjecture-for-complex-group-rings-September-24-2026/build/main.tex	1	11	1	10	22	0	22	21	1	100218
The-Blockwise-Alperin-Weight-Conjecture-September-23-2026	202	preprints/The-Blockwise-Alperin-Weight-Conjecture-September-23-2026/paper.pdf	The-Blockwise-Alperin-Weight-Conjecture-September-23-2026/build/paper.tex	1	11	1	8	30	0	43	54	1	215720
The-Bogomolov-Pop-reconstruction-theorem-September-23-2026	009	preprints/The-Bogomolov-Pop-reconstruction-theorem-September-23-2026/paper.pdf	The-Bogomolov-Pop-reconstruction-theorem-September-23-2026/build/paper.tex	1	8	1	7	11	0	24	24	1	88696
The-Boltzmann-Grad-limit-for-stable-radial-potentials-on-regular-kinetic-intervals-September-23-2026	364	preprints/The-Boltzmann-Grad-limit-for-stable-radial-potentials-on-regular-kinetic-intervals-September-23-2026/paper.pdf	The-Boltzmann-Grad-limit-for-stable-radial-potentials-on-regular-kinetic-intervals-September-23-2026/build/paper.tex	1	9	1	7	35	0	35	37	1	258012
The-Campana-Peternell-conjecture-in-dimension-six-September-25-2026	067	preprints/The-Campana-Peternell-conjecture-in-dimension-six-September-25-2026/main.pdf	The-Campana-Peternell-conjecture-in-dimension-six-September-25-2026/build/main.tex	1	11	1	8	13	0	13	13	1	72690
The-Critical-Spin-Field-of-the-Planar-XY-Model-October-5-2026	216	preprints/The-Critical-Spin-Field-of-the-Planar-XY-Model-October-5-2026/paper.pdf	The-Critical-Spin-Field-of-the-Planar-XY-Model-October-5-2026/build/main.tex	1	11	0	7	26	0	28	33	1	144029
The-Deligne-Drinfeld-conjecture-September-23-2026	008	preprints/The-Deligne-Drinfeld-conjecture-September-23-2026/paper.pdf	The-Deligne-Drinfeld-conjecture-September-23-2026/build/paper.tex	1	13	0	8	16	0	25	25	1	145200
The-Dimension-of-the-Two-Adic-Hecke-Algebra-at-Odd-Level-October-5-2026	010	preprints/The-Dimension-of-the-Two-Adic-Hecke-Algebra-at-Odd-Level-October-5-2026/two-adic-hecke.pdf	The-Dimension-of-the-Two-Adic-Hecke-Algebra-at-Odd-Level-October-5-2026/build/main.tex	1	1	1	6	7	0	10	11	1	34857
The-E-times-CM-Component-of-Zilber-Pink-for-Curves-in-A2-September-24-2026	016	preprints/The-E-times-CM-Component-of-Zilber-Pink-for-Curves-in-A2-September-24-2026/paper.pdf	The-E-times-CM-Component-of-Zilber-Pink-for-Curves-in-A2-September-24-2026/build/paper.tex	1	1	0	7	8	0	8	11	1	53131
The-Euclidean-Steinitz-Bergstrom-theorem-September-24-2026	097	preprints/The-Euclidean-Steinitz-Bergstrom-theorem-September-24-2026/The-Euclidean-Steinitz-Bergstrom-theorem-September-24-2026.pdf	The-Euclidean-Steinitz-Bergstrom-theorem-September-24-2026/build/main.tex	1	8	1	6	19	0	18	18	1	82742
The-Euclidean-plane-is-not-five-colorable-September-23-2026	158	preprints/The-Euclidean-plane-is-not-five-colorable-September-23-2026/paper.pdf	The-Euclidean-plane-is-not-five-colorable-September-23-2026/build/main.tex	1	13	1	9	31	4	44	45	1	213931
The-Factor-Two-Hardness-Threshold-for-Vertex-Cover-September-23-2026	102	preprints/The-Factor-Two-Hardness-Threshold-for-Vertex-Cover-September-23-2026/paper.pdf	The-Factor-Two-Hardness-Threshold-for-Vertex-Cover-September-23-2026/build/main.tex	1	11	1	8	9	0	13	15	1	83225
The-Falconer-distance-conjecture-in-all-dimensions-September-23-2026	073	preprints/The-Falconer-distance-conjecture-in-all-dimensions-September-23-2026/paper.pdf	The-Falconer-distance-conjecture-in-all-dimensions-September-23-2026/build/paper.tex	1	14	1	11	36	0	45	46	1	459633
The-Gaussian-Propeller-Bound-in-Every-Dimension-September-24-2026	096	preprints/The-Gaussian-Propeller-Bound-in-Every-Dimension-September-24-2026/main.pdf	The-Gaussian-Propeller-Bound-in-Every-Dimension-September-24-2026/build/main.tex	1	10	0	7	19	0	11	14	1	76286
The-Gaussian-free-field-limit-of-integer-Lipschitz-heights-with-two-arc-boundary-data-October-6-2026	232	preprints/The-Gaussian-free-field-limit-of-integer-Lipschitz-heights-with-two-arc-boundary-data-October-6-2026/paper.pdf	The-Gaussian-free-field-limit-of-integer-Lipschitz-heights-with-two-arc-boundary-data-October-6-2026/build/paper.tex	1	13	1	10	29	0	50	51	1	247341
The-Gaussian-free-field-limit-of-the-balanced-six-vertex-model-with-variance-multiplier-1-over-arcsin-c-over-2-September-23-2026	225	preprints/The-Gaussian-free-field-limit-of-the-balanced-six-vertex-model-with-variance-multiplier-1-over-arcsin-c-over-2-September-23-2026/The-Gaussian-free-field-limit-of-the-balanced-six-vertex-model-with-variance-multiplier-1-over-arcsin-c-over-2-September-23-2026.pdf	The-Gaussian-free-field-limit-of-the-balanced-six-vertex-model-with-variance-multiplier-1-over-arcsin-c-over-2-September-23-2026/build/main.tex	1	12	1	9	46	0	51	51	1	330015
The-Generalized-Mukai-Conjecture-September-24-2026	063	preprints/The-Generalized-Mukai-Conjecture-September-24-2026/article.pdf	The-Generalized-Mukai-Conjecture-September-24-2026/build/main.tex	1	7	1	6	10	0	10	13	1	56730
The-Grothendieck-homotopy-hypothesis-via-elementary-expansions-September-24-2026	312	preprints/The-Grothendieck-homotopy-hypothesis-via-elementary-expansions-September-24-2026/paper.pdf	The-Grothendieck-homotopy-hypothesis-via-elementary-expansions-September-24-2026/build/paper.tex	1	9	1	5	15	0	22	19	1	93666
The-Hilbert-Smith-conjecture-in-every-finite-dimension-September-23-2026	304	preprints/The-Hilbert-Smith-conjecture-in-every-finite-dimension-September-23-2026/paper.pdf	The-Hilbert-Smith-conjecture-in-every-finite-dimension-September-23-2026/build/main.tex	1	9	1	7	26	0	40	40	1	151998
The-Isoperimetric-Conjecture-for-the-Cubic-Flat-Three-Torus-September-24-2026	354	preprints/The-Isoperimetric-Conjecture-for-the-Cubic-Flat-Three-Torus-September-24-2026/article.pdf	The-Isoperimetric-Conjecture-for-the-Cubic-Flat-Three-Torus-September-24-2026/build/paper.tex	1	11	0	9	12	0	25	26	1	92586
The-Kakeya-maximal-conjecture-in-three-dimensions-September-23-2026	074	preprints/The-Kakeya-maximal-conjecture-in-three-dimensions-September-23-2026/paper.pdf	The-Kakeya-maximal-conjecture-in-three-dimensions-September-23-2026/build/paper.tex	1	16	1	11	42	0	49	51	1	351286
The-Kerr-Newman-Penrose-Inequality-for-Axisymmetric-Electrovacuum-Exteriors-October-5-2026	260	preprints/The-Kerr-Newman-Penrose-Inequality-for-Axisymmetric-Electrovacuum-Exteriors-October-5-2026/paper.pdf	The-Kerr-Newman-Penrose-Inequality-for-Axisymmetric-Electrovacuum-Exteriors-October-5-2026/build/main.tex	1	12	1	9	42	0	44	46	1	309722
The-Kervaire-Invariant-Problem-at-the-Prime-Three-September-24-2026	309	preprints/The-Kervaire-Invariant-Problem-at-the-Prime-Three-September-24-2026/paper.pdf	The-Kervaire-Invariant-Problem-at-the-Prime-Three-September-24-2026/build/paper.tex	1	12	0	8	49	0	70	71	1	320882
The-Kervaire-Theorem-for-Groups-September-24-2026	256	preprints/The-Kervaire-Theorem-for-Groups-September-24-2026/The-Kervaire-Theorem-for-Groups-September-24-2026.pdf	The-Kervaire-Theorem-for-Groups-September-24-2026/build/paper.tex	1	6	1	5	5	0	5	5	1	40199
The-Kirchberg-Rordam-character-criterion-September-25-2026	299	preprints/The-Kirchberg-Rordam-character-criterion-September-25-2026/paper.pdf	The-Kirchberg-Rordam-character-criterion-September-25-2026/build/paper.tex	1	9	0	6	9	0	18	18	1	67604
The-Mahler-Conjecture-for-General-Convex-Bodies-September-22-2026	087	preprints/The-Mahler-Conjecture-for-General-Convex-Bodies-September-22-2026/paper.pdf	The-Mahler-Conjecture-for-General-Convex-Bodies-September-22-2026/build/main.tex	1	13	1	10	41	4	32	35	1	221023
The-Margulis-Platonov-conjecture-over-global-function-fields-October-5-2026	018	preprints/The-Margulis-Platonov-conjecture-over-global-function-fields-October-5-2026/margulis-platonov-global-function-fields.pdf	The-Margulis-Platonov-conjecture-over-global-function-fields-October-5-2026/build/main.tex	1	15	1	11	42	6	44	45	1	283157
The-Margulis-Platonov-conjecture-over-number-fields-September-23-2026	018	preprints/The-Margulis-Platonov-conjecture-over-number-fields-September-23-2026/paper.pdf	The-Margulis-Platonov-conjecture-over-number-fields-September-23-2026/build/preamble.tex	1	11	0	9	50	0	39	43	1	286219
The-Mezard-Parisi-formula-for-diluted-spin-glasses-September-23-2026	221	preprints/The-Mezard-Parisi-formula-for-diluted-spin-glasses-September-23-2026/paper.pdf	The-Mezard-Parisi-formula-for-diluted-spin-glasses-September-23-2026/build/main.tex	1	13	1	10	18	0	26	26	1	126042
The-PCP-for-PPAD-conjecture-a-quasilinear-reduction-September-25-2026	136	preprints/The-PCP-for-PPAD-conjecture-a-quasilinear-reduction-September-25-2026/paper.pdf	The-PCP-for-PPAD-conjecture-a-quasilinear-reduction-September-25-2026/build/main.tex	1	13	1	12	70	0	84	85	1	560022
The-Partition-Principle-does-not-imply-Choice-September-24-2026	244	preprints/The-Partition-Principle-does-not-imply-Choice-September-24-2026/partition-principle-without-choice.pdf	The-Partition-Principle-does-not-imply-Choice-September-24-2026/build/main.tex	1	10	1	8	31	0	33	33	1	157380
The-Penrose-inequality-for-maximal-asymptotically-hyperbolic-initial-data-October-5-2026	260	preprints/The-Penrose-inequality-for-maximal-asymptotically-hyperbolic-initial-data-October-5-2026/paper.pdf	The-Penrose-inequality-for-maximal-asymptotically-hyperbolic-initial-data-October-5-2026/build/paper.tex	1	12	1	10	40	0	35	40	1	324399
The-Poisson-Dirichlet-Law-for-Prime-Predecessors-September-24-2026	011	preprints/The-Poisson-Dirichlet-Law-for-Prime-Predecessors-September-24-2026/paper.pdf	The-Poisson-Dirichlet-Law-for-Prime-Predecessors-September-24-2026/build/paper.tex	1	13	1	9	37	0	21	30	1	244111
The-Quasi-Riemann-Hypothesis-October-5-2026	003	preprints/The-Quasi-Riemann-Hypothesis-October-5-2026/paper2.pdf	The-Quasi-Riemann-Hypothesis-October-5-2026/build/paper2.tex	1	1	0	8	29	0	20	23	1	169005
The-Quasi-Riemann-Hypothesis-September-30-2026	003	preprints/The-Quasi-Riemann-Hypothesis-September-30-2026/paper.pdf	The-Quasi-Riemann-Hypothesis-September-30-2026/build/paper.tex	1	1	0	20	65	0	62	64	1	766316
The-Reconstruction-Threshold-for-the-Ferromagnetic-Four-State-Potts-Model-October-5-2026	229	preprints/The-Reconstruction-Threshold-for-the-Ferromagnetic-Four-State-Potts-Model-October-5-2026/four-state-potts.pdf	The-Reconstruction-Threshold-for-the-Ferromagnetic-Four-State-Potts-Model-October-5-2026/build/main.tex	1	9	0	7	14	0	10	11	1	60228
The-Restricted-Geometric-Langlands-Equivalence-in-Positive-Characteristic-September-24-2026	014	preprints/The-Restricted-Geometric-Langlands-Equivalence-in-Positive-Characteristic-September-24-2026/paper.pdf	The-Restricted-Geometric-Langlands-Equivalence-in-Positive-Characteristic-September-24-2026/build/main.tex	1	10	1	9	25	0	27	30	1	145285
The-Selmer-converse-for-elliptic-curves-at-every-prime-October-7-2026	002	preprints/The-Selmer-converse-for-elliptic-curves-at-every-prime-October-7-2026/main.pdf	The-Selmer-converse-for-elliptic-curves-at-every-prime-October-7-2026/build/main.tex	1	14	1	11	45	0	45	50	1	294096
The-Sharp-Logarithmic-Exponent-of-r-5-t-September-24-2026	170	preprints/The-Sharp-Logarithmic-Exponent-of-r-5-t-September-24-2026/paper.pdf	The-Sharp-Logarithmic-Exponent-of-r-5-t-September-24-2026/build/paper.tex	1	12	1	11	22	0	21	23	1	136043
The-Sharp-Terminal-Leave-in-Random-Triangle-Removal-September-25-2026	188	preprints/The-Sharp-Terminal-Leave-in-Random-Triangle-Removal-September-25-2026/The-Sharp-Terminal-Leave-in-Random-Triangle-Removal-September-25-2026.pdf	The-Sharp-Terminal-Leave-in-Random-Triangle-Removal-September-25-2026/build/paper.tex	1	9	1	7	12	0	12	13	1	80401
The-Singer-conjecture-in-dimension-four-September-25-2026	315	preprints/The-Singer-conjecture-in-dimension-four-September-25-2026/paper.pdf	The-Singer-conjecture-in-dimension-four-September-25-2026/build/paper.tex	1	13	1	11	26	0	50	50	1	155425
The-Solomon-Yau-least-volume-theorem-September-23-2026	349	preprints/The-Solomon-Yau-least-volume-theorem-September-23-2026/paper.pdf	The-Solomon-Yau-least-volume-theorem-September-23-2026/build/paper.tex	1	8	1	7	20	0	27	28	1	110765
The-Stable-Hurewicz-Image-of-the-Sphere-at-Two-September-25-2026	316	preprints/The-Stable-Hurewicz-Image-of-the-Sphere-at-Two-September-25-2026/paper.pdf	The-Stable-Hurewicz-Image-of-the-Sphere-at-Two-September-25-2026/build/paper.tex	1	9	1	6	10	0	30	30	1	118794
The-Strong-Hyperkahler-SYZ-Conjecture-September-23-2026	041	preprints/The-Strong-Hyperkahler-SYZ-Conjecture-September-23-2026/main.pdf	The-Strong-Hyperkahler-SYZ-Conjecture-September-23-2026/build/main.tex	1	9	1	6	23	0	12	17	1	117913
The-Subcritical-Henon-Lane-Emden-Conjecture-September-24-2026	370	preprints/The-Subcritical-Henon-Lane-Emden-Conjecture-September-24-2026/paper.pdf	The-Subcritical-Henon-Lane-Emden-Conjecture-September-24-2026/build/main.tex	1	7	1	6	4	0	12	13	1	58016
The-Unique-Games-Theorem-September-23-2026	102	preprints/The-Unique-Games-Theorem-September-23-2026/paper.pdf	The-Unique-Games-Theorem-September-23-2026/build/main.tex	1	13	1	9	29	0	29	31	1	196849
The-abelianity-conjecture-for-special-compact-Kahler-manifolds-September-23-2026	057	preprints/The-abelianity-conjecture-for-special-compact-Kahler-manifolds-September-23-2026/paper.pdf	The-abelianity-conjecture-for-special-compact-Kahler-manifolds-September-23-2026/build/paper.tex	1	9	1	6	28	0	30	34	1	167205
The-affine-Bernstein-theorem-in-dimensions-three-through-nine-September-24-2026	353	preprints/The-affine-Bernstein-theorem-in-dimensions-three-through-nine-September-24-2026/main.pdf	The-affine-Bernstein-theorem-in-dimensions-three-through-nine-September-24-2026/build/main.tex	1	7	1	6	10	0	18	19	1	82086
The-arithmetic-category-and-stable-recovery-of-lattice-factors-September-23-2026	286	preprints/The-arithmetic-category-and-stable-recovery-of-lattice-factors-September-23-2026/paper.pdf	The-arithmetic-category-and-stable-recovery-of-lattice-factors-September-23-2026/build/paper.tex	1	7	1	5	22	0	20	22	1	98086
The-canonical-massive-continuum-limit-of-the-two-dimensional-O3-model-October-4-2026	215	preprints/The-canonical-massive-continuum-limit-of-the-two-dimensional-O3-model-October-4-2026/massive-continuum-o3.pdf	The-canonical-massive-continuum-limit-of-the-two-dimensional-O3-model-October-4-2026/build/main.tex	1	21	1	15	63	5	59	62	1	469950
The-circulant-Hadamard-conjecture-September-23-2026	179	preprints/The-circulant-Hadamard-conjecture-September-23-2026/paper.pdf	The-circulant-Hadamard-conjecture-September-23-2026/build/main.tex	1	7	1	5	7	0	8	8	1	44665
The-complete-Crouzeix-theorem-September-23-2026	325	preprints/The-complete-Crouzeix-theorem-September-23-2026/paper.pdf	The-complete-Crouzeix-theorem-September-23-2026/build/main.tex	1	3	0	7	8	0	10	11	1	75759
The-complexity-of-identifying-a-graph-by-Weisfeiler-Leman-refinement-September-25-2026	133	preprints/The-complexity-of-identifying-a-graph-by-Weisfeiler-Leman-refinement-September-25-2026/paper.pdf	The-complexity-of-identifying-a-graph-by-Weisfeiler-Leman-refinement-September-25-2026/build/paper.tex	1	9	0	7	18	0	18	18	1	93428
The-cotype-cotype-conjecture-under-the-approximation-property-September-23-2026	326	preprints/The-cotype-cotype-conjecture-under-the-approximation-property-September-23-2026/paper.pdf	The-cotype-cotype-conjecture-under-the-approximation-property-September-23-2026/build/main.tex	1	8	0	6	6	0	11	11	1	65241
The-critical-Liouville-quantum-sphere-and-geometric-limits-of-FK-maps-at-q-equals-4-September-24-2026	211	preprints/The-critical-Liouville-quantum-sphere-and-geometric-limits-of-FK-maps-at-q-equals-4-September-24-2026/main.pdf	The-critical-Liouville-quantum-sphere-and-geometric-limits-of-FK-maps-at-q-equals-4-September-24-2026/build/main.tex	1	18	1	11	69	2	130	133	1	846971
The-critical-correlation-exponent-of-the-planar-XY-model-September-24-2026	216	preprints/The-critical-correlation-exponent-of-the-planar-XY-model-September-24-2026/paper.pdf	The-critical-correlation-exponent-of-the-planar-XY-model-September-24-2026/build/paper.tex	1	10	0	6	21	0	22	24	1	191280
The-critical-dimension-for-one-phase-Bernoulli-minimizers-September-24-2026	367	preprints/The-critical-dimension-for-one-phase-Bernoulli-minimizers-September-24-2026/The-critical-dimension-for-one-phase-Bernoulli-minimizers-September-24-2026.pdf	The-critical-dimension-for-one-phase-Bernoulli-minimizers-September-24-2026/build/paper.tex	1	12	0	9	23	2	25	27	1	157591
The-critical-logarithmic-correction-for-the-planar-XY-model-October-5-2026	216	preprints/The-critical-logarithmic-correction-for-the-planar-XY-model-October-5-2026/paper.pdf	The-critical-logarithmic-correction-for-the-planar-XY-model-October-5-2026/build/paper.tex	1	9	0	7	22	0	22	24	1	327191
The-crossing-number-of-complete-bipartite-graphs-September-23-2026	165	preprints/The-crossing-number-of-complete-bipartite-graphs-September-23-2026/paper.pdf	The-crossing-number-of-complete-bipartite-graphs-September-23-2026/build/paper.tex	1	9	1	6	3	0	7	8	1	49177
The-crossing-number-of-complete-graphs-September-23-2026	165	preprints/The-crossing-number-of-complete-graphs-September-23-2026/paper.pdf	The-crossing-number-of-complete-graphs-September-23-2026/build/main.tex	1	4	1	6	0	0	10	11	1	45828
The-curve-scaling-limit-of-half-plane-double-dimers-September-23-2026	226	preprints/The-curve-scaling-limit-of-half-plane-double-dimers-September-23-2026/paper.pdf	The-curve-scaling-limit-of-half-plane-double-dimers-September-23-2026/build/main.tex	1	8	0	5	22	0	22	24	1	128106
The-dyadic-case-of-the-Erdos-similarity-conjecture-September-25-2026	084	preprints/The-dyadic-case-of-the-Erdos-similarity-conjecture-September-25-2026/paper.pdf	The-dyadic-case-of-the-Erdos-similarity-conjecture-September-25-2026/build/paper.tex	1	11	1	6	9	0	8	8	1	50003
The-entropy-photon-number-inequality-September-24-2026	273	preprints/The-entropy-photon-number-inequality-September-24-2026/paper.pdf	The-entropy-photon-number-inequality-September-24-2026/build/main.tex	1	9	0	7	15	0	15	17	1	108140
The-entropy-rate-dimension-formula-for-self-similar-measures-on-the-line-September-24-2026	148	preprints/The-entropy-rate-dimension-formula-for-self-similar-measures-on-the-line-September-24-2026/main.pdf	The-entropy-rate-dimension-formula-for-self-similar-measures-on-the-line-September-24-2026/build/main.tex	1	7	1	6	7	0	15	15	1	66086
The-equivariant-cohomological-Hikita-conjecture-for-arbitrary-quivers-September-24-2026	044	preprints/The-equivariant-cohomological-Hikita-conjecture-for-arbitrary-quivers-September-24-2026/main.pdf	The-equivariant-cohomological-Hikita-conjecture-for-arbitrary-quivers-September-24-2026/build/main.tex	1	10	1	8	13	0	25	25	1	147142
The-exact-reconstruction-threshold-for-the-three-state-symmetric-channel-September-25-2026	229	preprints/The-exact-reconstruction-threshold-for-the-three-state-symmetric-channel-September-25-2026/paper.pdf	The-exact-reconstruction-threshold-for-the-three-state-symmetric-channel-September-25-2026/build/main.tex	1	13	1	11	30	0	23	23	1	154129
The-first-lattice-correction-to-Blochs-law-October-5-2026	271	preprints/The-first-lattice-correction-to-Blochs-law-October-5-2026/first-lattice-correction-bloch-law.pdf	The-first-lattice-correction-to-Blochs-law-October-5-2026/build/main.tex	1	13	0	9	25	0	21	24	1	132315
The-free-energy-of-the-Ising-random-perceptron-September-24-2026	222	preprints/The-free-energy-of-the-Ising-random-perceptron-September-24-2026/The-free-energy-of-the-Ising-random-perceptron-September-24-2026.pdf	The-free-energy-of-the-Ising-random-perceptron-September-24-2026/build/main.tex	1	10	1	8	26	0	29	30	1	152891
The-free-energy-of-the-spherical-random-perceptron-September-24-2026	222	preprints/The-free-energy-of-the-spherical-random-perceptron-September-24-2026/The-free-energy-of-the-spherical-random-perceptron-September-24-2026.pdf	The-free-energy-of-the-spherical-random-perceptron-September-24-2026/build/paper.tex	1	3	1	8	13	0	3	5	1	97020
The-free-uniform-spanning-forest-is-a-factor-of-IID-September-25-2026	231	preprints/The-free-uniform-spanning-forest-is-a-factor-of-IID-September-25-2026/The-free-uniform-spanning-forest-is-a-factor-of-IID-September-25-2026.pdf	The-free-uniform-spanning-forest-is-a-factor-of-IID-September-25-2026/build/paper.tex	1	7	1	6	7	0	14	14	1	61170
The-geometric-case-of-the-Erdos-similarity-conjecture-October-5-2026	084	preprints/The-geometric-case-of-the-Erdos-similarity-conjecture-October-5-2026/geometric-erdos-similarity.pdf	The-geometric-case-of-the-Erdos-similarity-conjecture-October-5-2026/build/main.tex	1	8	1	5	8	0	9	9	1	38612
The-height-three-chromatic-overlap-an-explicit-filtration-and-its-attachments-September-27-2026	318	preprints/The-height-three-chromatic-overlap-an-explicit-filtration-and-its-attachments-September-27-2026/paper.pdf	The-height-three-chromatic-overlap-an-explicit-filtration-and-its-attachments-September-27-2026/build/paper.tex	1	15	1	12	44	2	83	83	1	423403
The-higher-dimensional-Erdos-distinct-distances-conjecture-September-23-2026	166	preprints/The-higher-dimensional-Erdos-distinct-distances-conjecture-September-23-2026/paper.pdf	The-higher-dimensional-Erdos-distinct-distances-conjecture-September-23-2026/build/paper.tex	1	16	1	9	43	3	61	62	1	356500
The-hypercube-Ramsey-number-has-linear-order-September-23-2026	171	preprints/The-hypercube-Ramsey-number-has-linear-order-September-23-2026/paper.pdf	The-hypercube-Ramsey-number-has-linear-order-September-23-2026/build/main.tex	1	25	0	19	49	2	55	56	1	620976
The-irrationality-exponent-of-pi-is-2-September-24-2026	017	preprints/The-irrationality-exponent-of-pi-is-2-September-24-2026/paper.pdf	The-irrationality-exponent-of-pi-is-2-September-24-2026/build/main.tex	1	5	1	5	9	0	11	12	1	65806
The-joint-Dickman-law-for-consecutive-integers-September-24-2026	012	preprints/The-joint-Dickman-law-for-consecutive-integers-September-24-2026/paper.pdf	The-joint-Dickman-law-for-consecutive-integers-September-24-2026/build/main.tex	1	13	1	12	37	0	36	39	1	259545
The-joint-scaling-limit-of-critical-Ashkin-Teller-currents-October-6-2026	233	preprints/The-joint-scaling-limit-of-critical-Ashkin-Teller-currents-October-6-2026/main.pdf	The-joint-scaling-limit-of-critical-Ashkin-Teller-currents-October-6-2026/build/main.tex	1	11	1	10	47	0	63	62	1	405934
The-l1-Bass-Conjecture-for-Discrete-Groups-October-5-2026	207	preprints/The-l1-Bass-Conjecture-for-Discrete-Groups-October-5-2026/l1-bass-conjecture.pdf	The-l1-Bass-Conjecture-for-Discrete-Groups-October-5-2026/build/main.tex	1	9	1	7	17	0	18	19	1	106702
The-logarithmic-Brunn-Minkowski-conjecture-September-23-2026	091	preprints/The-logarithmic-Brunn-Minkowski-conjecture-September-23-2026/paper.pdf	The-logarithmic-Brunn-Minkowski-conjecture-September-23-2026/build/main.tex	1	10	1	8	4	0	7	7	1	56672
The-low-temperature-Sherrington-Kirkpatrick-fluctuation-scale-September-24-2026	217	preprints/The-low-temperature-Sherrington-Kirkpatrick-fluctuation-scale-September-24-2026/The-low-temperature-Sherrington-Kirkpatrick-fluctuation-scale-September-24-2026.pdf	The-low-temperature-Sherrington-Kirkpatrick-fluctuation-scale-September-24-2026/build/paper.tex	1	11	1	8	32	0	54	54	1	273715
The-low-temperature-Sherrington-Kirkpatrick-free-energy-limiting-law-September-24-2026	217	preprints/The-low-temperature-Sherrington-Kirkpatrick-free-energy-limiting-law-September-24-2026/The-low-temperature-Sherrington-Kirkpatrick-free-energy-limiting-law-September-24-2026.pdf	The-low-temperature-Sherrington-Kirkpatrick-free-energy-limiting-law-September-24-2026/build/main.tex	1	16	1	13	47	3	50	54	1	463786
The-maximal-triangular-Hilbert-transform-at-the-symmetric-point-September-24-2026	082	preprints/The-maximal-triangular-Hilbert-transform-at-the-symmetric-point-September-24-2026/paper.pdf	The-maximal-triangular-Hilbert-transform-at-the-symmetric-point-September-24-2026/build/preamble.tex	1	11	1	7	12	0	22	22	1	82191
The-maximum-number-of-mutually-unbiased-bases-in-dimension-six-September-24-2026	266	preprints/The-maximum-number-of-mutually-unbiased-bases-in-dimension-six-September-24-2026/The-maximum-number-of-mutually-unbiased-bases-in-dimension-six-September-24-2026.pdf	The-maximum-number-of-mutually-unbiased-bases-in-dimension-six-September-24-2026/build/paper.tex	1	12	1	9	52	0	57	57	1	261423
The-mean-analytic-rank-of-quadratic-twists-of-elliptic-curves-October-6-2026	006	preprints/The-mean-analytic-rank-of-quadratic-twists-of-elliptic-curves-October-6-2026/paper.pdf	The-mean-analytic-rank-of-quadratic-twists-of-elliptic-curves-October-6-2026/build/main.tex	1	8	1	7	21	0	27	28	1	125651
The-metric-Blaschke-theorem-September-23-2026	344	preprints/The-metric-Blaschke-theorem-September-23-2026/paper.pdf	The-metric-Blaschke-theorem-September-23-2026/build/paper.tex	1	13	1	10	16	0	26	27	1	132096
The-nonmaximal-anti-de-Sitter-Penrose-Inequality-and-original-data-rigidity-October-5-2026	260	preprints/The-nonmaximal-anti-de-Sitter-Penrose-Inequality-and-original-data-rigidity-October-5-2026/paper.pdf	The-nonmaximal-anti-de-Sitter-Penrose-Inequality-and-original-data-rigidity-October-5-2026/build/main.tex	1	19	1	12	61	0	106	109	1	506371
The-normalized-volume-gap-in-dimension-four-September-24-2026	037	preprints/The-normalized-volume-gap-in-dimension-four-September-24-2026/paper.pdf	The-normalized-volume-gap-in-dimension-four-September-24-2026/build/paper.tex	1	1	0	6	2	0	11	11	1	64774
The-ordinary-double-point-gap-in-every-dimension-September-24-2026	037	preprints/The-ordinary-double-point-gap-in-every-dimension-September-24-2026/paper.pdf	The-ordinary-double-point-gap-in-every-dimension-September-24-2026/build/paper.tex	1	11	1	8	29	0	44	45	1	182862
The-p-adic-section-conjecture-October-6-2026	019	preprints/The-p-adic-section-conjecture-October-6-2026/main.pdf	The-p-adic-section-conjecture-October-6-2026/build/main.tex	1	10	1	8	9	0	20	19	1	86811
The-periodic-spin-one-Haldane-gap-September-24-2026	268	preprints/The-periodic-spin-one-Haldane-gap-September-24-2026/paper.pdf	The-periodic-spin-one-Haldane-gap-September-24-2026/build/main.tex	1	10	1	9	25	0	16	17	1	87456
The-rational-Hodge-conjecture-for-CM-abelian-varieties-October-6-2026	032	preprints/The-rational-Hodge-conjecture-for-CM-abelian-varieties-October-6-2026/paper.pdf	The-rational-Hodge-conjecture-for-CM-abelian-varieties-October-6-2026/build/main.tex	1	12	1	8	24	0	32	32	1	191553
The-reverse-logarithmic-Kodaira-inequality-and-additivity-September-26-2026	033	preprints/The-reverse-logarithmic-Kodaira-inequality-and-additivity-September-26-2026/paper.pdf	The-reverse-logarithmic-Kodaira-inequality-and-additivity-September-26-2026/build/main.tex	1	10	1	7	27	0	29	32	1	205018
The-second-Kahn-Kalai-conjecture-September-24-2026	176	preprints/The-second-Kahn-Kalai-conjecture-September-24-2026/paper.pdf	The-second-Kahn-Kalai-conjecture-September-24-2026/build/source/main.tex	1	7	0	4	4	0	5	5	1	38498
The-sharp-exponential-rate-of-singularity-for-symmetric-Bernoulli-matrices-October-3-2026	239	preprints/The-sharp-exponential-rate-of-singularity-for-symmetric-Bernoulli-matrices-October-3-2026/symmetric-bernoulli-singularity.pdf	The-sharp-exponential-rate-of-singularity-for-symmetric-Bernoulli-matrices-October-3-2026/build/main.tex	1	14	0	11	19	0	38	38	1	210180
The-sharp-factor-of-IID-threshold-for-the-free-Ising-model-on-regular-trees-September-26-2026	236	preprints/The-sharp-factor-of-IID-threshold-for-the-free-Ising-model-on-regular-trees-September-26-2026/article.pdf	The-sharp-factor-of-IID-threshold-for-the-free-Ising-model-on-regular-trees-September-26-2026/build/main.tex	1	11	1	8	26	0	23	26	1	167465
The-sharp-singularity-rate-for-biased-symmetric-sign-matrices-October-4-2026	239	preprints/The-sharp-singularity-rate-for-biased-symmetric-sign-matrices-October-4-2026/biased-symmetric-sign-singularity.pdf	The-sharp-singularity-rate-for-biased-symmetric-sign-matrices-October-4-2026/build/main.tex	1	10	0	6	18	2	25	30	1	116637
The-spacetime-Penrose-inequality-and-enclosing-area-September-27-2026	260	preprints/The-spacetime-Penrose-inequality-and-enclosing-area-September-27-2026/paper.pdf	The-spacetime-Penrose-inequality-and-enclosing-area-September-27-2026/build/paper.tex	1	11	1	8	49	0	49	51	1	334456
The-spacetime-Penrose-inequality-with-charge-and-original-data-rigidity-October-5-2026	260	preprints/The-spacetime-Penrose-inequality-with-charge-and-original-data-rigidity-October-5-2026/paper.pdf	The-spacetime-Penrose-inequality-with-charge-and-original-data-rigidity-October-5-2026/build/paper.tex	1	14	1	11	43	0	68	68	1	570863
The-spherical-magnetization-law-for-the-three-dimensional-quantum-Heisenberg-ferromagnet-October-5-2026	271	preprints/The-spherical-magnetization-law-for-the-three-dimensional-quantum-Heisenberg-ferromagnet-October-5-2026/spherical-magnetization.pdf	The-spherical-magnetization-law-for-the-three-dimensional-quantum-Heisenberg-ferromagnet-October-5-2026/build/main.tex	1	11	1	8	27	0	28	30	1	161923
The-spherical-perceptron-with-bi-orthogonally-invariant-disorder-September-24-2026	222	preprints/The-spherical-perceptron-with-bi-orthogonally-invariant-disorder-September-24-2026/The-spherical-perceptron-with-bi-orthogonally-invariant-disorder-September-24-2026.pdf	The-spherical-perceptron-with-bi-orthogonally-invariant-disorder-September-24-2026/build/paper.tex	1	3	0	10	29	0	7	10	1	147770
The-strong-thin-tree-conjecture-September-23-2026	174	preprints/The-strong-thin-tree-conjecture-September-23-2026/paper.pdf	The-strong-thin-tree-conjecture-September-23-2026/build/source/main.tex	1	20	1	10	21	7	41	42	1	183654
The-symmetric-Mahler-conjecture-and-its-equality-cases-September-22-2026	087	preprints/The-symmetric-Mahler-conjecture-and-its-equality-cases-September-22-2026/paper.pdf	The-symmetric-Mahler-conjecture-and-its-equality-cases-September-22-2026/build/main.tex	1	9	1	8	9	0	14	17	1	71783
The-trace-cone-classifies-Razak-Jacelon-stabilizations-September-25-2026	301	preprints/The-trace-cone-classifies-Razak-Jacelon-stabilizations-September-25-2026/The-trace-cone-classifies-Razak-Jacelon-stabilizations-September-25-2026.pdf	The-trace-cone-classifies-Razak-Jacelon-stabilizations-September-25-2026/build/paper.tex	1	11	1	8	30	0	43	45	1	214856
The-two-primary-Birch-Swinnerton-Dyer-formula-in-Selmer-corank-at-most-one-October-6-2026	002	preprints/The-two-primary-Birch-Swinnerton-Dyer-formula-in-Selmer-corank-at-most-one-October-6-2026/paper.pdf	The-two-primary-Birch-Swinnerton-Dyer-formula-in-Selmer-corank-at-most-one-October-6-2026/build/paper.tex	1	17	0	14	80	0	131	135	1	635574
The-unique-threshold-bound-state-of-the-SU-N-BFSS-model-September-24-2026	270	preprints/The-unique-threshold-bound-state-of-the-SU-N-BFSS-model-September-24-2026/paper.pdf	The-unique-threshold-bound-state-of-the-SU-N-BFSS-model-September-24-2026/build/manuscript/main.tex	1	9	1	7	21	0	31	31	1	165588
The-weak-inhomogeneous-Duffin-Schaeffer-conjecture-September-25-2026	022	preprints/The-weak-inhomogeneous-Duffin-Schaeffer-conjecture-September-25-2026/paper.pdf	The-weak-inhomogeneous-Duffin-Schaeffer-conjecture-September-25-2026/build/main.tex	1	14	1	11	49	0	49	54	1	301112
The-weak-pinned-planar-distance-theorem-September-23-2026	167	preprints/The-weak-pinned-planar-distance-theorem-September-23-2026/paper.pdf	The-weak-pinned-planar-distance-theorem-September-23-2026/build/main.tex	1	9	1	7	14	0	9	10	1	81611
Thermal-FK-Ising-interfaces-and-massive-SLE-October-5-2026	223	preprints/Thermal-FK-Ising-interfaces-and-massive-SLE-October-5-2026/paper.pdf	Thermal-FK-Ising-interfaces-and-massive-SLE-October-5-2026/build/main.tex	1	9	0	7	28	0	33	35	1	174461
Thomason-Model-Structures-in-Every-Strict-Higher-Dimension-September-25-2026	317	preprints/Thomason-Model-Structures-in-Every-Strict-Higher-Dimension-September-25-2026/paper.pdf	Thomason-Model-Structures-in-Every-Strict-Higher-Dimension-September-25-2026/build/paper.tex	1	10	1	9	10	0	26	27	1	124202
Thompsons-group-F-is-nonamenable-September-23-2026	248	preprints/Thompsons-group-F-is-nonamenable-September-23-2026/paper.pdf	Thompsons-group-F-is-nonamenable-September-23-2026/build/main.tex	1	7	1	4	5	0	9	10	1	36389
Threshold-parallel-repetition-for-finite-dimensional-entangled-games-September-25-2026	277	preprints/Threshold-parallel-repetition-for-finite-dimensional-entangled-games-September-25-2026/paper.pdf	Threshold-parallel-repetition-for-finite-dimensional-entangled-games-September-25-2026/build/main.tex	1	8	1	6	12	0	11	12	1	58718
Topological-triviality-of-mu-constant-families-of-surface-singularities-September-24-2026	064	preprints/Topological-triviality-of-mu-constant-families-of-surface-singularities-September-24-2026/main.pdf	Topological-triviality-of-mu-constant-families-of-surface-singularities-September-24-2026/build/main.tex	1	18	1	12	12	0	32	33	1	131915
Tracial-projection-methods-and-uniform-property-Gamma-September-23-2026	291	preprints/Tracial-projection-methods-and-uniform-property-Gamma-September-23-2026/paper.pdf	Tracial-projection-methods-and-uniform-property-Gamma-September-23-2026/build/main.tex	1	18	1	16	16	0	48	50	1	180616
Translative-covering-densities-of-order-n-log-n-September-23-2026	092	preprints/Translative-covering-densities-of-order-n-log-n-September-23-2026/paper.pdf	Translative-covering-densities-of-order-n-log-n-September-23-2026/build/paper.tex	1	13	1	10	10	0	17	17	1	91170
Tree-Constructions-for-the-l1-Distortion-of-Binary-Edit-Distance-September-27-2026	099	preprints/Tree-Constructions-for-the-l1-Distortion-of-Binary-Edit-Distance-September-27-2026/paper.pdf	Tree-Constructions-for-the-l1-Distortion-of-Binary-Edit-Distance-September-27-2026/build/main.tex	1	10	0	7	17	0	17	19	1	74978
Triangular-minimality-for-planar-Coulomb-renormalized-energy-September-23-2026	090	preprints/Triangular-minimality-for-planar-Coulomb-renormalized-energy-September-23-2026/paper.pdf	Triangular-minimality-for-planar-Coulomb-renormalized-energy-September-23-2026/build/main.tex	1	11	1	9	37	0	20	20	1	147512
Triple-ergodic-averages-with-distinct-integer-slopes-October-4-2026	154	preprints/Triple-ergodic-averages-with-distinct-integer-slopes-October-4-2026/triple-ergodic-distinct-slopes.pdf	Triple-ergodic-averages-with-distinct-integer-slopes-October-4-2026/build/main.tex	1	8	0	6	26	0	18	20	1	161021
Turn-Based-Stochastic-Mean-Payoff-Games-in-Deterministic-Quasipolynomial-Time-October-5-2026	104	preprints/Turn-Based-Stochastic-Mean-Payoff-Games-in-Deterministic-Quasipolynomial-Time-October-5-2026/stochastic-mean-payoff-games.pdf	Turn-Based-Stochastic-Mean-Payoff-Games-in-Deterministic-Quasipolynomial-Time-October-5-2026/build/build/main.tex	1	6	1	4	14	0	12	13	1	64731
Two-step-monodromy-of-special-quasi-projective-varieties-September-24-2026	057	preprints/Two-step-monodromy-of-special-quasi-projective-varieties-September-24-2026/paper.pdf	Two-step-monodromy-of-special-quasi-projective-varieties-September-24-2026/build/main.tex	1	10	1	8	14	0	3	6	1	63748
Ultraflat-real-Littlewood-polynomials-October-5-2026	076	preprints/Ultraflat-real-Littlewood-polynomials-October-5-2026/ultraflat-real-littlewood-polynomials.pdf	Ultraflat-real-Littlewood-polynomials-October-5-2026/build/main.tex	1	7	1	6	7	0	8	10	1	49358
Unbounded-Violations-of-the-Square-Root-Degree-Bound-September-26-2026	192	preprints/Unbounded-Violations-of-the-Square-Root-Degree-Bound-September-26-2026/Unbounded-Violations-of-the-Square-Root-Degree-Bound-September-26-2026.pdf	Unbounded-Violations-of-the-Square-Root-Degree-Bound-September-26-2026/build/main.tex	1	9	0	7	15	0	10	11	1	71875
Unconditional-time-lower-bounds-for-Weisfeiler-Leman-equivalence-September-25-2026	133	preprints/Unconditional-time-lower-bounds-for-Weisfeiler-Leman-equivalence-September-25-2026/paper.pdf	Unconditional-time-lower-bounds-for-Weisfeiler-Leman-equivalence-September-25-2026/build/main.tex	1	7	0	6	12	0	15	16	1	102671
Uniform-Bi-Holder-Transport-from-Weak-MTW-September-25-2026	360	preprints/Uniform-Bi-Holder-Transport-from-Weak-MTW-September-25-2026/paper.pdf	Uniform-Bi-Holder-Transport-from-Weak-MTW-September-25-2026/build/main.tex	1	7	1	6	20	0	25	34	1	127427
Uniform-Cartier-sections-for-Fano-type-contractions-September-25-2026	066	preprints/Uniform-Cartier-sections-for-Fano-type-contractions-September-25-2026/Uniform-Cartier-sections-for-Fano-type-contractions-September-25-2026.pdf	Uniform-Cartier-sections-for-Fano-type-contractions-September-25-2026/build/main.tex	1	10	1	9	40	0	62	62	1	396324
Uniform-Interior-C1alpha-Estimates-for-Infinity-Harmonic-Functions-October-4-2026	377	preprints/Uniform-Interior-C1alpha-Estimates-for-Infinity-Harmonic-Functions-October-4-2026/interior-c1-infinity-harmonic.pdf	Uniform-Interior-C1alpha-Estimates-for-Infinity-Harmonic-Functions-October-4-2026/build/manuscript/main.tex	1	12	0	8	16	0	27	28	1	159525
Uniform-Matrix-Hitting-Points-in-Every-Positive-Characteristic-October-4-2026	116	preprints/Uniform-Matrix-Hitting-Points-in-Every-Positive-Characteristic-October-4-2026/uniform-matrix-hitting-points-positive-characteristic.pdf	Uniform-Matrix-Hitting-Points-in-Every-Positive-Characteristic-October-4-2026/build/main.tex	1	6	1	5	6	0	9	9	1	43099
Uniform-Permanence-in-Weakly-Reversible-Mass-Action-Systems-October-5-2026	149	preprints/Uniform-Permanence-in-Weakly-Reversible-Mass-Action-Systems-October-5-2026/permanence.pdf	Uniform-Permanence-in-Weakly-Reversible-Mass-Action-Systems-October-5-2026/build/main.tex	1	6	1	4	3	0	6	6	1	43153
Uniform-Pluricanonical-Iitaka-Fibrations-October-3-2026	034	preprints/Uniform-Pluricanonical-Iitaka-Fibrations-October-3-2026/paper.pdf	Uniform-Pluricanonical-Iitaka-Fibrations-October-3-2026/build/main.tex	1	10	0	9	21	0	23	27	1	168240
Uniform-Stability-of-the-Spherical-Laughlin-Gap-October-5-2026	269	preprints/Uniform-Stability-of-the-Spherical-Laughlin-Gap-October-5-2026/uniform-stability-spherical-laughlin-gap.pdf	Uniform-Stability-of-the-Spherical-Laughlin-Gap-October-5-2026/build/paper.tex	1	201	0	10	33	5	46	47	1	2989884
Uniform-computation-of-the-squared-logarithmic-k-server-bound-September-24-2026	110	preprints/Uniform-computation-of-the-squared-logarithmic-k-server-bound-September-24-2026/Uniform-computation-of-the-squared-logarithmic-k-server-bound-September-24-2026.pdf	Uniform-computation-of-the-squared-logarithmic-k-server-bound-September-24-2026/build/source/main.tex	1	8	1	5	7	0	9	10	1	59241
Uniform-effective-log-Iitaka-fibrations-for-fourfolds-September-26-2026	034	preprints/Uniform-effective-log-Iitaka-fibrations-for-fourfolds-September-26-2026/paper.pdf	Uniform-effective-log-Iitaka-fibrations-for-fourfolds-September-26-2026/build/main.tex	1	12	0	10	14	0	26	29	1	198445
Uniform-excess-charge-for-Coulomb-molecules-and-the-outer-radius-of-neutral-atoms-September-24-2026	263	preprints/Uniform-excess-charge-for-Coulomb-molecules-and-the-outer-radius-of-neutral-atoms-September-24-2026/paper.pdf	Uniform-excess-charge-for-Coulomb-molecules-and-the-outer-radius-of-neutral-atoms-September-24-2026/build/main.tex	1	18	1	15	33	0	51	52	1	271223
Uniform-exclusion-of-Landau-Siegel-zeros-October-1-2026	003	preprints/Uniform-exclusion-of-Landau-Siegel-zeros-October-1-2026/paper.pdf	Uniform-exclusion-of-Landau-Siegel-zeros-October-1-2026/build/paper.tex	1	1	0	6	4	0	5	6	1	31166
Uniform-indices-for-semi-log-canonical-log-Calabi-Yau-pairs-October-5-2026	034	preprints/Uniform-indices-for-semi-log-canonical-log-Calabi-Yau-pairs-October-5-2026/uniform-slc-index.pdf	Uniform-indices-for-semi-log-canonical-log-Calabi-Yau-pairs-October-5-2026/build/main.tex	1	11	1	7	21	0	18	24	1	140570
Uniform-log-Iitaka-fibrations-and-bounded-moduli-denominators-October-4-2026	034	preprints/Uniform-log-Iitaka-fibrations-and-bounded-moduli-denominators-October-4-2026/uniform-log-iitaka.pdf	Uniform-log-Iitaka-fibrations-and-bounded-moduli-denominators-October-4-2026/build/main.tex	1	11	0	8	15	0	26	29	1	116711
Uniform-marked-polygon-estimates-and-sharp-finite-bridge-moments-September-26-2026	237	preprints/Uniform-marked-polygon-estimates-and-sharp-finite-bridge-moments-September-26-2026/main.pdf	Uniform-marked-polygon-estimates-and-sharp-finite-bridge-moments-September-26-2026/build/main.tex	1	19	0	10	36	0	28	33	1	415060
Uniform-quasipolynomial-time-trace-reconstruction-October-5-2026	122	preprints/Uniform-quasipolynomial-time-trace-reconstruction-October-5-2026/uniform-trace-reconstruction.pdf	Uniform-quasipolynomial-time-trace-reconstruction-October-5-2026/build/manuscript/main.tex	1	8	0	5	18	0	10	12	1	95870
Uniform-real-Lipschitz-surfaces-on-the-triangular-lattice-October-6-2026	232	preprints/Uniform-real-Lipschitz-surfaces-on-the-triangular-lattice-October-6-2026/paper.pdf	Uniform-real-Lipschitz-surfaces-on-the-triangular-lattice-October-6-2026/build/paper.tex	1	10	0	11	38	0	68	69	1	442481
Uniformization-of-complete-Kahler-manifolds-with-positive-bisectional-curvature-September-23-2026	338	preprints/Uniformization-of-complete-Kahler-manifolds-with-positive-bisectional-curvature-September-23-2026/paper.pdf	Uniformization-of-complete-Kahler-manifolds-with-positive-bisectional-curvature-September-23-2026/build/main.tex	1	12	0	9	40	0	29	32	1	283372
Unitarizability-Implies-Amenability-for-Countable-Groups-September-23-2026	251	preprints/Unitarizability-Implies-Amenability-for-Countable-Groups-September-23-2026/paper.pdf	Unitarizability-Implies-Amenability-for-Countable-Groups-September-23-2026/build/main.tex	1	7	1	6	4	0	12	10	1	53677
Universal-Computation-with-Eventually-Stationary-Navier-Stokes-Forcing-September-27-2026	376	preprints/Universal-Computation-with-Eventually-Stationary-Navier-Stokes-Forcing-September-27-2026/manuscript.pdf	Universal-Computation-with-Eventually-Stationary-Navier-Stokes-Forcing-September-27-2026/build/main.tex	1	1	1	6	3	0	9	9	1	49286
Universal-Tensor-Squares-for-Symmetric-Groups-September-24-2026	205	preprints/Universal-Tensor-Squares-for-Symmetric-Groups-September-24-2026/main.pdf	Universal-Tensor-Squares-for-Symmetric-Groups-September-24-2026/build/main.tex	1	10	0	10	21	0	29	30	1	124612
Universal-cover-splitting-for-compact-Kahler-manifolds-September-23-2026	052	preprints/Universal-cover-splitting-for-compact-Kahler-manifolds-September-23-2026/paper.pdf	Universal-cover-splitting-for-compact-Kahler-manifolds-September-23-2026/build/main.tex	1	15	0	11	10	0	31	31	1	120820
Universal-optimality-of-the-triangular-lattice-September-23-2026	090	preprints/Universal-optimality-of-the-triangular-lattice-September-23-2026/paper.pdf	Universal-optimality-of-the-triangular-lattice-September-23-2026/build/main.tex	1	12	1	11	34	0	25	25	1	225940
Universal-strong-Kadison-Kastler-stability-September-23-2026	289	preprints/Universal-strong-Kadison-Kastler-stability-September-23-2026/paper.pdf	Universal-strong-Kadison-Kastler-stability-September-23-2026/build/main.tex	1	12	1	10	32	0	48	51	1	217236
Universality-of-critical-quench-autocorrelations-in-the-Sherrington-Kirkpatrick-model-October-5-2026	227	preprints/Universality-of-critical-quench-autocorrelations-in-the-Sherrington-Kirkpatrick-model-October-5-2026/main.pdf	Universality-of-critical-quench-autocorrelations-in-the-Sherrington-Kirkpatrick-model-October-5-2026/build/main.tex	1	11	1	10	28	0	45	48	1	398275
Unrestricted-pro-modularity-at-the-prime-two-October-6-2026	010	preprints/Unrestricted-pro-modularity-at-the-prime-two-October-6-2026/two-adic-promodularity.pdf	Unrestricted-pro-modularity-at-the-prime-two-October-6-2026/build/source/main.tex	1	7	1	6	17	0	19	20	1	103250
Vanishing-of-higher-bounded-Hochschild-cohomology-September-23-2026	295	preprints/Vanishing-of-higher-bounded-Hochschild-cohomology-September-23-2026/paper.pdf	Vanishing-of-higher-bounded-Hochschild-cohomology-September-23-2026/build/paper.tex	1	9	1	5	16	0	16	17	1	97733
Variable-dimension-Weisfeiler-Leman-equivalence-on-general-and-subcubic-graphs-September-25-2026	133	preprints/Variable-dimension-Weisfeiler-Leman-equivalence-on-general-and-subcubic-graphs-September-25-2026/paper.pdf	Variable-dimension-Weisfeiler-Leman-equivalence-on-general-and-subcubic-graphs-September-25-2026/build/main.tex	1	15	1	8	17	0	27	27	1	149041
Variance-of-the-Random-k-SAT-Hitting-Time-September-27-2026	235	preprints/Variance-of-the-Random-k-SAT-Hitting-Time-September-27-2026/article.pdf	Variance-of-the-Random-k-SAT-Hitting-Time-September-27-2026/build/source/paper.tex	1	12	1	11	21	0	29	29	1	112405
Velocity-Field-Detection-of-Computation-in-Forced-Navier-Stokes-Flows-September-27-2026	376	preprints/Velocity-Field-Detection-of-Computation-in-Forced-Navier-Stokes-Flows-September-27-2026/manuscript.pdf	Velocity-Field-Detection-of-Computation-in-Forced-Navier-Stokes-Flows-September-27-2026/build/main.tex	1	3	1	6	11	0	4	6	1	61168
Virasoro-Constraints-for-Projective-Complete-Intersections-September-24-2026	065	preprints/Virasoro-Constraints-for-Projective-Complete-Intersections-September-24-2026/article.pdf	Virasoro-Constraints-for-Projective-Complete-Intersections-September-24-2026/build/main.tex	1	10	1	8	29	0	33	34	1	182626
Virasoro-Constraints-under-Projectivization-October-5-2026	065	preprints/Virasoro-Constraints-under-Projectivization-October-5-2026/virasoro-constraints-under-projectivization.pdf	Virasoro-Constraints-under-Projectivization-October-5-2026/build/paper.tex	1	11	0	8	24	0	27	28	1	141793
Virtual-compact-specialness-of-hyperbolic-one-relator-groups-September-25-2026	258	preprints/Virtual-compact-specialness-of-hyperbolic-one-relator-groups-September-25-2026/paper.pdf	Virtual-compact-specialness-of-hyperbolic-one-relator-groups-September-25-2026/build/source/main.tex	1	20	0	18	69	0	135	135	1	576190
Weak-Hessian-bounds-along-every-geodesic-in-RCD-spaces-September-24-2026	356	preprints/Weak-Hessian-bounds-along-every-geodesic-in-RCD-spaces-September-24-2026/weak-hessian-geodesics.pdf	Weak-Hessian-bounds-along-every-geodesic-in-RCD-spaces-September-24-2026/build/main.tex	1	7	1	6	5	0	4	4	1	36333
Weak-and-strong-normalization-in-pure-type-systems-September-25-2026	245	preprints/Weak-and-strong-normalization-in-pure-type-systems-September-25-2026/paper.pdf	Weak-and-strong-normalization-in-pure-type-systems-September-25-2026/build/paper.tex	1	11	1	10	34	0	59	59	1	269155
Weak-mixing-of-triangular-billiards-with-an-irrational-angle-October-5-2026	150	preprints/Weak-mixing-of-triangular-billiards-with-an-irrational-angle-October-5-2026/weak-mixing-triangular-billiards.pdf	Weak-mixing-of-triangular-billiards-with-an-irrational-angle-October-5-2026/build/main.tex	1	6	1	5	0	0	7	7	1	42856
Weak-pure-infiniteness-and-O-infinity-absorption-September-25-2026	303	preprints/Weak-pure-infiniteness-and-O-infinity-absorption-September-25-2026/paper.pdf	Weak-pure-infiniteness-and-O-infinity-absorption-September-25-2026/build/manuscript.tex	1	12	1	9	12	0	38	38	1	178376
Weighted-Dilation-Graphs-Smooth-Shifted-Primes-and-Totient-Fibers-September-24-2026	011	preprints/Weighted-Dilation-Graphs-Smooth-Shifted-Primes-and-Totient-Fibers-September-24-2026/paper.pdf	Weighted-Dilation-Graphs-Smooth-Shifted-Primes-and-Totient-Fibers-September-24-2026/build/paper.tex	1	10	1	8	39	0	27	32	1	224805
Weil-classes-and-Hodge-classes-on-abelian-powers-October-6-2026	032	preprints/Weil-classes-and-Hodge-classes-on-abelian-powers-October-6-2026/paper.pdf	Weil-classes-and-Hodge-classes-on-abelian-powers-October-6-2026/build/paper.tex	1	1	0	8	31	28	49	49	1	367971
Witnessed-symmetric-choice-is-strictly-stronger-than-choiceless-polynomial-time-with-counting-September-24-2026	243	preprints/Witnessed-symmetric-choice-is-strictly-stronger-than-choiceless-polynomial-time-with-counting-September-24-2026/paper.pdf	Witnessed-symmetric-choice-is-strictly-stronger-than-choiceless-polynomial-time-with-counting-September-24-2026/build/main.tex	1	11	1	9	29	0	30	30	1	157753
Zero-Plane-Rigidity-for-Einstein-Four-Manifolds-October-4-2026	348	preprints/Zero-Plane-Rigidity-for-Einstein-Four-Manifolds-October-4-2026/einstein-boundary.pdf	Zero-Plane-Rigidity-for-Einstein-Four-Manifolds-October-4-2026/build/paper.tex	1	11	0	8	24	0	32	34	1	139102
a-torsion-free-hyperbolic-group-that-is-not-residually-finite-September-23-2026	252	preprints/a-torsion-free-hyperbolic-group-that-is-not-residually-finite-September-23-2026/paper.pdf	a-torsion-free-hyperbolic-group-that-is-not-residually-finite-September-23-2026/build/paper.tex	1	5	1	4	12	0	11	13	1	71591
ample-rank-two-bundles-on-the-quadric-surface-without-griffiths-positive-metrics-September-24-2026	050	preprints/ample-rank-two-bundles-on-the-quadric-surface-without-griffiths-positive-metrics-September-24-2026/paper.pdf	ample-rank-two-bundles-on-the-quadric-surface-without-griffiths-positive-metrics-September-24-2026/build/paper.tex	1	7	1	6	6	0	10	10	1	56335
quantitative-lower-bounds-for-trace-reconstruction-September-24-2026	122	preprints/quantitative-lower-bounds-for-trace-reconstruction-September-24-2026/paper.pdf	quantitative-lower-bounds-for-trace-reconstruction-September-24-2026/build/main.tex	1	12	1	8	27	0	13	17	1	136211
quasi-isometric-recognition-of-virtually-polycyclic-groups-September-24-2026	255	preprints/quasi-isometric-recognition-of-virtually-polycyclic-groups-September-24-2026/paper.pdf	quasi-isometric-recognition-of-virtually-polycyclic-groups-September-24-2026/build/main.tex	1	14	1	12	31	0	47	47	1	251742
the-additive-indecomposability-of-the-primes-September-24-2026	013	preprints/the-additive-indecomposability-of-the-primes-September-24-2026/paper.pdf	the-additive-indecomposability-of-the-primes-September-24-2026/build/paper.tex	1	11	1	9	41	0	11	16	1	267783
two-limit-cycles-for-quintic-lienard-systems-September-24-2026	143	preprints/two-limit-cycles-for-quintic-lienard-systems-September-24-2026/two-limit-cycles-for-quintic-lienard-systems-September-24-2026.pdf	two-limit-cycles-for-quintic-lienard-systems-September-24-2026/build/paper.tex	1	10	0	7	16	0	21	22	1	126366
uniform-bounds-for-planar-polynomial-limit-cycles-September-24-2026	143	preprints/uniform-bounds-for-planar-polynomial-limit-cycles-September-24-2026/uniform-bounds-for-planar-polynomial-limit-cycles-September-24-2026.pdf	uniform-bounds-for-planar-polynomial-limit-cycles-September-24-2026/build/main.tex	1	18	1	11	61	12	68	73	1	826229
