fam	discipline	disc_slug	title	slug	page	tier	paps	paps_form	chal	mainres	decl_count	scope_note	scope_chars	verification	inputs	covmd	trace	shapes	conditional	resolves_named	counterex_broad	companions	summary	lean_files	cite_out	cite_in	topics
001	Number theory	number-theory	Milne's rationality conjecture	milnes-rationality-conjecture	number-theory/001-milnes-rationality-conjecture.md	T0	1	0	0	0	0	0	0	0	0	0		classification|uniform	0	1	0	032	1	0	0	1	3
002	Number theory	number-theory	The full Birch--Swinnerton-Dyer formula in Selmer coranks zero and one	full-birch-swinnerton-dyer-formula-in-selmer-coranks-zero-and-one	number-theory/002-full-birch-swinnerton-dyer-formula-in-selmer-coranks-zero-and-one.md	T0	3	0	0	0	0	0	0	0	0	0		density|uniform	0	0	0	006	1	0	1	3	4
003	Number theory	number-theory	The quasi-Riemann hypothesis	quasi-riemann-hypothesis	number-theory/003-quasi-riemann-hypothesis.md	T3	3	2	4	4	4	1	964	0	0	0		resolution|uniform	0	0	0		0	3	0	2	2
004	Number theory	number-theory	Hilbert's tenth problem over $\mathbb Q$	hilberts-tenth-problem-over-q	number-theory/004-hilberts-tenth-problem-over-q.md	T0	2	0	0	0	0	0	0	0	0	0		resolution|undecidability|uniform	0	1	1		1	0	4	2	3
005	Number theory	number-theory	Irrationality of Catalan's constant	irrationality-of-catalans-constant	number-theory/005-irrationality-of-catalans-constant.md	T2	1	0	1	0	0	1	159	0	0	0			0	0	0		0	0	0	0	1
006	Number theory	number-theory	Goldfeld's conjecture	goldfelds-conjecture	number-theory/006-goldfelds-conjecture.md	T0	2	0	0	0	0	0	0	0	0	0		density	0	1	0		1	0	3	4	3
007	Number theory	number-theory	Two-point Chowla and the corrected binary Elliott conjecture	two-point-chowla-and-the-corrected-binary-elliott-conjecture	number-theory/007-two-point-chowla-and-the-corrected-binary-elliott-conjecture.md	T2	1	0	2	0	0	1	599	0	0	0	ordinary-two-point-correlations	resolution|bound|uniform	0	1	0		1	0	0	0	1
008	Number theory	number-theory	The Deligne--Drinfeld conjecture	deligne-drinfeld-conjecture	number-theory/008-deligne-drinfeld-conjecture.md	T3	1	1	1	1	1	1	498	0	0	0		resolution	0	1	0		0	1	0	0	3
009	Number theory	number-theory	Bogomolov--Pop and Milnor $K$-theoretic reconstruction	bogomolov-pop-and-milnor-k-theoretic-reconstruction	number-theory/009-bogomolov-pop-and-milnor-k-theoretic-reconstruction.md	T2	3	0	1	0	0	1	687	0	0	0		classification	0	0	0		0	0	0	0	3
010	Number theory	number-theory	Fontaine--Mazur modularity at the prime $2$ and $2$-adic pro-modularity	fontaine-mazur-modularity-at-the-prime-2-and-2-adic-pro-modularity	number-theory/010-fontaine-mazur-modularity-at-the-prime-2-and-2-adic-pro-modularity.md	T0	3	0	0	0	0	0	0	0	0	0		resolution	0	0	0		1	0	3	3	3
011	Number theory	number-theory	The Ford--Konyagin--Luca conjecture on prime predecessors	ford-konyagin-luca-conjecture-on-prime-predecessors	number-theory/011-ford-konyagin-luca-conjecture-on-prime-predecessors.md	T0	3	0	0	0	0	0	0	0	0	0		resolution|uniform	0	1	0		1	0	2	3	3
012	Number theory	number-theory	Independent largest prime factors of consecutive integers	independent-largest-prime-factors-of-consecutive-integers	number-theory/012-independent-largest-prime-factors-of-consecutive-integers.md	T2	1	0	1	0	0	1	397	0	0	0		resolution|density	0	1	0		0	0	0	0	1
013	Number theory	number-theory	Ostmann's inverse Goldbach conjecture	ostmanns-inverse-goldbach-conjecture	number-theory/013-ostmanns-inverse-goldbach-conjecture.md	T2	1	0	2	0	0	1	424	0	0	0		resolution	0	1	0		0	0	1	0	2
014	Number theory	number-theory	Restricted geometric Langlands, generic Ramanujan and Arthur parameters	restricted-geometric-langlands-generic-ramanujan-and-arthur-parameters	number-theory/014-restricted-geometric-langlands-generic-ramanujan-and-arthur-parameters.md	T0	8	0	0	0	0	0	0	0	0	0		classification|partial|uniform|conditional	1	0	0		1	0	2	2	6
015	Number theory	number-theory	Torus-packet equidistribution in prime, quartic, and sextic degrees	torus-packet-equidistribution-in-prime-quartic-and-sextic-degrees	number-theory/015-torus-packet-equidistribution-in-prime-quartic-and-sextic-degrees.md	T2	3	0	1	0	0	1	435	0	0	0		uniform	0	0	0		0	0	3	3	1
016	Number theory	number-theory	Zilber--Pink in abelian varieties and the Siegel threefold	zilber-pink-in-abelian-varieties-and-the-siegel-threefold	number-theory/016-zilber-pink-in-abelian-varieties-and-the-siegel-threefold.md	T0	4	0	0	0	0	0	0	0	0	0		resolution|bound	0	1	0		1	0	2	2	3
017	Number theory	number-theory	The irrationality exponent of $\pi$ is $2$	irrationality-exponent-of-is-2	number-theory/017-irrationality-exponent-of-is-2.md	T2	1	0	1	0	0	1	412	0	0	0	irrationality-exponent-of-pi	uniform	0	0	0		1	0	0	0	1
018	Number theory	number-theory	The Margulis--Platonov conjecture over global fields	margulis-platonov-conjecture-over-global-fields	number-theory/018-margulis-platonov-conjecture-over-global-fields.md	T0	2	0	0	0	0	0	0	0	0	0		resolution|classification	0	1	0		1	0	1	1	4
019	Number theory	number-theory	The $p$-adic section conjecture	p-adic-section-conjecture	number-theory/019-p-adic-section-conjecture.md	T0	2	0	0	0	0	0	0	0	0	0			0	1	0		1	0	1	0	6
020	Number theory	number-theory	Squarefree quartics and power-free polynomial values	squarefree-quartics-and-power-free-polynomial-values	number-theory/020-squarefree-quartics-and-power-free-polynomial-values.md	T3	1	1	1	1	1	1	489	0	0	0		resolution|density	0	1	0		0	1	0	0	1
021	Number theory	number-theory	A quadratic bound for Jacobsthal's function	a-quadratic-bound-for-jacobsthals-function	number-theory/021-a-quadratic-bound-for-jacobsthals-function.md	T3	1	1	2	1	1	1	451	0	0	0		resolution|bound|partial|uniform	0	1	0		0	1	0	0	1
022	Number theory	number-theory	The weak inhomogeneous Duffin--Schaeffer conjecture	weak-inhomogeneous-duffin-schaeffer-conjecture	number-theory/022-weak-inhomogeneous-duffin-schaeffer-conjecture.md	T0	1	0	0	0	0	0	0	0	0	0		uniform	0	1	0		0	0	0	0	1
023	Number theory	number-theory	Patterson’s first moment for cubic Gauss sums	pattersons-first-moment-for-cubic-gauss-sums	number-theory/023-pattersons-first-moment-for-cubic-gauss-sums.md	T2	1	0	1	0	0	1	496	0	0	0		partial	0	0	0		0	0	0	0	2
024	Number theory	number-theory	An asymptotic formula for the number of totients	an-asymptotic-formula-for-the-number-of-totients	number-theory/024-an-asymptotic-formula-for-the-number-of-totients.md	T2	1	0	2	0	0	1	700	0	0	0		bound|uniform	0	1	0		0	0	1	0	1
025	Number theory	number-theory	Erd\H{o}s’s short Egyptian-fraction conjecture	erdoss-short-egyptian-fraction-conjecture	number-theory/025-erdoss-short-egyptian-fraction-conjecture.md	T3	1	1	2	1	3	1	805	0	0	0		resolution	0	1	0		0	1	0	0	1
026	Number theory	number-theory	Positive lower density of large prime gaps	positive-lower-density-of-large-prime-gaps	number-theory/026-positive-lower-density-of-large-prime-gaps.md	T2	1	0	1	0	0	1	352	0	0	0		density|uniform	0	0	0		0	0	0	0	1
027	Number theory	number-theory	Integral density on curve character varieties	integral-density-on-curve-character-varieties	number-theory/027-integral-density-on-curve-character-varieties.md	T0	1	0	0	0	0	0	0	0	0	0		resolution|bound|density|uniform	0	1	0		0	0	0	0	4
028	Number theory	number-theory	The Gaussian moat conjecture	gaussian-moat-conjecture	number-theory/028-gaussian-moat-conjecture.md	T3	1	1	1	1	1	1	460	0	0	0		resolution|bound|partial|uniform	0	1	0		0	1	0	0	3
029	Number theory	number-theory	Artin's primitive root conjecture: infinitude for every base	artins-primitive-root-conjecture-infinitude-for-every-base	number-theory/029-artins-primitive-root-conjecture-infinitude-for-every-base.md	T0	2	0	0	0	0	0	0	0	0	0		resolution|uniform	0	1	0		0	0	0	0	1
030	Number theory	number-theory	Modularity over imaginary quadratic fields	modularity-over-imaginary-quadratic-fields	number-theory/030-modularity-over-imaginary-quadratic-fields.md	T0	1	0	0	0	0	0	0	0	0	0		resolution	0	1	0		0	0	0	0	3
031	Number theory	number-theory	Uchida's conjecture for open Galois homomorphisms	uchidas-conjecture-for-open-galois-homomorphisms	number-theory/031-uchidas-conjecture-for-open-galois-homomorphisms.md	T0	1	0	0	0	0	0	0	0	0	0			0	1	0		0	0	0	0	2
032	Algebraic and complex geometry	algebraic-and-complex-geometry	The rational Hodge conjecture for CM abelian varieties and products of K3 surfaces	rational-hodge-conjecture-for-cm-abelian-varieties-and-products-of-k3-surfaces	algebraic-and-complex-geometry/032-rational-hodge-conjecture-for-cm-abelian-varieties-and-products-of-k3-surfaces.md	T0	8	0	0	0	0	0	0	0	0	0		resolution|classification|uniform	0	1	0		1	0	5	4	3
033	Algebraic and complex geometry	algebraic-and-complex-geometry	Campana's orbifold Iitaka conjecture and logarithmic subadditivity	campanas-orbifold-iitaka-conjecture-and-logarithmic-subadditivity	algebraic-and-complex-geometry/033-campanas-orbifold-iitaka-conjecture-and-logarithmic-subadditivity.md	T2	5	0	1	0	0	1	675	0	0	0		bound	0	1	0		0	0	9	12	4
034	Algebraic and complex geometry	algebraic-and-complex-geometry	Log abundance and effective Iitaka fibrations	log-abundance-and-effective-iitaka-fibrations	algebraic-and-complex-geometry/034-log-abundance-and-effective-iitaka-fibrations.md	T0	14	0	0	0	0	0	0	0	0	0		resolution|bound|classification|uniform	0	1	0		0	0	17	19	2
035	Algebraic and complex geometry	algebraic-and-complex-geometry	Threefold log abundance in numerical dimension one in characteristic $p>3$	threefold-log-abundance-in-numerical-dimension-one-in-characteristic-p-3	algebraic-and-complex-geometry/035-threefold-log-abundance-in-numerical-dimension-one-in-characteristic-p-3.md	T0	2	0	0	0	0	0	0	0	0	0		bound|classification	0	0	0		0	0	0	0	1
036	Algebraic and complex geometry	algebraic-and-complex-geometry	Numerical semiampleness and generalized minimal models	numerical-semiampleness-and-generalized-minimal-models	algebraic-and-complex-geometry/036-numerical-semiampleness-and-generalized-minimal-models.md	T0	4	0	0	0	0	0	0	0	0	0		classification	0	0	0		0	0	7	5	3
037	Algebraic and complex geometry	algebraic-and-complex-geometry	The sharp ordinary-double-point volume gap	sharp-ordinary-double-point-volume-gap	algebraic-and-complex-geometry/037-sharp-ordinary-double-point-volume-gap.md	T0	2	0	0	0	0	0	0	0	0	0		resolution|bound|partial	0	1	0		0	0	1	2	1
038	Algebraic and complex geometry	algebraic-and-complex-geometry	Fujita's freeness conjecture	fujitas-freeness-conjecture	algebraic-and-complex-geometry/038-fujitas-freeness-conjecture.md	T0	1	0	0	0	0	0	0	0	0	0		bound|uniform	0	1	0		0	0	0	1	1
039	Algebraic and complex geometry	algebraic-and-complex-geometry	Nagata's conjecture and maximal Seshadri constants	nagatas-conjecture-and-maximal-seshadri-constants	algebraic-and-complex-geometry/039-nagatas-conjecture-and-maximal-seshadri-constants.md	T3	4	2	2	2	2	1	1231	0	0	0		bound|classification|uniform	0	1	0		0	2	4	4	5
040	Algebraic and complex geometry	algebraic-and-complex-geometry	Bloch's conjecture for complex surfaces	blochs-conjecture-for-complex-surfaces	algebraic-and-complex-geometry/040-blochs-conjecture-for-complex-surfaces.md	T0	1	0	0	0	0	0	0	0	0	0		uniform	0	1	0		0	0	0	0	3
041	Algebraic and complex geometry	algebraic-and-complex-geometry	Hyperk\"ahler SYZ and projective-space bases	hyperk-ahler-syz-and-projective-space-bases	algebraic-and-complex-geometry/041-hyperk-ahler-syz-and-projective-space-bases.md	T0	2	0	0	0	0	0	0	0	0	0		resolution	0	1	0		0	0	2	2	5
042	Algebraic and complex geometry	algebraic-and-complex-geometry	Oka classification for K3 surfaces and other compact complex surfaces	oka-classification-for-k3-surfaces-and-other-compact-complex-surfaces	algebraic-and-complex-geometry/042-oka-classification-for-k3-surfaces-and-other-compact-complex-surfaces.md	T0	1	0	0	0	0	0	0	0	0	0			0	0	0		0	0	1	0	3
043	Algebraic and complex geometry	algebraic-and-complex-geometry	$P=W$ for fixed-determinant moduli spaces	p-w-for-fixed-determinant-moduli-spaces	algebraic-and-complex-geometry/043-p-w-for-fixed-determinant-moduli-spaces.md	T0	1	0	0	0	0	0	0	0	0	0			0	1	0		0	0	0	0	4
044	Algebraic and complex geometry	algebraic-and-complex-geometry	The equivariant cohomological Hikita conjecture for quivers	equivariant-cohomological-hikita-conjecture-for-quivers	algebraic-and-complex-geometry/044-equivariant-cohomological-hikita-conjecture-for-quivers.md	T0	1	0	0	0	0	0	0	0	0	0		uniform	0	1	0		0	0	0	0	3
046	Algebraic and complex geometry	algebraic-and-complex-geometry	Counterexamples to Shafarevich holomorphic convexity	counterexamples-to-shafarevich-holomorphic-convexity	algebraic-and-complex-geometry/046-counterexamples-to-shafarevich-holomorphic-convexity.md	T0	2	0	0	0	0	0	0	0	0	0		counterexample	0	0	1		0	0	2	1	5
047	Algebraic and complex geometry	algebraic-and-complex-geometry	Complex counterexamples to cancellation and affine fibrations	complex-counterexamples-to-cancellation-and-affine-fibrations	algebraic-and-complex-geometry/047-complex-counterexamples-to-cancellation-and-affine-fibrations.md	T3	1	1	1	1	1	1	450	0	0	0		resolution|counterexample	0	1	1		0	1	0	1	2
048	Algebraic and complex geometry	algebraic-and-complex-geometry	A characteristic-zero counterexample to Lipman--Zariski	a-characteristic-zero-counterexample-to-lipman-zariski	algebraic-and-complex-geometry/048-a-characteristic-zero-counterexample-to-lipman-zariski.md	T0	1	0	0	0	0	0	0	0	0	0		classification	0	1	1		0	0	0	0	3
049	Algebraic and complex geometry	algebraic-and-complex-geometry	A stable-coordinate counterexample in four variables	a-stable-coordinate-counterexample-in-four-variables	algebraic-and-complex-geometry/049-a-stable-coordinate-counterexample-in-four-variables.md	T3	2	1	2	2	2	1	676	0	0	0			0	1	1		0	2	1	0	1
050	Algebraic and complex geometry	algebraic-and-complex-geometry	A counterexample to Griffiths' positivity conjecture	a-counterexample-to-griffiths-positivity-conjecture	algebraic-and-complex-geometry/050-a-counterexample-to-griffiths-positivity-conjecture.md	T3	1	1	1	1	1	1	560	0	0	0			0	1	1		0	1	0	0	2
051	Algebraic and complex geometry	algebraic-and-complex-geometry	Kobayashi's canonical-ampleness conjecture	kobayashis-canonical-ampleness-conjecture	algebraic-and-complex-geometry/051-kobayashis-canonical-ampleness-conjecture.md	T0	1	0	0	0	0	0	0	0	0	0			0	1	0		0	0	2	0	4
052	Algebraic and complex geometry	algebraic-and-complex-geometry	Tangent-bundle splittings and universal covers	tangent-bundle-splittings-and-universal-covers	algebraic-and-complex-geometry/052-tangent-bundle-splittings-and-universal-covers.md	T3	2	1	2	1	1	1	1131	0	0	0			0	1	0		0	1	0	0	2
053	Algebraic and complex geometry	algebraic-and-complex-geometry	A counterexample to Pixton's original completeness conjecture	a-counterexample-to-pixtons-original-completeness-conjecture	algebraic-and-complex-geometry/053-a-counterexample-to-pixtons-original-completeness-conjecture.md	T0	1	0	0	0	0	0	0	0	0	0		counterexample	0	1	1		0	0	0	0	3
054	Algebraic and complex geometry	algebraic-and-complex-geometry	Counterexamples to Kuznetsov's rationality conjecture	counterexamples-to-kuznetsovs-rationality-conjecture	algebraic-and-complex-geometry/054-counterexamples-to-kuznetsovs-rationality-conjecture.md	T0	1	0	0	0	0	0	0	0	0	0		counterexample|uniform	0	1	1		0	0	0	0	3
055	Algebraic and complex geometry	algebraic-and-complex-geometry	Toda's Gepner conjecture and large-volume stability	todas-gepner-conjecture-and-large-volume-stability	algebraic-and-complex-geometry/055-todas-gepner-conjecture-and-large-volume-stability.md	T0	2	0	0	0	0	0	0	0	0	0		uniform	0	1	0		0	0	0	0	1
056	Algebraic and complex geometry	algebraic-and-complex-geometry	Termination of fourfold minimal model programs	termination-of-fourfold-minimal-model-programs	algebraic-and-complex-geometry/056-termination-of-fourfold-minimal-model-programs.md	T0	5	0	0	0	0	0	0	0	0	0		bound|classification|uniform	0	0	0		0	0	4	2	2
057	Algebraic and complex geometry	algebraic-and-complex-geometry	Campana's abelianity conjecture and special varieties	campanas-abelianity-conjecture-and-special-varieties	algebraic-and-complex-geometry/057-campanas-abelianity-conjecture-and-special-varieties.md	T0	3	0	0	0	0	0	0	0	1	0		partial	0	1	0		0	0	4	4	4
058	Algebraic and complex geometry	algebraic-and-complex-geometry	The Koll\'ar--Pardon universal-cover conjecture	koll-pardon-universal-cover-conjecture	algebraic-and-complex-geometry/058-koll-pardon-universal-cover-conjecture.md	T3	2	1	1	1	1	1	394	0	0	0		resolution|bound	0	1	0		0	1	2	2	1
059	Algebraic and complex geometry	algebraic-and-complex-geometry	Counterexamples to Zariski's multiplicity conjecture	counterexamples-to-zariskis-multiplicity-conjecture	algebraic-and-complex-geometry/059-counterexamples-to-zariskis-multiplicity-conjecture.md	T0	2	0	0	0	0	0	0	1	0	0		counterexample	0	1	1		0	0	2	1	2
060	Algebraic and complex geometry	algebraic-and-complex-geometry	The Global Spherical Shell conjecture	global-spherical-shell-conjecture	algebraic-and-complex-geometry/060-global-spherical-shell-conjecture.md	T0	1	0	0	0	0	0	0	0	0	0			0	1	0		0	0	0	2	3
062	Algebraic and complex geometry	algebraic-and-complex-geometry	The LeBrun--Salamon conjecture and projective contact classification	lebrun-salamon-conjecture-and-projective-contact-classification	algebraic-and-complex-geometry/062-lebrun-salamon-conjecture-and-projective-contact-classification.md	T0	1	0	0	0	0	0	0	0	0	0		resolution	0	1	0		0	0	0	0	4
063	Algebraic and complex geometry	algebraic-and-complex-geometry	The generalized Mukai conjecture	generalized-mukai-conjecture	algebraic-and-complex-geometry/063-generalized-mukai-conjecture.md	T0	1	0	0	0	0	0	0	0	0	0		resolution	0	1	0		0	0	0	0	4
064	Algebraic and complex geometry	algebraic-and-complex-geometry	The $\mu$-constant problem for surface singularities	constant-problem-for-surface-singularities	algebraic-and-complex-geometry/064-constant-problem-for-surface-singularities.md	T0	1	0	0	0	0	0	0	0	0	0		resolution|uniform	0	1	0		0	0	0	1	1
065	Algebraic and complex geometry	algebraic-and-complex-geometry	Virasoro constraints for complete intersections and projective bundles	virasoro-constraints-for-complete-intersections-and-projective-bundles	algebraic-and-complex-geometry/065-virasoro-constraints-for-complete-intersections-and-projective-bundles.md	T0	2	0	0	0	0	0	0	0	0	0		resolution|uniform	0	1	0		0	0	0	0	4
066	Algebraic and complex geometry	algebraic-and-complex-geometry	Bounded klt complements for Fano contractions	bounded-klt-complements-for-fano-contractions	algebraic-and-complex-geometry/066-bounded-klt-complements-for-fano-contractions.md	T0	2	0	0	0	0	0	0	0	0	0		bound|classification	0	1	0		0	0	4	4	1
067	Algebraic and complex geometry	algebraic-and-complex-geometry	The Campana--Peternell conjecture in dimension six	campana-peternell-conjecture-in-dimension-six	algebraic-and-complex-geometry/067-campana-peternell-conjecture-in-dimension-six.md	T0	1	0	0	0	0	0	0	1	0	0		resolution	0	1	0		0	0	0	0	1
068	Algebraic and complex geometry	algebraic-and-complex-geometry	Anticanonical nonvanishing under smooth semipositivity	anticanonical-nonvanishing-under-smooth-semipositivity	algebraic-and-complex-geometry/068-anticanonical-nonvanishing-under-smooth-semipositivity.md	T0	7	0	0	0	0	0	0	0	0	0			0	0	0		0	0	14	14	1
069	Algebraic and complex geometry	algebraic-and-complex-geometry	Quantum geometric Langlands at irrational level	quantum-geometric-langlands-at-irrational-level	algebraic-and-complex-geometry/069-quantum-geometric-langlands-at-irrational-level.md	T0	1	0	0	0	0	0	0	0	0	0		uniform	0	0	0		0	0	0	0	4
071	Real and complex analysis	real-and-complex-analysis	Koebe's circle-domain conjecture and circle-domain rigidity	koebes-circle-domain-conjecture-and-circle-domain-rigidity	real-and-complex-analysis/071-koebes-circle-domain-conjecture-and-circle-domain-rigidity.md	T2	2	0	1	0	0	1	890	0	0	0		resolution|bound	0	1	0		0	0	1	1	1
072	Real and complex analysis	real-and-complex-analysis	Brennan's conjecture and a counterexample to Kraetzer's prediction	brennans-conjecture-and-a-counterexample-to-kraetzers-prediction	real-and-complex-analysis/072-brennans-conjecture-and-a-counterexample-to-kraetzers-prediction.md	T3	2	2	3	3	3	1	1077	0	0	0		counterexample|bound|uniform	0	1	1		0	3	2	2	1
073	Real and complex analysis	real-and-complex-analysis	The Falconer distance conjecture	falconer-distance-conjecture	real-and-complex-analysis/073-falconer-distance-conjecture.md	T3	1	1	2	1	1	1	349	0	0	0		resolution	0	1	0		0	1	1	0	1
074	Real and complex analysis	real-and-complex-analysis	Kakeya in three and four dimensions	kakeya-in-three-and-four-dimensions	real-and-complex-analysis/074-kakeya-in-three-and-four-dimensions.md	T0	2	0	0	0	0	0	0	0	0	0		resolution|uniform	0	1	0		0	0	2	3	2
075	Real and complex analysis	real-and-complex-analysis	The $L\log L$ Fourier-convergence conjecture	l-l-fourier-convergence-conjecture	real-and-complex-analysis/075-l-l-fourier-convergence-conjecture.md	T0	1	0	0	0	0	0	0	0	0	0		resolution|partial	0	1	0		0	0	0	0	1
076	Real and complex analysis	real-and-complex-analysis	Ultraflat real Littlewood polynomials	ultraflat-real-littlewood-polynomials	real-and-complex-analysis/076-ultraflat-real-littlewood-polynomials.md	T3	3	1	2	1	1	1	575	0	0	0		bound|uniform	0	1	1		0	1	4	3	2
077	Real and complex analysis	real-and-complex-analysis	Fourier restriction for positively curved surfaces	fourier-restriction-for-positively-curved-surfaces	real-and-complex-analysis/077-fourier-restriction-for-positively-curved-surfaces.md	T0	2	0	0	0	0	0	0	0	0	0		resolution|bound|uniform	0	1	0		0	0	5	5	2
078	Real and complex analysis	real-and-complex-analysis	The three-dimensional Bochner--Riesz conjecture	three-dimensional-bochner-riesz-conjecture	real-and-complex-analysis/078-three-dimensional-bochner-riesz-conjecture.md	T0	1	0	0	0	0	0	0	0	0	0		resolution|bound|uniform	0	1	0		0	0	3	2	1
079	Real and complex analysis	real-and-complex-analysis	Sogge's local smoothing conjecture in dimension three	sogges-local-smoothing-conjecture-in-dimension-three	real-and-complex-analysis/079-sogges-local-smoothing-conjecture-in-dimension-three.md	T0	1	0	0	0	0	0	0	0	0	0		resolution	0	1	0		0	0	1	1	2
080	Real and complex analysis	real-and-complex-analysis	The Sobolev endpoint in Carleson's Schr\"odinger convergence problem	sobolev-endpoint-in-carlesons-schr-odinger-convergence-problem	real-and-complex-analysis/080-sobolev-endpoint-in-carlesons-schr-odinger-convergence-problem.md	T0	2	0	0	0	0	0	0	0	0	0		bound|uniform	0	1	0		0	0	1	1	1
081	Real and complex analysis	real-and-complex-analysis	The David--Semmes Riesz-transform problem in higher codimension	david-semmes-riesz-transform-problem-in-higher-codimension	real-and-complex-analysis/081-david-semmes-riesz-transform-problem-in-higher-codimension.md	T3	1	1	1	1	1	1	562	0	0	0		resolution|bound|uniform	0	1	0		0	1	0	0	3
082	Real and complex analysis	real-and-complex-analysis	Maximal and variational bounds for the triangular Hilbert transform	maximal-and-variational-bounds-for-the-triangular-hilbert-transform	real-and-complex-analysis/082-maximal-and-variational-bounds-for-the-triangular-hilbert-transform.md	T3	3	1	1	1	1	1	433	0	0	0		resolution|bound|uniform	0	0	0		0	1	1	1	1
083	Real and complex analysis	real-and-complex-analysis	Stein's conjecture for Hilbert transforms along Lipschitz directions	steins-conjecture-for-hilbert-transforms-along-lipschitz-directions	real-and-complex-analysis/083-steins-conjecture-for-hilbert-transforms-along-lipschitz-directions.md	T2	1	0	1	0	0	1	582	0	0	0		bound|uniform	0	1	0		0	0	0	0	1
084	Real and complex analysis	real-and-complex-analysis	The geometric case of the Erd\H{o}s similarity conjecture	geometric-case-of-the-erdos-similarity-conjecture	real-and-complex-analysis/084-geometric-case-of-the-erdos-similarity-conjecture.md	T2	2	0	1	0	0	1	375	0	0	0		resolution|uniform	0	1	0		0	0	0	0	1
085	Real and complex analysis	real-and-complex-analysis	Endpoint regularity of the planar centered maximal function	endpoint-regularity-of-the-planar-centered-maximal-function	real-and-complex-analysis/085-endpoint-regularity-of-the-planar-centered-maximal-function.md	T3	1	1	2	1	1	1	611	0	0	0		resolution|uniform	0	1	0		0	1	0	0	2
086	Real and complex analysis	real-and-complex-analysis	An $L^3$ bound for the trilinear Hilbert transform	an-l-3-bound-for-the-trilinear-hilbert-transform	real-and-complex-analysis/086-an-l-3-bound-for-the-trilinear-hilbert-transform.md	T0	1	0	0	0	0	0	0	0	0	0		resolution|bound	0	1	0		0	0	0	1	1
087	Convex and metric geometry	convex-and-metric-geometry	The Mahler conjectures and symplectic width	mahler-conjectures-and-symplectic-width	convex-and-metric-geometry/087-mahler-conjectures-and-symplectic-width.md	T3	3	2	4	3	3	1	1277	1	0	0	symmetric-and-general-mahler-conjectures	resolution|bound|classification	0	1	0		1	3	4	3	5
088	Convex and metric geometry	convex-and-metric-geometry	Petty's projection-volume conjecture and simplex counterexamples	pettys-projection-volume-conjecture-and-simplex-counterexamples	convex-and-metric-geometry/088-pettys-projection-volume-conjecture-and-simplex-counterexamples.md	T3	2	2	3	3	3	1	921	0	0	0		bound	0	1	1		0	3	0	0	1
089	Convex and metric geometry	convex-and-metric-geometry	Bounded-distortion $L_1$ embeddings of planar and bounded-treewidth graphs	bounded-distortion-l-1-embeddings-of-planar-and-bounded-treewidth-graphs	convex-and-metric-geometry/089-bounded-distortion-l-1-embeddings-of-planar-and-bounded-treewidth-graphs.md	T3	2	2	2	2	2	1	944	0	0	0		resolution|bound|uniform	0	1	0		0	2	1	1	2
090	Convex and metric geometry	convex-and-metric-geometry	Universal optimality of the triangular lattice	universal-optimality-of-the-triangular-lattice	convex-and-metric-geometry/090-universal-optimality-of-the-triangular-lattice.md	T2	4	0	4	0	0	1	1216	4	0	0		resolution|density|uniform	0	1	0		0	0	6	6	4
091	Convex and metric geometry	convex-and-metric-geometry	The logarithmic Brunn--Minkowski conjecture	logarithmic-brunn-minkowski-conjecture	convex-and-metric-geometry/091-logarithmic-brunn-minkowski-conjecture.md	T3	1	1	1	1	1	1	437	0	0	0		bound	0	1	0		0	1	0	0	2
092	Convex and metric geometry	convex-and-metric-geometry	The optimal order of convex-body covering density	optimal-order-of-convex-body-covering-density	convex-and-metric-geometry/092-optimal-order-of-convex-body-covering-density.md	T3	2	1	2	1	1	1	670	0	0	0		density|partial	0	0	0		0	1	1	1	2
093	Convex and metric geometry	convex-and-metric-geometry	Dimension-free logarithmic Sobolev inequality for subgaussian log-concave measures	dimension-free-logarithmic-sobolev-inequality-for-subgaussian-log-concave-measures	convex-and-metric-geometry/093-dimension-free-logarithmic-sobolev-inequality-for-subgaussian-log-concave-measures.md	T0	1	0	0	0	0	0	0	0	0	0		bound|uniform	0	0	0		0	0	0	0	1
094	Convex and metric geometry	convex-and-metric-geometry	Subpolynomial dimension reduction in $L_p$	subpolynomial-dimension-reduction-in-l-p	convex-and-metric-geometry/094-subpolynomial-dimension-reduction-in-l-p.md	T3	1	1	1	1	1	1	563	0	0	0		partial|uniform	0	1	0		0	1	0	0	2
095	Convex and metric geometry	convex-and-metric-geometry	Hyperbolicity cones without semidefinite lifts	hyperbolicity-cones-without-semidefinite-lifts	convex-and-metric-geometry/095-hyperbolicity-cones-without-semidefinite-lifts.md	T3	3	1	1	1	1	1	384	0	0	0		resolution|counterexample	0	1	1		0	1	1	1	1
096	Convex and metric geometry	convex-and-metric-geometry	The Gaussian propeller conjecture	gaussian-propeller-conjecture	convex-and-metric-geometry/096-gaussian-propeller-conjecture.md	T3	1	1	1	1	1	1	515	0	0	0		bound|partial	0	1	0		0	1	0	1	5
097	Convex and metric geometry	convex-and-metric-geometry	The Euclidean Steinitz--Bergstr\"om conjecture	euclidean-steinitz-bergstr-om-conjecture	convex-and-metric-geometry/097-euclidean-steinitz-bergstr-om-conjecture.md	T3	1	1	1	1	1	1	464	0	0	0		bound|partial	0	1	0		0	1	0	0	2
098	Convex and metric geometry	convex-and-metric-geometry	A negative answer to the Lang--Plaut problem	a-negative-answer-to-the-lang-plaut-problem	convex-and-metric-geometry/098-a-negative-answer-to-the-lang-plaut-problem.md	T3	1	1	2	2	2	1	424	0	0	0			0	1	1		0	2	0	0	4
099	Convex and metric geometry	convex-and-metric-geometry	The sharp distortion of edit distance into $\ell_1$	sharp-distortion-of-edit-distance-into-1	convex-and-metric-geometry/099-sharp-distortion-of-edit-distance-into-1.md	T2	3	0	4	0	0	1	1653	0	0	0		bound|partial|uniform	0	0	0		0	0	0	1	4
100	Convex and metric geometry	convex-and-metric-geometry	A counterexample to Bang's cylinder-covering bound	a-counterexample-to-bangs-cylinder-covering-bound	convex-and-metric-geometry/100-a-counterexample-to-bangs-cylinder-covering-bound.md	T2	4	0	3	0	0	1	2568	0	0	0		counterexample|bound	0	1	1		0	0	2	2	2
101	Convex and metric geometry	convex-and-metric-geometry	The sharp simplex conjecture for isotropic constants	sharp-simplex-conjecture-for-isotropic-constants	convex-and-metric-geometry/101-sharp-simplex-conjecture-for-isotropic-constants.md	T0	1	0	0	0	0	0	0	1	0	0		resolution|bound	0	1	0		0	0	0	0	1
102	Theoretical computer science	theoretical-computer-science	The Unique Games Conjecture and optimal approximation thresholds	unique-games-conjecture-and-optimal-approximation-thresholds	theoretical-computer-science/102-unique-games-conjecture-and-optimal-approximation-thresholds.md	T3	5	3	5	3	3	1	2465	0	0	0	basic-semidefinite-threshold-np-hardness		0	1	0		1	3	3	1	4
103	Theoretical computer science	theoretical-computer-science	Derandomization of logarithmic space: $\mathsf L=\mathsf{RL}=\mathsf{BPL}$	derandomization-of-logarithmic-space-l-rl-bpl	theoretical-computer-science/103-derandomization-of-logarithmic-space-l-rl-bpl.md	T0	1	0	0	0	0	0	0	0	0	0		resolution|bound	0	0	0		0	0	0	0	1
104	Theoretical computer science	theoretical-computer-science	Quasipolynomial algorithms for mean-payoff, stochastic and parity games	quasipolynomial-algorithms-for-mean-payoff-stochastic-and-parity-games	theoretical-computer-science/104-quasipolynomial-algorithms-for-mean-payoff-stochastic-and-parity-games.md	T3	4	1	2	1	1	1	602	0	0	0			0	0	0		0	1	4	4	4
105	Theoretical computer science	theoretical-computer-science	The 2-to-1 Games Conjecture with perfect completeness	2-to-1-games-conjecture-with-perfect-completeness	theoretical-computer-science/105-2-to-1-games-conjecture-with-perfect-completeness.md	T3	1	1	1	1	1	1	481	0	0	0		partial|uniform	0	1	0		0	1	1	2	2
106	Theoretical computer science	theoretical-computer-science	Hardness of coloring three-colorable graphs	hardness-of-coloring-three-colorable-graphs	theoretical-computer-science/106-hardness-of-coloring-three-colorable-graphs.md	T3	1	1	1	1	1	1	491	0	0	0		uniform	0	0	0		0	1	1	1	3
107	Theoretical computer science	theoretical-computer-science	Matrix multiplication with exponent at most $9/4$	matrix-multiplication-with-exponent-at-most-9-4	theoretical-computer-science/107-matrix-multiplication-with-exponent-at-most-9-4.md	T3	3	3	2	2	4	1	1004	2	0	0		bound|classification	0	0	0		0	2	0	0	1
108	Theoretical computer science	theoretical-computer-science	A cubic permanent--determinant lower bound	a-cubic-permanent-determinant-lower-bound	theoretical-computer-science/108-a-cubic-permanent-determinant-lower-bound.md	T2	1	0	2	0	0	1	605	0	0	0		bound	0	0	0		0	0	0	0	1
109	Theoretical computer science	theoretical-computer-science	Integer multiplication below $n\log n$	integer-multiplication-below-n-n	theoretical-computer-science/109-integer-multiplication-below-n-n.md	T0	1	0	0	0	0	0	0	0	0	0		resolution|counterexample	0	1	1		0	0	1	1	2
110	Theoretical computer science	theoretical-computer-science	Optimal-order randomized $k$-server on arbitrary metrics	optimal-order-randomized-k-server-on-arbitrary-metrics	theoretical-computer-science/110-optimal-order-randomized-k-server-on-arbitrary-metrics.md	T2	2	0	2	0	0	1	1146	0	0	0		bound|uniform	0	0	0		0	0	1	1	3
111	Theoretical computer science	theoretical-computer-science	One-sample matroid prophet inequalities against an almighty adversary	one-sample-matroid-prophet-inequalities-against-an-almighty-adversary	theoretical-computer-science/111-one-sample-matroid-prophet-inequalities-against-an-almighty-adversary.md	T2	1	0	2	0	0	1	741	0	0	0		uniform	0	0	0		0	0	0	0	2
112	Theoretical computer science	theoretical-computer-science	Beyond the square-root exponent for depth-three circuits	beyond-the-square-root-exponent-for-depth-three-circuits	theoretical-computer-science/112-beyond-the-square-root-exponent-for-depth-three-circuits.md	T3	1	1	1	1	1	1	493	0	0	0		bound	0	0	0		0	1	0	0	3
113	Theoretical computer science	theoretical-computer-science	Approximate counting and the perfect-matching entropy conjecture	approximate-counting-and-the-perfect-matching-entropy-conjecture	theoretical-computer-science/113-approximate-counting-and-the-perfect-matching-entropy-conjecture.md	T3	2	1	6	3	3	1	1409	0	0	0		resolution|bound|uniform	0	1	0		0	3	1	1	7
114	Theoretical computer science	theoretical-computer-science	Approximate counting of common integer polymatroid bases	approximate-counting-of-common-integer-polymatroid-bases	theoretical-computer-science/114-approximate-counting-of-common-integer-polymatroid-bases.md	T3	2	1	1	1	1	1	537	0	0	0			0	0	0		0	1	2	2	2
115	Theoretical computer science	theoretical-computer-science	Sampling and counting contingency tables with arbitrary margins	sampling-and-counting-contingency-tables-with-arbitrary-margins	theoretical-computer-science/115-sampling-and-counting-contingency-tables-with-arbitrary-margins.md	T2	2	0	1	0	0	1	1392	0	0	0		bound|uniform	0	0	0		0	0	2	2	2
116	Theoretical computer science	theoretical-computer-science	Uniform identity testing for noncommutative formulas	uniform-identity-testing-for-noncommutative-formulas	theoretical-computer-science/116-uniform-identity-testing-for-noncommutative-formulas.md	T3	3	1	2	1	1	1	1018	0	0	0		bound|classification	0	0	0		0	1	2	2	1
117	Theoretical computer science	theoretical-computer-science	Uniform sparsest cut: hardness and semidefinite gaps	uniform-sparsest-cut-hardness-and-semidefinite-gaps	theoretical-computer-science/117-uniform-sparsest-cut-hardness-and-semidefinite-gaps.md	T3	2	1	1	1	1	1	520	0	0	0		bound|uniform	0	0	0		0	1	1	1	4
118	Theoretical computer science	theoretical-computer-science	Unbounded bin-packing gaps and the modified integer round-up conjecture	unbounded-bin-packing-gaps-and-the-modified-integer-round-up-conjecture	theoretical-computer-science/118-unbounded-bin-packing-gaps-and-the-modified-integer-round-up-conjecture.md	T3	1	1	1	1	1	1	604	0	0	0		resolution|counterexample|partial	0	1	1		0	1	0	0	4
119	Theoretical computer science	theoretical-computer-science	The Courtade--Kumar and Hellinger conjectures	courtade-kumar-and-hellinger-conjectures	theoretical-computer-science/119-courtade-kumar-and-hellinger-conjectures.md	T3	2	1	2	1	1	1	719	1	0	0		resolution|uniform	0	1	0		0	1	0	0	2
120	Theoretical computer science	theoretical-computer-science	Almost-linear-time exact matching in general graphs	almost-linear-time-exact-matching-in-general-graphs	theoretical-computer-science/120-almost-linear-time-exact-matching-in-general-graphs.md	T0	1	0	0	0	0	0	0	0	0	0		bound	0	0	0		0	0	0	0	2
121	Theoretical computer science	theoretical-computer-science	Almost-linear expected-time approximation of edit distance	almost-linear-expected-time-approximation-of-edit-distance	theoretical-computer-science/121-almost-linear-expected-time-approximation-of-edit-distance.md	T2	1	0	1	0	0	1	581	0	0	0		bound|uniform	0	0	0		0	0	1	0	1
122	Theoretical computer science	theoretical-computer-science	Superpolynomial lower bounds and quasipolynomial reconstruction from deletion traces	superpolynomial-lower-bounds-and-quasipolynomial-reconstruction-from-deletion-traces	theoretical-computer-science/122-superpolynomial-lower-bounds-and-quasipolynomial-reconstruction-from-deletion-traces.md	T2	3	0	1	0	0	1	652	0	0	0		bound|partial|uniform	0	0	0		0	0	1	1	2
124	Theoretical computer science	theoretical-computer-science	Polynomial-time scheduling on three identical machines	polynomial-time-scheduling-on-three-identical-machines	theoretical-computer-science/124-polynomial-time-scheduling-on-three-identical-machines.md	T2	1	0	1	0	0	1	436	0	0	0		resolution|uniform	0	1	0		0	0	0	0	3
125	Theoretical computer science	theoretical-computer-science	The approximation threshold for metric $k$-median	approximation-threshold-for-metric-k-median	theoretical-computer-science/125-approximation-threshold-for-metric-k-median.md	T3	2	1	4	1	1	1	1264	0	0	0		uniform|conditional	1	0	0		0	1	2	2	2
126	Theoretical computer science	theoretical-computer-science	Exponential semidefinite complexity of perfect matching	exponential-semidefinite-complexity-of-perfect-matching	theoretical-computer-science/126-exponential-semidefinite-complexity-of-perfect-matching.md	T2	1	0	2	0	0	1	556	0	0	0		bound|uniform	0	1	1		0	0	0	0	3
127	Theoretical computer science	theoretical-computer-science	The asymptotic Gotsman--Linial conjecture	asymptotic-gotsman-linial-conjecture	theoretical-computer-science/127-asymptotic-gotsman-linial-conjecture.md	T3	1	1	1	1	1	1	359	0	0	0		partial|uniform	0	1	0		0	1	0	0	2
128	Theoretical computer science	theoretical-computer-science	A factor-two approximation for shortest common superstring	a-factor-two-approximation-for-shortest-common-superstring	theoretical-computer-science/128-a-factor-two-approximation-for-shortest-common-superstring.md	T3	1	1	1	1	1	1	442	0	0	0		partial|uniform	0	0	0		0	1	0	0	4
129	Theoretical computer science	theoretical-computer-science	Exponential state costs for two-way automata	exponential-state-costs-for-two-way-automata	theoretical-computer-science/129-exponential-state-costs-for-two-way-automata.md	T3	2	2	3	3	3	1	1263	0	0	0		resolution|bound	0	1	0		0	3	2	2	1
130	Theoretical computer science	theoretical-computer-science	Fourier transforms below $n\log n$	fourier-transforms-below-n-n	theoretical-computer-science/130-fourier-transforms-below-n-n.md	T3	2	1	1	1	1	1	525	0	0	0		uniform	0	0	0		0	1	3	3	4
131	Theoretical computer science	theoretical-computer-science	Polynomial mixing of graph switches with prescribed degrees	polynomial-mixing-of-graph-switches-with-prescribed-degrees	theoretical-computer-science/131-polynomial-mixing-of-graph-switches-with-prescribed-degrees.md	T2	1	0	1	0	0	1	587	0	0	0		resolution|uniform	0	1	0		0	0	0	0	5
132	Theoretical computer science	theoretical-computer-science	A counterexample to the quadratic sensitivity conjecture	a-counterexample-to-the-quadratic-sensitivity-conjecture	theoretical-computer-science/132-a-counterexample-to-the-quadratic-sensitivity-conjecture.md	T3	1	1	1	1	1	1	477	0	0	0			0	1	1		0	1	0	0	1
133	Theoretical computer science	theoretical-computer-science	The complexity of Weisfeiler--Leman refinement	complexity-of-weisfeiler-leman-refinement	theoretical-computer-science/133-complexity-of-weisfeiler-leman-refinement.md	T2	4	0	4	0	0	1	2165	0	0	0		bound	0	0	0		0	0	3	3	6
134	Theoretical computer science	theoretical-computer-science	Generalized star height at most three	generalized-star-height-at-most-three	theoretical-computer-science/134-generalized-star-height-at-most-three.md	T2	3	0	1	0	0	1	1249	0	0	0		resolution|bound|partial|uniform	0	1	0		0	0	4	4	2
135	Theoretical computer science	theoretical-computer-science	Sharp homogeneous depth-five complexity of matrix products	sharp-homogeneous-depth-five-complexity-of-matrix-products	theoretical-computer-science/135-sharp-homogeneous-depth-five-complexity-of-matrix-products.md	T2	1	0	1	0	0	1	629	0	0	0		bound|classification	0	0	0		0	0	0	0	1
136	Theoretical computer science	theoretical-computer-science	The quasilinear PCP-for-PPAD conjecture	quasilinear-pcp-for-ppad-conjecture	theoretical-computer-science/136-quasilinear-pcp-for-ppad-conjecture.md	T0	1	0	0	0	0	0	0	0	0	0		resolution	0	1	0		0	0	0	0	1
137	Theoretical computer science	theoretical-computer-science	One-tape time simulation in two-fifths-power space	one-tape-time-simulation-in-two-fifths-power-space	theoretical-computer-science/137-one-tape-time-simulation-in-two-fifths-power-space.md	T0	1	0	0	0	0	0	0	0	0	0		bound|partial	0	0	0		0	0	0	0	1
138	Theoretical computer science	theoretical-computer-science	Subset Sum in $O(2^{0.49n})$ time	subset-sum-in-o-2-0-49n-time	theoretical-computer-science/138-subset-sum-in-o-2-0-49n-time.md	T0	2	0	0	0	0	0	0	0	0	0		bound|uniform	0	0	0		0	0	0	0	2
139	Theoretical computer science	theoretical-computer-science	Subpolynomial queries for log-concave sampling	subpolynomial-queries-for-log-concave-sampling	theoretical-computer-science/139-subpolynomial-queries-for-log-concave-sampling.md	T3	1	1	1	1	1	1	545	0	0	0		bound|uniform	0	0	0		0	1	0	0	3
140	Theoretical computer science	theoretical-computer-science	Memory--sample lower bounds for noiseless Gaussian regression	memory-sample-lower-bounds-for-noiseless-gaussian-regression	theoretical-computer-science/140-memory-sample-lower-bounds-for-noiseless-gaussian-regression.md	T3	6	5	8	5	6	1	5397	0	0	0		partial|uniform	0	0	0		0	6	4	4	6
141	Theoretical computer science	theoretical-computer-science	The existential theory of the reals and existential--universal sentences in the counting hierarchy	existential-theory-of-the-reals-and-existential-universal-sentences-in-the-counting-hierarchy	theoretical-computer-science/141-existential-theory-of-the-reals-and-existential-universal-sentences-in-the-counting-hierarchy.md	T0	1	0	0	0	0	0	0	0	0	0			0	0	0		0	0	0	0	2
142	Theoretical computer science	theoretical-computer-science	Deterministic polynomial factorization over prime fields	deterministic-polynomial-factorization-over-prime-fields	theoretical-computer-science/142-deterministic-polynomial-factorization-over-prime-fields.md	T0	1	0	0	0	0	0	0	0	0	0		uniform	0	0	0		0	0	0	0	1
143	Dynamical systems and ergodic theory	dynamical-systems-and-ergodic-theory	Uniform limit-cycle bounds in Hilbert's sixteenth problem	uniform-limit-cycle-bounds-in-hilberts-sixteenth-problem	dynamical-systems-and-ergodic-theory/143-uniform-limit-cycle-bounds-in-hilberts-sixteenth-problem.md	T3	2	1	1	1	1	1	348	0	0	0		resolution|bound|uniform	0	1	0		0	1	0	0	2
144	Dynamical systems and ergodic theory	dynamical-systems-and-ergodic-theory	Banach's simple Lebesgue-spectrum problem	banachs-simple-lebesgue-spectrum-problem	dynamical-systems-and-ergodic-theory/144-banachs-simple-lebesgue-spectrum-problem.md	T2	1	0	1	0	0	1	543	0	0	0		resolution	0	1	0		0	0	1	1	3
145	Dynamical systems and ergodic theory	dynamical-systems-and-ergodic-theory	Rokhlin's multiple-mixing problem	rokhlins-multiple-mixing-problem	dynamical-systems-and-ergodic-theory/145-rokhlins-multiple-mixing-problem.md	T2	1	0	1	0	0	1	377	0	0	0		resolution	0	1	0		0	0	0	2	1
146	Dynamical systems and ergodic theory	dynamical-systems-and-ergodic-theory	Sinai's positive-entropy conjecture for the standard map	sinais-positive-entropy-conjecture-for-the-standard-map	dynamical-systems-and-ergodic-theory/146-sinais-positive-entropy-conjecture-for-the-standard-map.md	T2	1	0	3	0	0	1	599	0	0	0		uniform	0	1	0		0	0	0	0	3
147	Dynamical systems and ergodic theory	dynamical-systems-and-ergodic-theory	The near-boundary Birkhoff conjecture	near-boundary-birkhoff-conjecture	dynamical-systems-and-ergodic-theory/147-near-boundary-birkhoff-conjecture.md	T0	2	0	0	0	0	0	0	0	0	0		resolution|bound	0	1	0		0	0	1	1	2
148	Dynamical systems and ergodic theory	dynamical-systems-and-ergodic-theory	The dimension formula for self-similar measures on the line	dimension-formula-for-self-similar-measures-on-the-line	dynamical-systems-and-ergodic-theory/148-dimension-formula-for-self-similar-measures-on-the-line.md	T3	1	1	2	1	1	1	751	0	0	0		resolution|uniform	0	1	0		0	1	0	0	3
149	Dynamical systems and ergodic theory	dynamical-systems-and-ergodic-theory	Permanence for weakly reversible reaction networks	permanence-for-weakly-reversible-reaction-networks	dynamical-systems-and-ergodic-theory/149-permanence-for-weakly-reversible-reaction-networks.md	T2	2	0	1	0	0	1	564	0	0	0		resolution|bound|uniform	0	1	0		0	0	1	1	2
150	Dynamical systems and ergodic theory	dynamical-systems-and-ergodic-theory	Weak mixing of irrational triangular billiards	weak-mixing-of-irrational-triangular-billiards	dynamical-systems-and-ergodic-theory/150-weak-mixing-of-irrational-triangular-billiards.md	T2	2	0	1	0	0	1	481	0	0	0		uniform	0	0	0		0	0	1	1	3
151	Dynamical systems and ergodic theory	dynamical-systems-and-ergodic-theory	A $C^1$ counterexample to Shub’s entropy conjecture	a-c-1-counterexample-to-shubs-entropy-conjecture	dynamical-systems-and-ergodic-theory/151-a-c-1-counterexample-to-shubs-entropy-conjecture.md	T2	1	0	1	0	0	1	508	0	0	0		counterexample|bound	0	1	1		0	0	0	0	4
152	Dynamical systems and ergodic theory	dynamical-systems-and-ergodic-theory	Zero entropy does not guarantee a smooth positive-volume model	zero-entropy-does-not-guarantee-a-smooth-positive-volume-model	dynamical-systems-and-ergodic-theory/152-zero-entropy-does-not-guarantee-a-smooth-positive-volume-model.md	T2	1	0	1	0	0	1	583	0	0	0		density	0	0	0		0	0	0	0	4
153	Dynamical systems and ergodic theory	dynamical-systems-and-ergodic-theory	Arithmetic classification of Bernoulli convolutions	arithmetic-classification-of-bernoulli-convolutions	dynamical-systems-and-ergodic-theory/153-arithmetic-classification-of-bernoulli-convolutions.md	T0	1	0	0	0	0	0	0	1	0	0		uniform	0	0	0		0	0	0	0	1
154	Dynamical systems and ergodic theory	dynamical-systems-and-ergodic-theory	Pointwise multiple ergodic averages for mixing transformations	pointwise-multiple-ergodic-averages-for-mixing-transformations	dynamical-systems-and-ergodic-theory/154-pointwise-multiple-ergodic-averages-for-mixing-transformations.md	T0	4	0	0	0	0	0	0	0	0	0		bound	0	0	0		0	0	4	2	1
155	Combinatorics	combinatorics	A counterexample to periodic tiling in dimension three	a-counterexample-to-periodic-tiling-in-dimension-three	combinatorics/155-a-counterexample-to-periodic-tiling-in-dimension-three.md	T3	1	1	1	1	1	1	502	0	0	0		counterexample|uniform	0	1	1		0	1	0	0	1
156	Combinatorics	combinatorics	Borsuk's conjecture fails in dimension nine	borsuks-conjecture-fails-in-dimension-nine	combinatorics/156-borsuks-conjecture-fails-in-dimension-nine.md	T3	1	1	1	1	1	1	435	0	0	0			0	1	1		0	1	0	0	1
157	Combinatorics	combinatorics	Counterexamples to the Hadwiger and Colin de Verdi\`ere conjectures	counterexamples-to-the-hadwiger-and-colin-de-verdi-ere-conjectures	combinatorics/157-counterexamples-to-the-hadwiger-and-colin-de-verdi-ere-conjectures.md	T2	3	0	1	0	0	1	375	0	1	0		counterexample|bound|partial	0	1	1		0	0	4	4	2
158	Combinatorics	combinatorics	The Euclidean plane cannot be colored with five colors	euclidean-plane-cannot-be-colored-with-five-colors	combinatorics/158-euclidean-plane-cannot-be-colored-with-five-colors.md	T3	1	1	2	2	2	1	396	0	0	0			0	1	0		0	2	0	0	1
159	Combinatorics	combinatorics	Erd\H{o}s's reciprocal-sum conjecture and quasipolynomial Szemer\'edi bounds	erdoss-reciprocal-sum-conjecture-and-quasipolynomial-szemer-bounds	combinatorics/159-erdoss-reciprocal-sum-conjecture-and-quasipolynomial-szemer-bounds.md	T2	1	0	1	0	0	1	481	0	0	0	quasipolynomial-arithmetic-progressions	partial	0	1	0		1	0	0	1	2
160	Combinatorics	combinatorics	Superexponential van der Waerden numbers	superexponential-van-der-waerden-numbers	combinatorics/160-superexponential-van-der-waerden-numbers.md	T3	1	1	1	1	1	1	459	0	0	0		resolution|uniform	0	1	0		0	1	1	0	3
161	Combinatorics	combinatorics	Counterexamples to Sidorenko's conjecture and the forcing conjecture	counterexamples-to-sidorenkos-conjecture-and-the-forcing-conjecture	combinatorics/161-counterexamples-to-sidorenkos-conjecture-and-the-forcing-conjecture.md	T2	1	0	1	0	0	1	415	0	0	0		resolution|counterexample|density	0	1	1		0	0	0	0	4
162	Combinatorics	combinatorics	Counterexamples to Ryser's covering and Gy\'arf\'as's tree-cover conjectures	counterexamples-to-rysers-covering-and-gy-tree-cover-conjectures	combinatorics/162-counterexamples-to-rysers-covering-and-gy-tree-cover-conjectures.md	T3	2	1	3	2	2	1	1084	0	0	0		counterexample|bound|uniform	0	1	1		0	2	2	2	1
164	Combinatorics	combinatorics	Hindman's finite sums and products conjecture	hindmans-finite-sums-and-products-conjecture	combinatorics/164-hindmans-finite-sums-and-products-conjecture.md	T0	1	0	0	0	0	0	0	0	0	0			0	1	0		0	0	0	0	3
165	Combinatorics	combinatorics	Exact crossing numbers of complete and complete bipartite graphs	exact-crossing-numbers-of-complete-and-complete-bipartite-graphs	combinatorics/165-exact-crossing-numbers-of-complete-and-complete-bipartite-graphs.md	T3	2	2	2	2	2	1	781	0	0	0		resolution	0	1	0		0	2	1	1	2
166	Combinatorics	combinatorics	The higher-dimensional Erd\H{o}s distinct-distances conjecture	higher-dimensional-erdos-distinct-distances-conjecture	combinatorics/166-higher-dimensional-erdos-distinct-distances-conjecture.md	T0	1	0	0	0	0	0	0	0	0	0		resolution|bound|uniform	0	1	0		0	0	0	1	1
167	Combinatorics	combinatorics	Pinned distances and a power saving for planar unit distances	pinned-distances-and-a-power-saving-for-planar-unit-distances	combinatorics/167-pinned-distances-and-a-power-saving-for-planar-unit-distances.md	T3	2	1	2	1	1	1	906	0	0	0		resolution|bound|uniform	0	1	0		0	1	0	0	1
168	Combinatorics	combinatorics	Combinatorial invariance of Kazhdan--Lusztig polynomials	combinatorial-invariance-of-kazhdan-lusztig-polynomials	combinatorics/168-combinatorial-invariance-of-kazhdan-lusztig-polynomials.md	T2	1	0	1	0	0	1	375	0	0	0		resolution|uniform	0	1	0		0	0	0	0	2
169	Combinatorics	combinatorics	The Shareshian--Wachs $e$-positivity conjecture	shareshian-wachs-e-positivity-conjecture	combinatorics/169-shareshian-wachs-e-positivity-conjecture.md	T2	1	0	1	0	0	1	523	0	0	0		resolution	0	1	0		0	0	0	0	3
170	Combinatorics	combinatorics	Sharp logarithmic exponents for off-diagonal Ramsey numbers	sharp-logarithmic-exponents-for-off-diagonal-ramsey-numbers	combinatorics/170-sharp-logarithmic-exponents-for-off-diagonal-ramsey-numbers.md	T2	2	0	2	0	0	1	843	0	0	0		bound|uniform	0	0	0		0	0	1	3	3
171	Combinatorics	combinatorics	The hypercube Ramsey conjecture	hypercube-ramsey-conjecture	combinatorics/171-hypercube-ramsey-conjecture.md	T0	1	0	0	0	0	0	0	0	0	0		resolution	0	1	0		0	0	0	0	3
172	Combinatorics	combinatorics	Classification of finite Euclidean Ramsey configurations	classification-of-finite-euclidean-ramsey-configurations	combinatorics/172-classification-of-finite-euclidean-ramsey-configurations.md	T3	1	1	7	2	2	1	919	0	0	0		resolution|counterexample|classification	0	1	1		0	2	0	0	3
173	Combinatorics	combinatorics	Seymour's second-neighborhood conjecture	seymours-second-neighborhood-conjecture	combinatorics/173-seymours-second-neighborhood-conjecture.md	T3	1	1	1	1	1	1	393	0	0	0		uniform	0	1	0		0	1	0	0	2
174	Combinatorics	combinatorics	Deterministic construction of strong thin spanning trees	deterministic-construction-of-strong-thin-spanning-trees	combinatorics/174-deterministic-construction-of-strong-thin-spanning-trees.md	T3	2	1	2	1	1	1	935	0	0	0		resolution|partial	0	1	0		0	1	2	2	3
175	Combinatorics	combinatorics	Talagrand's conjectures and graph decompositions at expectation thresholds	talagrands-conjectures-and-graph-decompositions-at-expectation-thresholds	combinatorics/175-talagrands-conjectures-and-graph-decompositions-at-expectation-thresholds.md	T3	3	2	2	2	2	1	858	0	0	0		resolution|bound|partial	0	1	0		0	2	1	1	2
176	Combinatorics	combinatorics	The second Kahn--Kalai conjecture	second-kahn-kalai-conjecture	combinatorics/176-second-kahn-kalai-conjecture.md	T3	1	1	1	1	1	1	421	0	0	0		resolution|density|partial|uniform	0	1	0		0	1	0	0	3
177	Combinatorics	combinatorics	Bounded-degree coboundary expanders in every dimension	bounded-degree-coboundary-expanders-in-every-dimension	combinatorics/177-bounded-degree-coboundary-expanders-in-every-dimension.md	T2	1	0	1	0	0	1	506	0	0	0		bound|uniform	0	0	0		0	0	0	0	2
178	Combinatorics	combinatorics	Deterministic nonbipartite Ramanujan graphs in every fixed degree	deterministic-nonbipartite-ramanujan-graphs-in-every-fixed-degree	combinatorics/178-deterministic-nonbipartite-ramanujan-graphs-in-every-fixed-degree.md	T0	1	0	0	0	0	0	0	0	0	0		uniform	0	0	0		0	0	0	0	5
179	Combinatorics	combinatorics	The circulant Hadamard conjecture	circulant-hadamard-conjecture	combinatorics/179-circulant-hadamard-conjecture.md	T3	1	1	2	1	1	1	559	0	0	0		resolution|partial	0	1	0		0	1	0	0	1
180	Combinatorics	combinatorics	Barnette's Hamiltonian-cycle conjecture	barnettes-hamiltonian-cycle-conjecture	combinatorics/180-barnettes-hamiltonian-cycle-conjecture.md	T2	1	0	1	0	0	1	280	0	0	0		resolution	0	1	0		0	0	0	0	2
181	Combinatorics	combinatorics	The Erd\H{o}s--Gallai cycle-decomposition conjecture	erdos-gallai-cycle-decomposition-conjecture	combinatorics/181-erdos-gallai-cycle-decomposition-conjecture.md	T3	1	1	1	1	1	1	421	0	0	0		resolution|bound|partial	0	1	0		0	1	0	0	1
182	Combinatorics	combinatorics	Power savings for polynomial-difference-free sets	power-savings-for-polynomial-difference-free-sets	combinatorics/182-power-savings-for-polynomial-difference-free-sets.md	T2	3	0	1	0	0	1	311	0	0	0		uniform	0	0	0		0	0	4	3	1
183	Combinatorics	combinatorics	Power savings for planar halving lines and $k$-sets	power-savings-for-planar-halving-lines-and-k-sets	combinatorics/183-power-savings-for-planar-halving-lines-and-k-sets.md	T2	1	0	1	0	0	1	496	0	0	0		bound	0	0	0		0	0	0	0	1
184	Combinatorics	combinatorics	Coloring and independence in graphs with forbidden subgraphs	coloring-and-independence-in-graphs-with-forbidden-subgraphs	combinatorics/184-coloring-and-independence-in-graphs-with-forbidden-subgraphs.md	T3	2	1	1	1	1	1	335	0	0	0		resolution|partial	0	1	0		0	1	2	0	3
185	Combinatorics	combinatorics	Counterexamples to infinite matroid intersection and packing/covering	counterexamples-to-infinite-matroid-intersection-and-packing-covering	combinatorics/185-counterexamples-to-infinite-matroid-intersection-and-packing-covering.md	T3	1	1	2	1	1	1	667	0	0	0		counterexample	0	1	1		0	1	0	0	4
186	Combinatorics	combinatorics	The Friedgut--Kalai graph and hypergraph threshold conjectures	friedgut-kalai-graph-and-hypergraph-threshold-conjectures	combinatorics/186-friedgut-kalai-graph-and-hypergraph-threshold-conjectures.md	T2	2	0	1	0	0	1	500	0	0	0		resolution|bound|partial|uniform	0	1	0		0	0	0	0	4
187	Combinatorics	combinatorics	Snaky in 21 Maker moves	snaky-in-21-maker-moves	combinatorics/187-snaky-in-21-maker-moves.md	T2	1	0	3	0	0	1	726	1	0	0		resolution	0	1	0		0	0	0	0	1
188	Combinatorics	combinatorics	The sharp constant in random triangle removal	sharp-constant-in-random-triangle-removal	combinatorics/188-sharp-constant-in-random-triangle-removal.md	T2	1	0	1	0	0	1	443	0	0	0		resolution|bound|uniform	0	1	0		0	0	0	0	4
189	Combinatorics	combinatorics	Exact cycle--clique Ramsey numbers	exact-cycle-clique-ramsey-numbers	combinatorics/189-exact-cycle-clique-ramsey-numbers.md	T2	1	0	1	0	0	1	345	1	0	0		resolution|uniform	0	1	0		0	0	0	0	4
190	Combinatorics	combinatorics	Polynomial removal fails for ordered binary matrices	polynomial-removal-fails-for-ordered-binary-matrices	combinatorics/190-polynomial-removal-fails-for-ordered-binary-matrices.md	T3	1	1	1	1	1	1	498	0	0	0		counterexample|bound|density	0	0	1		0	1	0	0	2
191	Combinatorics	combinatorics	A power improvement in the Heilbronn triangle problem	a-power-improvement-in-the-heilbronn-triangle-problem	combinatorics/191-a-power-improvement-in-the-heilbronn-triangle-problem.md	T2	1	0	1	0	0	1	514	0	0	0		resolution|counterexample|bound|uniform	0	1	1		0	0	0	0	1
192	Combinatorics	combinatorics	A counterexample to the Gopalan--Servedio conjecture	a-counterexample-to-the-gopalan-servedio-conjecture	combinatorics/192-a-counterexample-to-the-gopalan-servedio-conjecture.md	T2	1	0	1	0	0	1	467	0	0	0		counterexample|bound|uniform	0	1	1		0	0	0	0	1
193	Algebra	algebra	Serre's intersection-multiplicity conjecture	serres-intersection-multiplicity-conjecture	algebra/193-serres-intersection-multiplicity-conjecture.md	T0	1	0	0	0	0	0	0	0	0	0		resolution|classification	0	1	0		0	0	0	0	1
194	Algebra	algebra	Lech's multiplicity conjecture	lechs-multiplicity-conjecture	algebra/194-lechs-multiplicity-conjecture.md	T2	1	0	1	0	0	1	598	0	0	0		resolution|classification|uniform	0	1	0		0	0	0	0	2
195	Algebra	algebra	A counterexample to the small Cohen--Macaulay module conjecture	a-counterexample-to-the-small-cohen-macaulay-module-conjecture	algebra/195-a-counterexample-to-the-small-cohen-macaulay-module-conjecture.md	T0	1	0	0	0	0	0	0	0	0	0			0	1	1		0	0	0	0	2
196	Algebra	algebra	A counterexample to Kaplansky's zero-divisor conjecture	a-counterexample-to-kaplanskys-zero-divisor-conjecture	algebra/196-a-counterexample-to-kaplanskys-zero-divisor-conjecture.md	T3	1	1	1	1	1	1	378	0	0	0			0	1	1		0	1	0	1	3
197	Algebra	algebra	Nonsofic groups and group-ring counterexamples	nonsofic-groups-and-group-ring-counterexamples	algebra/197-nonsofic-groups-and-group-ring-counterexamples.md	T3	4	3	4	3	3	1	2249	0	0	0	kaplansky-direct-finiteness-characteristic-two	counterexample	0	1	1		1	3	6	4	3
198	Algebra	algebra	A counterexample to the little finitistic-dimension conjecture	a-counterexample-to-the-little-finitistic-dimension-conjecture	algebra/198-a-counterexample-to-the-little-finitistic-dimension-conjecture.md	T3	1	1	2	2	2	1	634	0	0	0		resolution|counterexample	0	1	1		0	2	1	1	3
199	Algebra	algebra	Counterexamples to conjectures of Auslander--Reiten, Tachikawa, and Nakayama	counterexamples-to-conjectures-of-auslander-reiten-tachikawa-and-nakayama	algebra/199-counterexamples-to-conjectures-of-auslander-reiten-tachikawa-and-nakayama.md	T3	2	2	2	2	2	1	1108	0	0	0		resolution|counterexample|classification	0	1	1		0	2	3	3	4
200	Algebra	algebra	Eisenbud--Green--Harris and lex-plus-powers in characteristic zero	eisenbud-green-harris-and-lex-plus-powers-in-characteristic-zero	algebra/200-eisenbud-green-harris-and-lex-plus-powers-in-characteristic-zero.md	T0	2	0	0	0	0	0	0	0	0	0		resolution|classification|uniform	0	1	0		0	0	0	0	1
201	Algebra	algebra	A counterexample to Kurosh's division-ring problem	a-counterexample-to-kuroshs-division-ring-problem	algebra/201-a-counterexample-to-kuroshs-division-ring-problem.md	T0	1	0	0	0	0	0	0	0	0	0		classification	0	1	1		0	0	0	0	1
202	Algebra	algebra	The blockwise Alperin weight conjecture	blockwise-alperin-weight-conjecture	algebra/202-blockwise-alperin-weight-conjecture.md	T0	1	0	0	0	0	0	0	0	0	0		resolution|uniform	0	1	0		0	0	0	1	2
203	Algebra	algebra	Donovan's conjecture over fields and discrete valuation rings	donovans-conjecture-over-fields-and-discrete-valuation-rings	algebra/203-donovans-conjecture-over-fields-and-discrete-valuation-rings.md	T0	2	0	0	0	0	0	0	0	0	0		bound|classification|uniform	0	1	0		0	0	2	1	3
204	Algebra	algebra	Tensor saturation for even spin groups	tensor-saturation-for-even-spin-groups	algebra/204-tensor-saturation-for-even-spin-groups.md	T0	1	0	0	0	0	0	0	0	0	0		resolution	0	1	0		0	0	0	0	2
205	Algebra	algebra	Saxl's conjecture and universal tensor squares	saxls-conjecture-and-universal-tensor-squares	algebra/205-saxls-conjecture-and-universal-tensor-squares.md	T3	2	1	2	1	1	1	908	1	0	0			0	1	0		0	1	0	0	1
206	Algebra	algebra	Finite lattice representation: counterexamples and undecidability	finite-lattice-representation-counterexamples-and-undecidability	algebra/206-finite-lattice-representation-counterexamples-and-undecidability.md	T2	2	0	1	0	0	1	510	0	0	0		undecidability	0	1	1		0	0	0	0	5
207	Algebra	algebra	The $\ell^1$-Bass and complex Bass trace conjectures	1-bass-and-complex-bass-trace-conjectures	algebra/207-1-bass-and-complex-bass-trace-conjectures.md	T3	2	1	2	1	1	1	594	0	0	0		resolution|classification|uniform	0	1	0		0	1	1	2	2
208	Algebra	algebra	The finite Benson--Etingof--Ostrik conjecture	finite-benson-etingof-ostrik-conjecture	algebra/208-finite-benson-etingof-ostrik-conjecture.md	T0	1	0	0	0	0	0	0	0	0	0		resolution|classification	0	1	0		0	0	0	0	3
209	Algebra	algebra	Integral counterexamples to Gersten’s conjecture	integral-counterexamples-to-gerstens-conjecture	algebra/209-integral-counterexamples-to-gerstens-conjecture.md	T0	2	0	0	0	0	0	0	0	0	0		counterexample|classification	0	1	1		0	0	2	2	1
210	Algebra	algebra	Foulkes’ conjecture for sixth powers and quadratic stabilization	foulkes-conjecture-for-sixth-powers-and-quadratic-stabilization	algebra/210-foulkes-conjecture-for-sixth-powers-and-quadratic-stabilization.md	T3	2	1	1	1	1	1	493	1	0	0		resolution|uniform	0	1	0		0	1	1	1	1
211	Probability and statistical mechanics	probability-and-statistical-mechanics	Geometry, diffusion, and spectra of random planar maps	geometry-diffusion-and-spectra-of-random-planar-maps	probability-and-statistical-mechanics/211-geometry-diffusion-and-spectra-of-random-planar-maps.md	T2	7	0	1	0	0	1	466	0	0	0			0	0	0		0	0	4	4	9
212	Probability and statistical mechanics	probability-and-statistical-mechanics	No bigeodesics and smooth limit shapes in planar first-passage percolation	no-bigeodesics-and-smooth-limit-shapes-in-planar-first-passage-percolation	probability-and-statistical-mechanics/212-no-bigeodesics-and-smooth-limit-shapes-in-planar-first-passage-percolation.md	T3	2	1	2	1	1	1	524	0	0	0		bound|uniform	0	0	0		0	1	1	1	4
213	Probability and statistical mechanics	probability-and-statistical-mechanics	No infinite critical clusters on quasi-transitive graphs	no-infinite-critical-clusters-on-quasi-transitive-graphs	probability-and-statistical-mechanics/213-no-infinite-critical-clusters-on-quasi-transitive-graphs.md	T3	2	1	2	1	1	1	677	0	0	0		resolution	0	1	0		0	1	0	0	3
214	Probability and statistical mechanics	probability-and-statistical-mechanics	The Benjamini--Schramm nonuniqueness conjecture	benjamini-schramm-nonuniqueness-conjecture	probability-and-statistical-mechanics/214-benjamini-schramm-nonuniqueness-conjecture.md	T2	1	0	2	0	0	1	757	0	0	0		resolution|bound	0	1	0		0	0	0	1	4
215	Probability and statistical mechanics	probability-and-statistical-mechanics	Massive continuum limits and exact mass asymptotics for planar $O(n)$ models	massive-continuum-limits-and-exact-mass-asymptotics-for-planar-o-n-models	probability-and-statistical-mechanics/215-massive-continuum-limits-and-exact-mass-asymptotics-for-planar-o-n-models.md	T3	5	1	1	1	1	1	474	0	0	0			0	0	0		0	1	6	6	3
216	Probability and statistical mechanics	probability-and-statistical-mechanics	Critical logarithmic corrections and BKT scaling for the planar XY model	critical-logarithmic-corrections-and-bkt-scaling-for-the-planar-xy-model	probability-and-statistical-mechanics/216-critical-logarithmic-corrections-and-bkt-scaling-for-the-planar-xy-model.md	T0	6	0	0	0	0	0	0	0	0	0			0	0	0		0	0	3	3	6
217	Probability and statistical mechanics	probability-and-statistical-mechanics	The low-temperature Sherrington--Kirkpatrick fluctuation law	low-temperature-sherrington-kirkpatrick-fluctuation-law	probability-and-statistical-mechanics/217-low-temperature-sherrington-kirkpatrick-fluctuation-law.md	T0	2	0	0	0	0	0	0	0	0	0		classification|uniform	0	0	0		0	0	2	2	3
218	Probability and statistical mechanics	probability-and-statistical-mechanics	Conformal universality for weakly interacting and disordered Ising models	conformal-universality-for-weakly-interacting-and-disordered-ising-models	probability-and-statistical-mechanics/218-conformal-universality-for-weakly-interacting-and-disordered-ising-models.md	T2	6	0	1	0	0	1	585	0	0	0		bound	0	0	0		0	0	1	1	5
219	Probability and statistical mechanics	probability-and-statistical-mechanics	GOE universality for random regular graphs with weak disorder	goe-universality-for-random-regular-graphs-with-weak-disorder	probability-and-statistical-mechanics/219-goe-universality-for-random-regular-graphs-with-weak-disorder.md	T0	2	0	0	0	0	0	0	0	0	0		uniform	0	0	0		0	0	0	0	6
220	Probability and statistical mechanics	probability-and-statistical-mechanics	Directional zero--one laws and ballisticity in random environments	directional-zero-one-laws-and-ballisticity-in-random-environments	probability-and-statistical-mechanics/220-directional-zero-one-laws-and-ballisticity-in-random-environments.md	T3	3	1	3	1	1	1	1277	0	0	0		resolution|uniform	0	1	0		0	1	1	1	2
221	Probability and statistical mechanics	probability-and-statistical-mechanics	The M\'ezard--Parisi formula for diluted spin glasses	m-parisi-formula-for-diluted-spin-glasses	probability-and-statistical-mechanics/221-m-parisi-formula-for-diluted-spin-glasses.md	T2	1	0	1	0	0	1	439	0	0	0	mezard-parisi-formula		0	0	0		1	0	1	1	4
222	Probability and statistical mechanics	probability-and-statistical-mechanics	Perceptron free energies and microscopic jamming	perceptron-free-energies-and-microscopic-jamming	probability-and-statistical-mechanics/222-perceptron-free-energies-and-microscopic-jamming.md	T2	4	0	3	0	0	1	1064	0	0	0		bound|density	0	0	0		0	0	1	1	4
223	Probability and statistical mechanics	probability-and-statistical-mechanics	Conformal limits of square-lattice random-cluster interfaces	conformal-limits-of-square-lattice-random-cluster-interfaces	probability-and-statistical-mechanics/223-conformal-limits-of-square-lattice-random-cluster-interfaces.md	T0	6	0	0	0	0	0	0	0	0	0		bound	0	0	0		0	0	5	4	2
224	Probability and statistical mechanics	probability-and-statistical-mechanics	Critical and near-critical universality for Voronoi percolation	critical-and-near-critical-universality-for-voronoi-percolation	probability-and-statistical-mechanics/224-critical-and-near-critical-universality-for-voronoi-percolation.md	T0	3	0	0	0	0	0	0	0	0	0		bound	0	0	0		0	0	1	1	3
225	Probability and statistical mechanics	probability-and-statistical-mechanics	Gaussian free field limits for the balanced six-vertex model	gaussian-free-field-limits-for-the-balanced-six-vertex-model	probability-and-statistical-mechanics/225-gaussian-free-field-limits-for-the-balanced-six-vertex-model.md	T0	1	0	0	0	0	0	0	0	0	0			0	0	0		0	0	0	4	3
226	Probability and statistical mechanics	probability-and-statistical-mechanics	The double-dimer $\mathrm{CLE}_4$ conjecture in the half-plane	double-dimer-cle-4-conjecture-in-the-half-plane	probability-and-statistical-mechanics/226-double-dimer-cle-4-conjecture-in-the-half-plane.md	T0	1	0	0	0	0	0	0	0	0	0		resolution	0	1	0		0	0	0	0	4
227	Probability and statistical mechanics	probability-and-statistical-mechanics	The dynamical phase transition in the Sherrington--Kirkpatrick model	dynamical-phase-transition-in-the-sherrington-kirkpatrick-model	probability-and-statistical-mechanics/227-dynamical-phase-transition-in-the-sherrington-kirkpatrick-model.md	T3	8	1	5	2	2	1	2748	0	0	0		partial	0	0	0		0	2	11	11	6
228	Probability and statistical mechanics	probability-and-statistical-mechanics	Continuum phase transitions for radial pair potentials	continuum-phase-transitions-for-radial-pair-potentials	probability-and-statistical-mechanics/228-continuum-phase-transitions-for-radial-pair-potentials.md	T3	2	2	3	2	2	1	1045	0	0	0		bound|density	0	0	0		0	2	2	2	2
229	Probability and statistical mechanics	probability-and-statistical-mechanics	Sharp three- and four-state reconstruction thresholds	sharp-three-and-four-state-reconstruction-thresholds	probability-and-statistical-mechanics/229-sharp-three-and-four-state-reconstruction-thresholds.md	T2	3	0	2	0	0	1	654	2	0	0			0	0	0		0	0	1	1	3
230	Probability and statistical mechanics	probability-and-statistical-mechanics	Exact Hausdorff measure for SLE	exact-hausdorff-measure-for-sle	probability-and-statistical-mechanics/230-exact-hausdorff-measure-for-sle.md	T2	2	0	1	0	0	1	333	0	0	0		resolution|bound	0	1	0		0	0	2	2	3
231	Probability and statistical mechanics	probability-and-statistical-mechanics	The free uniform spanning forest is a factor of IID	free-uniform-spanning-forest-is-a-factor-of-iid	probability-and-statistical-mechanics/231-free-uniform-spanning-forest-is-a-factor-of-iid.md	T2	1	0	2	0	0	1	650	0	0	0		uniform	0	0	0		0	0	1	1	4
232	Probability and statistical mechanics	probability-and-statistical-mechanics	Gaussian fields and SLE interfaces for Lipschitz heights	gaussian-fields-and-sle-interfaces-for-lipschitz-heights	probability-and-statistical-mechanics/232-gaussian-fields-and-sle-interfaces-for-lipschitz-heights.md	T0	3	0	0	0	0	0	0	0	0	0		bound|uniform	0	0	0		0	0	4	3	2
233	Probability and statistical mechanics	probability-and-statistical-mechanics	The joint critical Ashkin--Teller scaling limit	joint-critical-ashkin-teller-scaling-limit	probability-and-statistical-mechanics/233-joint-critical-ashkin-teller-scaling-limit.md	T0	1	0	0	0	0	0	0	0	0	0		bound	0	0	0		0	0	2	0	3
234	Probability and statistical mechanics	probability-and-statistical-mechanics	All-temperature pressure for orthogonally invariant Ising spin glasses	all-temperature-pressure-for-orthogonally-invariant-ising-spin-glasses	probability-and-statistical-mechanics/234-all-temperature-pressure-for-orthogonally-invariant-ising-spin-glasses.md	T2	1	0	1	0	0	1	775	0	0	0			0	0	0		0	0	0	0	6
235	Probability and statistical mechanics	probability-and-statistical-mechanics	Random-SAT thresholds, sharp variance and computability	random-sat-thresholds-sharp-variance-and-computability	probability-and-statistical-mechanics/235-random-sat-thresholds-sharp-variance-and-computability.md	T2	4	0	4	0	0	1	1663	0	0	0		resolution|bound|uniform	0	1	0		0	0	6	6	2
236	Probability and statistical mechanics	probability-and-statistical-mechanics	The factor-of-IID threshold for free Ising states on trees	factor-of-iid-threshold-for-free-ising-states-on-trees	probability-and-statistical-mechanics/236-factor-of-iid-threshold-for-free-ising-states-on-trees.md	T3	1	1	1	1	1	1	428	0	0	0		resolution	0	1	0		0	1	1	1	3
237	Probability and statistical mechanics	probability-and-statistical-mechanics	The three-quarter diameter exponent for honeycomb walks	three-quarter-diameter-exponent-for-honeycomb-walks	probability-and-statistical-mechanics/237-three-quarter-diameter-exponent-for-honeycomb-walks.md	T2	13	0	3	0	0	1	1596	0	0	0		uniform	0	0	0		0	0	0	0	3
238	Probability and statistical mechanics	probability-and-statistical-mechanics	Optimal logarithmic mixing of the Thorp shuffle	optimal-logarithmic-mixing-of-the-thorp-shuffle	probability-and-statistical-mechanics/238-optimal-logarithmic-mixing-of-the-thorp-shuffle.md	T3	12	3	13	4	4	1	6237	0	0	0			0	0	0		0	4	10	10	5
239	Probability and statistical mechanics	probability-and-statistical-mechanics	Sharp singularity rates for symmetric sign matrices	sharp-singularity-rates-for-symmetric-sign-matrices	probability-and-statistical-mechanics/239-sharp-singularity-rates-for-symmetric-sign-matrices.md	T0	2	0	0	0	0	0	0	0	0	0		bound|partial|uniform	0	0	0		0	0	0	0	1
240	Mathematical logic	mathematical-logic	Shelah's eventual categoricity conjecture	shelahs-eventual-categoricity-conjecture	mathematical-logic/240-shelahs-eventual-categoricity-conjecture.md	T3	2	1	1	1	1	1	584	0	0	0		bound|uniform|conditional	1	1	0		0	1	1	1	2
241	Mathematical logic	mathematical-logic	Rigidity of the Turing degrees	rigidity-of-the-turing-degrees	mathematical-logic/241-rigidity-of-the-turing-degrees.md	T3	1	1	1	1	1	1	375	0	0	0		resolution	0	1	0		0	1	0	0	1
242	Mathematical logic	mathematical-logic	Single-fold Diophantine representations	single-fold-diophantine-representations	mathematical-logic/242-single-fold-diophantine-representations.md	T3	1	1	1	1	1	1	502	0	0	0		resolution|undecidability	0	1	0		0	1	0	0	2
243	Mathematical logic	mathematical-logic	Choiceless counting does not capture polynomial time	choiceless-counting-does-not-capture-polynomial-time	mathematical-logic/243-choiceless-counting-does-not-capture-polynomial-time.md	T3	2	1	2	1	1	1	857	0	0	0		uniform	0	1	0		0	1	1	1	2
244	Mathematical logic	mathematical-logic	The partition principle does not imply choice	partition-principle-does-not-imply-choice	mathematical-logic/244-partition-principle-does-not-imply-choice.md	T3	1	1	2	1	1	1	674	0	0	0		counterexample|conditional	1	0	1		0	1	0	0	1
245	Mathematical logic	mathematical-logic	The $\beta$-Barendregt--Geuvers--Klop conjecture	barendregt-geuvers-klop-conjecture	mathematical-logic/245-barendregt-geuvers-klop-conjecture.md	T2	1	0	1	0	0	1	397	0	0	0		resolution|uniform	0	1	0		0	0	0	0	1
246	Group theory	group-theory	Cannon's conjecture	cannons-conjecture	group-theory/246-cannons-conjecture.md	T2	1	0	1	0	0	1	428	0	0	0		bound	0	1	0		0	0	0	0	5
247	Group theory	group-theory	An infinite finitely presented residually finite $2$-group	an-infinite-finitely-presented-residually-finite-2-group	group-theory/247-an-infinite-finitely-presented-residually-finite-2-group.md	T2	2	0	1	0	0	1	525	0	0	0		undecidability	0	1	1		0	0	0	0	1
248	Group theory	group-theory	Thompson's group $F$ is nonamenable	thompsons-group-f-is-nonamenable	group-theory/248-thompsons-group-f-is-nonamenable.md	T3	1	1	1	1	1	1	359	0	0	0		resolution	0	1	0		0	1	2	0	1
249	Group theory	group-theory	A finitely generated counterexample to Eilenberg--Ganea	a-finitely-generated-counterexample-to-eilenberg-ganea	group-theory/249-a-finitely-generated-counterexample-to-eilenberg-ganea.md	T2	1	0	1	0	0	1	382	0	0	0			0	1	1		0	0	0	0	2
250	Group theory	group-theory	The Boone--Higman conjecture and higher finiteness	boone-higman-conjecture-and-higher-finiteness	group-theory/250-boone-higman-conjecture-and-higher-finiteness.md	T3	3	1	3	1	1	1	1293	0	0	0			0	1	0		0	1	1	2	3
251	Group theory	group-theory	Amenability, unitarizability, and Ulam stability	amenability-unitarizability-and-ulam-stability	group-theory/251-amenability-unitarizability-and-ulam-stability.md	T3	2	1	2	1	1	1	558	0	1	0		resolution|bound|uniform	0	1	0		0	1	1	2	2
252	Group theory	group-theory	A non-residually-finite torsion-free hyperbolic group	a-non-residually-finite-torsion-free-hyperbolic-group	group-theory/252-a-non-residually-finite-torsion-free-hyperbolic-group.md	T3	1	1	1	1	1	1	348	0	0	0			0	1	1		0	1	0	0	1
253	Group theory	group-theory	An infinite finitely presented simple amenable group	an-infinite-finitely-presented-simple-amenable-group	group-theory/253-an-infinite-finitely-presented-simple-amenable-group.md	T3	1	1	1	1	1	1	295	0	0	0			0	1	0		0	1	0	0	1
254	Group theory	group-theory	Classifying spaces and geometric obstructions for Artin groups	classifying-spaces-and-geometric-obstructions-for-artin-groups	group-theory/254-classifying-spaces-and-geometric-obstructions-for-artin-groups.md	T3	3	2	3	2	2	1	1416	0	0	0		uniform	0	1	0		0	2	0	0	4
255	Group theory	group-theory	Quasi-isometric rigidity of virtually polycyclic groups	quasi-isometric-rigidity-of-virtually-polycyclic-groups	group-theory/255-quasi-isometric-rigidity-of-virtually-polycyclic-groups.md	T2	1	0	1	0	0	1	606	0	0	0		resolution|uniform	0	1	0		0	0	0	0	3
256	Group theory	group-theory	Howie's conjecture on equations over groups	howies-conjecture-on-equations-over-groups	group-theory/256-howies-conjecture-on-equations-over-groups.md	T2	2	0	1	0	0	1	502	0	0	0		resolution|uniform	0	1	0		0	0	0	0	1
257	Group theory	group-theory	A hyperbolic group with no geometric CAT(0) action	a-hyperbolic-group-with-no-geometric-cat-0-action	group-theory/257-a-hyperbolic-group-with-no-geometric-cat-0-action.md	T3	1	1	1	1	1	1	491	0	0	0			0	0	1		0	1	0	0	4
258	Group theory	group-theory	Gersten's conjecture for one-relator groups	gerstens-conjecture-for-one-relator-groups	group-theory/258-gerstens-conjecture-for-one-relator-groups.md	T0	2	0	0	0	0	0	0	0	0	0			0	1	0		0	0	1	1	1
259	Group theory	group-theory	A group without fixed price	a-group-without-fixed-price	group-theory/259-a-group-without-fixed-price.md	T0	1	0	0	0	0	0	0	0	1	0		bound	0	1	1		0	0	0	0	3
260	Mathematical physics	mathematical-physics	Spacetime Penrose inequalities and rigidity	spacetime-penrose-inequalities-and-rigidity	mathematical-physics/260-spacetime-penrose-inequalities-and-rigidity.md	T2	13	0	1	0	0	1	871	0	0	0		bound	0	0	0		0	0	18	18	2
261	Mathematical physics	mathematical-physics	Localization and delocalization in the Anderson model	localization-and-delocalization-in-the-anderson-model	mathematical-physics/261-localization-and-delocalization-in-the-anderson-model.md	T2	2	0	1	0	0	1	474	0	0	0		resolution|uniform	0	0	0		0	0	0	0	2
262	Mathematical physics	mathematical-physics	Sharp one-dimensional Lieb--Thirring inequalities	sharp-one-dimensional-lieb-thirring-inequalities	mathematical-physics/262-sharp-one-dimensional-lieb-thirring-inequalities.md	T3	3	1	1	1	1	1	423	0	0	0		bound|uniform	0	0	0		0	1	0	0	2
263	Mathematical physics	mathematical-physics	The ionization and generalized ionization conjectures	ionization-and-generalized-ionization-conjectures	mathematical-physics/263-ionization-and-generalized-ionization-conjectures.md	T3	3	1	2	1	1	1	1144	0	0	0		bound|partial	0	1	0		0	1	3	4	1
264	Mathematical physics	mathematical-physics	Strong cosmic censorship near two-ended Kerr data	strong-cosmic-censorship-near-two-ended-kerr-data	mathematical-physics/264-strong-cosmic-censorship-near-two-ended-kerr-data.md	T0	3	0	0	0	0	0	0	0	0	0			0	0	0		0	0	6	6	3
265	Mathematical physics	mathematical-physics	The two-dimensional gapped area law	two-dimensional-gapped-area-law	mathematical-physics/265-two-dimensional-gapped-area-law.md	T0	2	0	0	0	0	0	0	0	0	0		bound|partial|uniform	0	0	0		0	0	2	2	7
266	Mathematical physics	mathematical-physics	Exactly three mutually unbiased bases in dimension six	exactly-three-mutually-unbiased-bases-in-dimension-six	mathematical-physics/266-exactly-three-mutually-unbiased-bases-in-dimension-six.md	T2	2	0	2	0	0	1	1063	1	0	0		resolution	0	1	0		0	0	1	1	2
267	Mathematical physics	mathematical-physics	Positive-temperature Bose--Einstein condensation and quantum depletion	positive-temperature-bose-einstein-condensation-and-quantum-depletion	mathematical-physics/267-positive-temperature-bose-einstein-condensation-and-quantum-depletion.md	T2	5	0	1	0	0	1	630	0	0	0		bound|density	0	0	0		0	0	5	5	5
268	Mathematical physics	mathematical-physics	The spin-one Haldane gap	spin-one-haldane-gap	mathematical-physics/268-spin-one-haldane-gap.md	T0	2	0	0	0	0	0	0	2	0	0		resolution|bound|uniform	0	1	0		0	0	2	2	5
269	Mathematical physics	mathematical-physics	The Laughlin gap and stability under scalar disorder	laughlin-gap-and-stability-under-scalar-disorder	mathematical-physics/269-laughlin-gap-and-stability-under-scalar-disorder.md	T3	2	1	4	1	1	1	1241	2	0	0		resolution|bound|uniform	0	1	0		0	1	0	0	6
270	Mathematical physics	mathematical-physics	Threshold and positive-energy bound states of the BFSS model	threshold-and-positive-energy-bound-states-of-the-bfss-model	mathematical-physics/270-threshold-and-positive-energy-bound-states-of-the-bfss-model.md	T0	2	0	0	0	0	0	0	0	0	0		resolution|bound|uniform	0	1	0		0	0	0	0	3
271	Mathematical physics	mathematical-physics	Bloch's law and spontaneous ferromagnetic order	blochs-law-and-spontaneous-ferromagnetic-order	mathematical-physics/271-blochs-law-and-spontaneous-ferromagnetic-order.md	T2	4	0	1	0	0	1	523	0	0	0	spontaneous-magnetization-quantum-heisenberg-ferromagnet		0	0	0		1	0	2	2	6
272	Mathematical physics	mathematical-physics	Entanglement without secret key and the PPT-square conjecture	entanglement-without-secret-key-and-the-ppt-square-conjecture	mathematical-physics/272-entanglement-without-secret-key-and-the-ppt-square-conjecture.md	T2	1	0	2	0	0	1	569	1	0	0		counterexample	0	1	1		0	0	0	0	3
273	Mathematical physics	mathematical-physics	The entropy photon-number inequality	entropy-photon-number-inequality	mathematical-physics/273-entropy-photon-number-inequality.md	T2	1	0	1	0	0	1	614	0	0	0		bound|uniform	0	0	0		0	0	0	0	5
274	Mathematical physics	mathematical-physics	Moore's parity conjecture for $\mathrm{QAC}^0$	moores-parity-conjecture-for-qac-0	mathematical-physics/274-moores-parity-conjecture-for-qac-0.md	T3	2	2	2	2	2	1	1108	0	0	0		resolution|bound|uniform	0	1	0		0	2	1	1	6
275	Mathematical physics	mathematical-physics	QMA-hardness of continuum Coulomb energy	qma-hardness-of-continuum-coulomb-energy	mathematical-physics/275-qma-hardness-of-continuum-coulomb-energy.md	T2	2	0	1	0	0	1	1125	0	0	0			0	0	0		0	0	2	1	2
276	Mathematical physics	mathematical-physics	The classical capacity of generalized amplitude damping	classical-capacity-of-generalized-amplitude-damping	mathematical-physics/276-classical-capacity-of-generalized-amplitude-damping.md	T3	1	1	1	1	1	1	522	0	0	0			0	0	0		0	1	0	0	4
277	Mathematical physics	mathematical-physics	Threshold repetition for entangled games	threshold-repetition-for-entangled-games	mathematical-physics/277-threshold-repetition-for-entangled-games.md	T3	1	1	1	1	1	1	588	0	0	0		uniform	0	1	0		0	1	0	0	2
278	Mathematical physics	mathematical-physics	Failure of Kohn--Sham ensemble representation	failure-of-kohn-sham-ensemble-representation	mathematical-physics/278-failure-of-kohn-sham-ensemble-representation.md	T0	1	0	0	0	0	0	0	0	0	0		counterexample|density	0	0	1		0	0	0	0	1
279	Mathematical physics	mathematical-physics	Exact quantum factoring over a fixed finite gate set	exact-quantum-factoring-over-a-fixed-finite-gate-set	mathematical-physics/279-exact-quantum-factoring-over-a-fixed-finite-gate-set.md	T2	1	0	1	0	0	1	440	0	0	0		uniform	0	0	0		0	0	0	0	4
280	Mathematical physics	mathematical-physics	Strong locality for strongly rational unitary vertex operator algebras	strong-locality-for-strongly-rational-unitary-vertex-operator-algebras	mathematical-physics/280-strong-locality-for-strongly-rational-unitary-vertex-operator-algebras.md	T2	1	0	1	0	0	1	585	0	0	0		resolution	0	1	0		0	0	0	0	4
281	Mathematical physics	mathematical-physics	QAOA optimality for the SK model	qaoa-optimality-for-the-sk-model	mathematical-physics/281-qaoa-optimality-for-the-sk-model.md	T2	2	0	2	0	0	1	1339	0	0	0		uniform	0	0	0		0	0	0	0	8
282	Mathematical physics	mathematical-physics	Scale-to-conformal enhancement in four-dimensional QFT	scale-to-conformal-enhancement-in-four-dimensional-qft	mathematical-physics/282-scale-to-conformal-enhancement-in-four-dimensional-qft.md	T0	1	0	0	0	0	0	0	0	0	0		bound|conditional	1	0	0		0	0	0	0	2
283	Mathematical physics	mathematical-physics	Polynomial-time, constant-error unitary synthesis from a Boolean oracle	polynomial-time-constant-error-unitary-synthesis-from-a-boolean-oracle	mathematical-physics/283-polynomial-time-constant-error-unitary-synthesis-from-a-boolean-oracle.md	T0	1	0	0	0	0	0	0	0	0	0		bound|uniform	0	0	0		0	0	0	0	4
284	Mathematical physics	mathematical-physics	The optimal randomized--quantum query exponent	optimal-randomized-quantum-query-exponent	mathematical-physics/284-optimal-randomized-quantum-query-exponent.md	T0	1	0	0	0	0	0	0	0	0	0		bound|partial	0	1	1		0	0	0	0	2
285	Operator algebras	operator-algebras	Counterexamples to Baum--Connes and Kadison--Kaplansky	counterexamples-to-baum-connes-and-kadison-kaplansky	operator-algebras/285-counterexamples-to-baum-connes-and-kadison-kaplansky.md	T0	3	0	0	0	0	0	0	0	0	0		resolution|counterexample	0	1	1		0	0	2	2	2
286	Operator algebras	operator-algebras	Arithmetic rigidity of lattice von Neumann algebras	arithmetic-rigidity-of-lattice-von-neumann-algebras	operator-algebras/286-arithmetic-rigidity-of-lattice-von-neumann-algebras.md	T0	2	0	0	0	0	0	0	0	0	0		classification|uniform	0	0	0		0	0	3	2	4
287	Operator algebras	operator-algebras	All nonabelian free group factors are isomorphic	all-nonabelian-free-group-factors-are-isomorphic	operator-algebras/287-all-nonabelian-free-group-factors-are-isomorphic.md	T2	1	0	1	0	0	1	400	0	0	0	free-group-factor-isomorphism	resolution	0	1	0		1	0	0	2	3
288	Operator algebras	operator-algebras	Kadison's similarity conjecture	kadisons-similarity-conjecture	operator-algebras/288-kadisons-similarity-conjecture.md	T2	1	0	2	0	0	1	574	0	0	0		bound	0	1	0		0	0	1	2	2
289	Operator algebras	operator-algebras	The strong Kadison--Kastler conjecture	strong-kadison-kastler-conjecture	operator-algebras/289-strong-kadison-kastler-conjecture.md	T2	3	0	1	0	0	1	433	0	0	0		counterexample	0	1	1		0	0	1	0	2
290	Operator algebras	operator-algebras	Connes' bicentralizer conjecture and relative bicentralizers	connes-bicentralizer-conjecture-and-relative-bicentralizers	operator-algebras/290-connes-bicentralizer-conjecture-and-relative-bicentralizers.md	T3	2	1	1	1	1	1	559	0	0	0		resolution|uniform	0	1	0		0	1	0	0	3
291	Operator algebras	operator-algebras	Toms--Winter and equivariant Jiang--Su stability	toms-winter-and-equivariant-jiang-su-stability	operator-algebras/291-toms-winter-and-equivariant-jiang-su-stability.md	T3	4	1	1	1	1	1	732	0	0	0		resolution|uniform	0	1	0		0	1	0	1	2
292	Operator algebras	operator-algebras	A counterexample to Kirchberg's norm-ultrapower embedding problem	a-counterexample-to-kirchbergs-norm-ultrapower-embedding-problem	operator-algebras/292-a-counterexample-to-kirchbergs-norm-ultrapower-embedding-problem.md	T2	1	0	1	0	0	1	457	0	0	0			0	1	1		0	0	0	0	2
293	Operator algebras	operator-algebras	A counterexample to the hyperinvariant-subspace problem	a-counterexample-to-the-hyperinvariant-subspace-problem	operator-algebras/293-a-counterexample-to-the-hyperinvariant-subspace-problem.md	T3	2	1	6	1	1	1	1526	0	0	0			0	1	1		0	1	2	2	2
294	Operator algebras	operator-algebras	A counterexample to Kaplansky's quasitrace conjecture	a-counterexample-to-kaplanskys-quasitrace-conjecture	operator-algebras/294-a-counterexample-to-kaplanskys-quasitrace-conjecture.md	T3	1	1	2	1	1	1	674	0	0	0		counterexample	0	1	1		0	1	0	0	1
295	Operator algebras	operator-algebras	The Kadison--Ringrose cohomology conjecture	kadison-ringrose-cohomology-conjecture	operator-algebras/295-kadison-ringrose-cohomology-conjecture.md	T2	1	0	1	0	0	1	416	0	0	0		resolution|bound	0	1	0		0	0	0	0	2
296	Operator algebras	operator-algebras	The generator problem for finite factors	generator-problem-for-finite-factors	operator-algebras/296-generator-problem-for-finite-factors.md	T3	1	1	2	1	1	1	685	0	0	0		resolution|uniform	0	1	0		0	1	1	0	2
297	Operator algebras	operator-algebras	A ZFC counterexample to Naimark's problem	a-zfc-counterexample-to-naimarks-problem	operator-algebras/297-a-zfc-counterexample-to-naimarks-problem.md	T2	1	0	1	0	0	1	474	0	0	0		counterexample|classification	0	1	1		0	0	0	0	4
298	Operator algebras	operator-algebras	A counterexample to Voiculescu’s free-entropy equality conjecture	a-counterexample-to-voiculescus-free-entropy-equality-conjecture	operator-algebras/298-a-counterexample-to-voiculescus-free-entropy-equality-conjecture.md	T2	1	0	1	0	0	1	516	0	0	0		bound	0	1	1		0	0	0	0	2
299	Operator algebras	operator-algebras	The Kirchberg--R\o rdam character criterion	kirchberg-r-rdam-character-criterion	operator-algebras/299-kirchberg-r-rdam-character-criterion.md	T3	1	1	1	1	1	1	423	0	0	0		uniform	0	1	0		0	1	0	0	1
300	Operator algebras	operator-algebras	The Popa--Vaes quadratic strong-operator paving conjecture	popa-vaes-quadratic-strong-operator-paving-conjecture	operator-algebras/300-popa-vaes-quadratic-strong-operator-paving-conjecture.md	T0	2	0	0	0	0	0	0	0	0	0		resolution|bound	0	1	0		0	0	0	0	1
301	Operator algebras	operator-algebras	Classification by trace cones after Razak--Jacelon stabilization	classification-by-trace-cones-after-razak-jacelon-stabilization	operator-algebras/301-classification-by-trace-cones-after-razak-jacelon-stabilization.md	T0	1	0	0	0	0	0	0	0	0	0		resolution|uniform	0	1	0		0	0	1	0	2
302	Operator algebras	operator-algebras	The Phillips--Toms formula for minimal integer actions	phillips-toms-formula-for-minimal-integer-actions	operator-algebras/302-phillips-toms-formula-for-minimal-integer-actions.md	T0	2	0	0	0	0	0	0	0	0	0		bound|partial|uniform	0	0	0		0	0	2	2	1
303	Operator algebras	operator-algebras	From ordinary to strong pure infiniteness	from-ordinary-to-strong-pure-infiniteness	operator-algebras/303-from-ordinary-to-strong-pure-infiniteness.md	T2	1	0	2	0	0	1	464	0	0	0		resolution	0	1	0		0	0	0	0	1
304	Topology	topology	The Hilbert--Smith conjecture in every dimension	hilbert-smith-conjecture-in-every-dimension	topology/304-hilbert-smith-conjecture-in-every-dimension.md	T0	1	0	0	0	0	0	0	0	0	0		resolution|bound	0	1	0		0	0	0	0	4
305	Topology	topology	Counterexamples to disk embedding and Wall's manifold conjecture	counterexamples-to-disk-embedding-and-walls-manifold-conjecture	topology/305-counterexamples-to-disk-embedding-and-walls-manifold-conjecture.md	T0	3	0	0	0	0	0	0	0	0	0		counterexample	0	1	1		0	0	0	1	5
306	Topology	topology	The purely cosmetic surgery conjecture for knots in $S^3$	purely-cosmetic-surgery-conjecture-for-knots-in-s-3	topology/306-purely-cosmetic-surgery-conjecture-for-knots-in-s-3.md	T0	1	0	0	0	0	0	0	0	0	0			0	1	0		0	0	0	0	3
307	Topology	topology	Failure of rational injectivity for maximal coarse assembly	failure-of-rational-injectivity-for-maximal-coarse-assembly	topology/307-failure-of-rational-injectivity-for-maximal-coarse-assembly.md	T2	2	0	1	0	0	1	536	0	0	0		bound|uniform	0	1	1		0	0	1	0	4
308	Topology	topology	Smith--Toda complexes at every height with varying primes	smith-toda-complexes-at-every-height-with-varying-primes	topology/308-smith-toda-complexes-at-every-height-with-varying-primes.md	T0	2	0	0	0	0	0	0	0	0	0		uniform	0	0	0		0	0	0	0	3
309	Topology	topology	The Kervaire invariant problem at the prime three	kervaire-invariant-problem-at-the-prime-three	topology/309-kervaire-invariant-problem-at-the-prime-three.md	T0	1	0	0	0	0	0	0	0	0	0		resolution	0	1	0		0	0	0	0	1
310	Topology	topology	Quillen's conjecture in rational homology	quillens-conjecture-in-rational-homology	topology/310-quillens-conjecture-in-rational-homology.md	T0	1	0	0	0	0	0	0	0	0	0		resolution|uniform	0	1	0		0	0	0	0	3
311	Topology	topology	Chai's invariant-ideal conjecture	chais-invariant-ideal-conjecture	topology/311-chais-invariant-ideal-conjecture.md	T0	1	0	0	0	0	0	0	0	0	0		resolution	0	1	0		0	0	0	0	1
312	Topology	topology	The Grothendieck homotopy hypothesis	grothendieck-homotopy-hypothesis	topology/312-grothendieck-homotopy-hypothesis.md	T3	1	1	1	1	1	1	479	0	0	0			0	0	0		0	1	0	1	3
313	Topology	topology	Finite generation for the $K(n)$-local sphere	finite-generation-for-the-k-n-local-sphere	topology/313-finite-generation-for-the-k-n-local-sphere.md	T0	1	0	0	0	0	0	0	0	0	0		resolution|uniform	0	1	0		0	0	0	0	1
314	Topology	topology	The chromatic Smith fixed-point problem for finite $p$-groups	chromatic-smith-fixed-point-problem-for-finite-p-groups	topology/314-chromatic-smith-fixed-point-problem-for-finite-p-groups.md	T0	1	0	0	0	0	0	0	0	0	0		bound|uniform	0	0	0		0	0	0	0	2
315	Topology	topology	The four-dimensional Singer conjecture	four-dimensional-singer-conjecture	topology/315-four-dimensional-singer-conjecture.md	T0	1	0	0	0	0	0	0	0	0	0		uniform	0	1	0		0	0	2	0	3
316	Topology	topology	Curtis’s conjecture	curtiss-conjecture	topology/316-curtiss-conjecture.md	T0	1	0	0	0	0	0	0	0	0	0			0	1	0		0	0	0	0	1
317	Topology	topology	Thomason model structures in every strict higher dimension	thomason-model-structures-in-every-strict-higher-dimension	topology/317-thomason-model-structures-in-every-strict-higher-dimension.md	T2	1	0	1	0	0	1	568	0	0	0		resolution|uniform	0	1	0		0	0	1	0	3
318	Topology	topology	Chromatic splitting: counterexamples and filtrations	chromatic-splitting-counterexamples-and-filtrations	topology/318-chromatic-splitting-counterexamples-and-filtrations.md	T0	5	0	0	0	0	0	0	0	0	0		counterexample	0	0	1		0	0	4	4	3
319	Topology	topology	Counterexamples to the Hahn--Wilson conjecture at height two	counterexamples-to-the-hahn-wilson-conjecture-at-height-two	topology/319-counterexamples-to-the-hahn-wilson-conjecture-at-height-two.md	T0	1	0	0	0	0	0	0	0	0	0		counterexample|uniform	0	1	1		0	0	0	0	1
320	Topology	topology	A four-dimensional counterexample to Borel rigidity	a-four-dimensional-counterexample-to-borel-rigidity	topology/320-a-four-dimensional-counterexample-to-borel-rigidity.md	T0	1	0	0	0	0	0	0	0	0	0		counterexample	0	1	1		0	0	0	0	5
321	Topology	topology	A counterexample to Wall's finite D(2) conjecture	a-counterexample-to-walls-finite-d-2-conjecture	topology/321-a-counterexample-to-walls-finite-d-2-conjecture.md	T0	1	0	0	0	0	0	0	0	0	0		counterexample|uniform	0	1	1		0	0	0	0	1
322	Functional analysis	functional-analysis	Tingley's sphere-isometry problem	tingleys-sphere-isometry-problem	functional-analysis/322-tingleys-sphere-isometry-problem.md	T3	1	1	1	1	1	1	450	0	0	0		resolution	0	1	0		0	1	0	1	2
323	Functional analysis	functional-analysis	Relative independence of the separable quotient problem	relative-independence-of-the-separable-quotient-problem	functional-analysis/323-relative-independence-of-the-separable-quotient-problem.md	T2	1	0	1	0	0	1	572	0	0	0		counterexample	0	1	1		0	0	0	0	3
324	Functional analysis	functional-analysis	Lipschitz equivalence without linear isomorphism	lipschitz-equivalence-without-linear-isomorphism	functional-analysis/324-lipschitz-equivalence-without-linear-isomorphism.md	T3	2	2	2	2	2	1	762	0	0	0		resolution	0	1	1		0	2	2	1	4
325	Functional analysis	functional-analysis	The complete Crouzeix conjecture	complete-crouzeix-conjecture	functional-analysis/325-complete-crouzeix-conjecture.md	T3	2	2	5	3	3	1	1323	0	0	0		resolution|bound|uniform	0	1	0		0	3	0	0	1
326	Functional analysis	functional-analysis	The cotype--cotype conjecture under the approximation property	cotype-cotype-conjecture-under-the-approximation-property	functional-analysis/326-cotype-cotype-conjecture-under-the-approximation-property.md	T3	1	1	1	1	1	1	302	0	0	0		resolution|classification	0	1	0		0	1	0	0	2
327	Functional analysis	functional-analysis	Markov type characterizes superreflexivity	markov-type-characterizes-superreflexivity	functional-analysis/327-markov-type-characterizes-superreflexivity.md	T3	1	1	1	1	1	1	542	0	0	0		classification|uniform	0	1	0		0	1	0	0	2
328	Functional analysis	functional-analysis	Fixed points of nonexpansive maps in reflexive Banach spaces	fixed-points-of-nonexpansive-maps-in-reflexive-banach-spaces	functional-analysis/328-fixed-points-of-nonexpansive-maps-in-reflexive-banach-spaces.md	T3	1	1	1	1	1	1	418	0	0	0		resolution|bound|uniform	0	1	0		0	1	0	0	4
329	Functional analysis	functional-analysis	A counterexample to Pietsch's metric-entropy duality conjecture	a-counterexample-to-pietschs-metric-entropy-duality-conjecture	functional-analysis/329-a-counterexample-to-pietschs-metric-entropy-duality-conjecture.md	T3	1	1	1	1	1	1	501	0	0	0		counterexample	0	1	1		0	1	0	0	3
330	Functional analysis	functional-analysis	A negative answer to Kalton's Lipschitz-free approximation question	a-negative-answer-to-kaltons-lipschitz-free-approximation-question	functional-analysis/330-a-negative-answer-to-kaltons-lipschitz-free-approximation-question.md	T2	1	0	2	0	0	1	654	0	0	0		bound|uniform	0	1	1		0	0	0	0	3
331	Functional analysis	functional-analysis	Asymptotic midpoint uniform convexity without asymptotically uniformly convex renorming	asymptotic-midpoint-uniform-convexity-without-asymptotically-uniformly-convex-renorming	functional-analysis/331-asymptotic-midpoint-uniform-convexity-without-asymptotically-uniformly-convex-renorming.md	T3	7	7	7	7	8	1	5449	0	0	0		bound|uniform	0	0	0		0	8	7	7	4
332	Functional analysis	functional-analysis	Metric Markov cotype two for $\ell_1$	metric-markov-cotype-two-for-1	functional-analysis/332-metric-markov-cotype-two-for-1.md	T0	1	0	0	0	0	0	0	0	0	0		resolution|uniform	0	1	0		0	0	0	0	2
333	Differential geometry	differential-geometry	Smooth isometric immersions of surfaces into $\mathbb R^4$	smooth-isometric-immersions-of-surfaces-into-r-4	differential-geometry/333-smooth-isometric-immersions-of-surfaces-into-r-4.md	T2	1	0	1	0	0	1	310	0	0	0		resolution|uniform	0	1	0		0	0	1	0	3
334	Differential geometry	differential-geometry	A smooth surface metric with no local immersion in $\mathbb R^3$	a-smooth-surface-metric-with-no-local-immersion-in-r-3	differential-geometry/334-a-smooth-surface-metric-with-no-local-immersion-in-r-3.md	T3	1	1	1	1	1	1	387	0	0	0			0	1	1		0	1	0	1	3
335	Differential geometry	differential-geometry	Gromov's integral scalar-curvature inequality	gromovs-integral-scalar-curvature-inequality	differential-geometry/335-gromovs-integral-scalar-curvature-inequality.md	T0	2	0	0	0	0	0	0	0	0	0		resolution|uniform	0	1	0		0	0	0	1	3
336	Differential geometry	differential-geometry	Spectral scalar curvature and codimension-two width	spectral-scalar-curvature-and-codimension-two-width	differential-geometry/336-spectral-scalar-curvature-and-codimension-two-width.md	T0	3	0	0	0	0	0	0	0	0	0		bound|partial|uniform	0	0	0		0	0	2	1	4
337	Differential geometry	differential-geometry	Cartan--Hadamard isoperimetry and CAT$(0)$ fillings	cartan-hadamard-isoperimetry-and-cat-0-fillings	differential-geometry/337-cartan-hadamard-isoperimetry-and-cat-0-fillings.md	T2	2	0	2	0	0	1	686	0	0	0		bound|partial|uniform	0	0	0		0	0	0	0	6
338	Differential geometry	differential-geometry	Yau's uniformization conjecture	yaus-uniformization-conjecture	differential-geometry/338-yaus-uniformization-conjecture.md	T0	1	0	0	0	0	0	0	0	0	0			0	1	0		0	0	0	0	3
339	Differential geometry	differential-geometry	Katok's entropy rigidity conjecture	katoks-entropy-rigidity-conjecture	differential-geometry/339-katoks-entropy-rigidity-conjecture.md	T0	1	0	0	0	0	0	0	0	0	0		classification	0	1	0		0	0	0	0	3
340	Differential geometry	differential-geometry	A counterexample to the nearby Lagrangian conjecture	a-counterexample-to-the-nearby-lagrangian-conjecture	differential-geometry/340-a-counterexample-to-the-nearby-lagrangian-conjecture.md	T0	1	0	0	0	0	0	0	0	0	0		resolution|counterexample	0	1	1		0	0	0	0	2
341	Differential geometry	differential-geometry	Donaldson's hypersymplectic deformation conjecture	donaldsons-hypersymplectic-deformation-conjecture	differential-geometry/341-donaldsons-hypersymplectic-deformation-conjecture.md	T0	1	0	0	0	0	0	0	0	0	0			0	1	0		0	0	1	1	5
342	Differential geometry	differential-geometry	Donaldson's tamed-to-compatible conjecture	donaldsons-tamed-to-compatible-conjecture	differential-geometry/342-donaldsons-tamed-to-compatible-conjecture.md	T3	1	1	1	1	1	1	380	0	0	0			0	1	0		0	1	1	1	4
343	Differential geometry	differential-geometry	Sharp symplectic ball-packing criteria in higher dimensions	sharp-symplectic-ball-packing-criteria-in-higher-dimensions	differential-geometry/343-sharp-symplectic-ball-packing-criteria-in-higher-dimensions.md	T2	1	0	2	0	0	1	545	0	0	0		resolution|uniform	0	1	0		0	0	0	1	2
344	Differential geometry	differential-geometry	The metric Blaschke conjecture	metric-blaschke-conjecture	differential-geometry/344-metric-blaschke-conjecture.md	T0	1	0	0	0	0	0	0	0	0	0		resolution	0	1	0		0	0	0	0	3
345	Differential geometry	differential-geometry	Infinitely many closed geodesics on spheres and three-manifolds	infinitely-many-closed-geodesics-on-spheres-and-three-manifolds	differential-geometry/345-infinitely-many-closed-geodesics-on-spheres-and-three-manifolds.md	T0	1	0	0	0	0	0	0	0	0	0			0	0	0		0	0	0	0	2
346	Differential geometry	differential-geometry	Sharp singular-set bounds for stationary integral varifolds	sharp-singular-set-bounds-for-stationary-integral-varifolds	differential-geometry/346-sharp-singular-set-bounds-for-stationary-integral-varifolds.md	T0	2	0	0	0	0	0	0	0	0	0		bound|partial	0	0	0		0	0	2	1	4
347	Differential geometry	differential-geometry	Counterexamples to strong forms of Arnold's fixed-point conjecture	counterexamples-to-strong-forms-of-arnolds-fixed-point-conjecture	differential-geometry/347-counterexamples-to-strong-forms-of-arnolds-fixed-point-conjecture.md	T3	5	1	1	1	1	1	479	0	0	0		counterexample|bound	0	1	1		0	1	1	1	4
348	Differential geometry	differential-geometry	Nonnegatively curved Einstein four-manifolds and a topological gap	nonnegatively-curved-einstein-four-manifolds-and-a-topological-gap	differential-geometry/348-nonnegatively-curved-einstein-four-manifolds-and-a-topological-gap.md	T2	3	0	1	0	0	1	414	2	0	2			0	0	0		0	0	1	1	2
349	Differential geometry	differential-geometry	The Solomon--Yau least-volume conjecture	solomon-yau-least-volume-conjecture	differential-geometry/349-solomon-yau-least-volume-conjecture.md	T0	1	0	0	0	0	0	0	0	0	0		resolution|uniform	0	1	0		0	0	0	1	2
350	Differential geometry	differential-geometry	Yau's nodal conjecture: surfaces and counterexamples	yaus-nodal-conjecture-surfaces-and-counterexamples	differential-geometry/350-yaus-nodal-conjecture-surfaces-and-counterexamples.md	T3	3	2	3	2	3	1	1402	0	0	0		counterexample|bound|partial	0	1	1		0	3	1	1	5
351	Differential geometry	differential-geometry	Scalar curvature detects four-dimensional Ricci-flow singularities	scalar-curvature-detects-four-dimensional-ricci-flow-singularities	differential-geometry/351-scalar-curvature-detects-four-dimensional-ricci-flow-singularities.md	T0	3	0	0	0	0	0	0	0	0	0		counterexample|bound|uniform	0	1	1		0	0	1	1	3
352	Differential geometry	differential-geometry	Finite-time singularity of Calabi flow	finite-time-singularity-of-calabi-flow	differential-geometry/352-finite-time-singularity-of-calabi-flow.md	T0	1	0	0	0	0	0	0	1	0	0		counterexample	0	1	1		0	0	0	0	2
353	Differential geometry	differential-geometry	The sharp dimension threshold for affine Bernstein rigidity	sharp-dimension-threshold-for-affine-bernstein-rigidity	differential-geometry/353-sharp-dimension-threshold-for-affine-bernstein-rigidity.md	T2	2	0	1	0	0	1	580	0	0	0		bound|classification|uniform	0	0	0		0	0	0	0	2
354	Differential geometry	differential-geometry	Isoperimetric regions in the cubic three-torus	isoperimetric-regions-in-the-cubic-three-torus	differential-geometry/354-isoperimetric-regions-in-the-cubic-three-torus.md	T2	1	0	1	0	0	1	500	0	0	0			0	0	0		0	0	0	0	2
355	Differential geometry	differential-geometry	Unique tangent flows at the first surface singularity	unique-tangent-flows-at-the-first-surface-singularity	differential-geometry/355-unique-tangent-flows-at-the-first-surface-singularity.md	T0	1	0	0	0	0	0	0	0	0	0		bound	0	0	0		0	0	0	0	2
356	Differential geometry	differential-geometry	Gigli's characterization of Alexandrov curvature	giglis-characterization-of-alexandrov-curvature	differential-geometry/356-giglis-characterization-of-alexandrov-curvature.md	T3	2	1	1	1	1	1	611	0	0	0		classification	0	1	0		0	1	1	1	2
357	Differential geometry	differential-geometry	Bi-Lipschitz coordinates at every regular RCD point	bi-lipschitz-coordinates-at-every-regular-rcd-point	differential-geometry/357-bi-lipschitz-coordinates-at-every-regular-rcd-point.md	T0	1	0	0	0	0	0	0	0	0	0			0	0	0		0	0	0	0	1
358	Differential geometry	differential-geometry	A three-manifold with no conjugate points and no nonpositively curved metric	a-three-manifold-with-no-conjugate-points-and-no-nonpositively-curved-metric	differential-geometry/358-a-three-manifold-with-no-conjugate-points-and-no-nonpositively-curved-metric.md	T3	1	1	1	1	1	1	542	0	0	0			0	0	1		0	1	0	0	4
359	Differential geometry	differential-geometry	Negative K\"ahler curvature without bounded holomorphic coordinates	negative-k-ahler-curvature-without-bounded-holomorphic-coordinates	differential-geometry/359-negative-k-ahler-curvature-without-bounded-holomorphic-coordinates.md	T3	2	1	1	1	1	1	474	0	0	0		bound|partial	0	0	1		0	1	2	2	3
360	Differential geometry	differential-geometry	Villani’s convexity conjecture and regular optimal transport	villanis-convexity-conjecture-and-regular-optimal-transport	differential-geometry/360-villanis-convexity-conjecture-and-regular-optimal-transport.md	T3	2	2	2	2	2	1	1118	0	0	0		resolution|bound	0	1	0		0	2	1	1	4
361	Differential geometry	differential-geometry	Counterexamples to Yau's harmonic dimension bound	counterexamples-to-yaus-harmonic-dimension-bound	differential-geometry/361-counterexamples-to-yaus-harmonic-dimension-bound.md	T3	2	1	1	1	1	1	575	1	0	0		counterexample|bound|partial|uniform	0	0	1		0	1	0	0	2
362	Partial differential equations	partial-differential-equations	Global smoothness for relativistic Vlasov--Maxwell	global-smoothness-for-relativistic-vlasov-maxwell	partial-differential-equations/362-global-smoothness-for-relativistic-vlasov-maxwell.md	T3	1	1	1	1	1	1	519	0	0	0	relativistic-vlasov-maxwell	bound|density|uniform	0	0	0		1	1	0	0	2
363	Partial differential equations	partial-differential-equations	Boltzmann nonuniqueness with exact local conservation	boltzmann-nonuniqueness-with-exact-local-conservation	partial-differential-equations/363-boltzmann-nonuniqueness-with-exact-local-conservation.md	T2	2	0	1	0	0	1	654	0	0	0		bound|density	0	0	0		0	0	1	1	3
364	Partial differential equations	partial-differential-equations	Kinetic limits and fluctuations over the Boltzmann lifespan	kinetic-limits-and-fluctuations-over-the-boltzmann-lifespan	partial-differential-equations/364-kinetic-limits-and-fluctuations-over-the-boltzmann-lifespan.md	T0	2	0	0	0	0	0	0	0	0	0		bound|density|uniform	0	0	0		0	0	0	0	3
365	Partial differential equations	partial-differential-equations	Joint metric and connection recovery from one boundary patch	joint-metric-and-connection-recovery-from-one-boundary-patch	partial-differential-equations/365-joint-metric-and-connection-recovery-from-one-boundary-patch.md	T3	3	1	1	1	1	1	444	0	0	0		bound|uniform	0	0	0		0	1	2	2	5
366	Partial differential equations	partial-differential-equations	The planar Mumford--Shah regularity conjecture	planar-mumford-shah-regularity-conjecture	partial-differential-equations/366-planar-mumford-shah-regularity-conjecture.md	T0	1	0	0	0	0	0	0	0	0	0		resolution|bound	0	1	0		0	0	0	0	2
367	Partial differential equations	partial-differential-equations	The critical dimension for the one-phase Bernoulli problem	critical-dimension-for-the-one-phase-bernoulli-problem	partial-differential-equations/367-critical-dimension-for-the-one-phase-bernoulli-problem.md	T2	1	0	1	0	0	1	437	1	0	0		bound|partial	0	1	0		0	0	0	0	3
368	Partial differential equations	partial-differential-equations	The three-dimensional Ball--Evans approximation problem	three-dimensional-ball-evans-approximation-problem	partial-differential-equations/368-three-dimensional-ball-evans-approximation-problem.md	T0	2	0	0	0	0	0	0	0	0	0		resolution|bound|uniform	0	1	0		0	0	2	2	1
369	Partial differential equations	partial-differential-equations	The hot spots conjecture for simply connected planar domains	hot-spots-conjecture-for-simply-connected-planar-domains	partial-differential-equations/369-hot-spots-conjecture-for-simply-connected-planar-domains.md	T2	1	0	1	0	0	1	514	0	0	0		bound	0	1	0		0	0	0	0	2
370	Partial differential equations	partial-differential-equations	The subcritical Lane--Emden and H\'enon--Lane--Emden conjectures	subcritical-lane-emden-and-h-lane-emden-conjectures	partial-differential-equations/370-subcritical-lane-emden-and-h-lane-emden-conjectures.md	T3	1	1	1	1	1	1	453	0	0	0		resolution	0	1	0		0	1	0	0	1
371	Partial differential equations	partial-differential-equations	Stable blowup for a defocusing Schr\"odinger equation	stable-blowup-for-a-defocusing-schr-odinger-equation	partial-differential-equations/371-stable-blowup-for-a-defocusing-schr-odinger-equation.md	T2	1	0	1	0	0	1	685	1	0	0			0	0	0		0	0	0	0	3
372	Partial differential equations	partial-differential-equations	Global uniqueness in smooth isotropic elasticity	global-uniqueness-in-smooth-isotropic-elasticity	partial-differential-equations/372-global-uniqueness-in-smooth-isotropic-elasticity.md	T2	1	0	1	0	0	1	432	0	0	0		bound	0	0	0		0	0	0	0	3
373	Partial differential equations	partial-differential-equations	Nonattainment in three-marginal Coulomb transport	nonattainment-in-three-marginal-coulomb-transport	partial-differential-equations/373-nonattainment-in-three-marginal-coulomb-transport.md	T2	1	0	1	0	0	1	619	0	0	0		density|uniform	0	0	0		0	0	0	0	3
374	Partial differential equations	partial-differential-equations	Sharp one-third stability of optimal transport maps	sharp-one-third-stability-of-optimal-transport-maps	partial-differential-equations/374-sharp-one-third-stability-of-optimal-transport-maps.md	T2	1	0	1	0	0	1	657	0	0	0		bound|uniform	0	1	1		0	0	0	0	2
375	Partial differential equations	partial-differential-equations	De Giorgi's conjecture in dimension eight	de-giorgis-conjecture-in-dimension-eight	partial-differential-equations/375-de-giorgis-conjecture-in-dimension-eight.md	T0	1	0	0	0	0	0	0	0	0	0		bound	0	1	0		0	0	0	0	1
376	Partial differential equations	partial-differential-equations	Universal computation in forced Navier--Stokes flows	universal-computation-in-forced-navier-stokes-flows	partial-differential-equations/376-universal-computation-in-forced-navier-stokes-flows.md	T2	9	0	6	0	0	1	3234	0	0	0			0	0	0		0	0	9	9	6
377	Partial differential equations	partial-differential-equations	Interior $C^{1,\alpha}$ regularity for infinity-harmonic functions	interior-c-1-regularity-for-infinity-harmonic-functions	partial-differential-equations/377-interior-c-1-regularity-for-infinity-harmonic-functions.md	T0	1	0	0	0	0	0	0	0	0	0		bound|uniform	0	0	0		0	0	0	0	2
