dir	fam	pdf	formalized	main_tex	build	readme	verification	inputs	covmd	tex	bib	proofs	thms	page
Milnes-rationality-conjecture-for-abelian-varieties-September-23-2026	001	preprints/Milnes-rationality-conjecture-for-abelian-varieties-September-23-2026/paper.pdf	0	Milnes-rationality-conjecture-for-abelian-varieties-September-23-2026/build/main.tex	1	1	0	0	0	9	0	21	21	number-theory/001-milnes-rationality-conjecture.md
Exact-Birch-Swinnerton-Dyer-Formula-from-Low-Selmer-Corank-October-3-2026	002	preprints/Exact-Birch-Swinnerton-Dyer-Formula-from-Low-Selmer-Corank-October-3-2026/exact-bsd-low-selmer-corank.pdf	0	Exact-Birch-Swinnerton-Dyer-Formula-from-Low-Selmer-Corank-October-3-2026/build/main.tex	1	1	0	0	0	12	0	67	73	number-theory/002-full-birch-swinnerton-dyer-formula-in-selmer-coranks-zero-and-one.md
The-Selmer-converse-for-elliptic-curves-at-every-prime-September-24-2026	002	preprints/The-Selmer-converse-for-elliptic-curves-at-every-prime-September-24-2026/main.pdf	0	The-Selmer-converse-for-elliptic-curves-at-every-prime-September-24-2026/build/main.tex	1	1	0	0	0	14	1	45	50	number-theory/002-full-birch-swinnerton-dyer-formula-in-selmer-coranks-zero-and-one.md
The-two-primary-Birch-Swinnerton-Dyer-formula-in-Selmer-corank-at-most-one-September-24-2026	002	preprints/The-two-primary-Birch-Swinnerton-Dyer-formula-in-Selmer-corank-at-most-one-September-24-2026/paper.pdf	0	The-two-primary-Birch-Swinnerton-Dyer-formula-in-Selmer-corank-at-most-one-September-24-2026/build/paper.tex	1	1	0	0	0	17	0	131	135	number-theory/002-full-birch-swinnerton-dyer-formula-in-selmer-coranks-zero-and-one.md
The-Quasi-Riemann-Hypothesis-October-5-2026	003	preprints/The-Quasi-Riemann-Hypothesis-October-5-2026/paper2.pdf	0	The-Quasi-Riemann-Hypothesis-October-5-2026/build/paper2.tex	1	1	0	0	0	1	0	20	23	number-theory/003-quasi-riemann-hypothesis.md
The-Quasi-Riemann-Hypothesis-September-30-2026	003	preprints/The-Quasi-Riemann-Hypothesis-September-30-2026/paper.pdf	1	The-Quasi-Riemann-Hypothesis-September-30-2026/build/paper.tex	1	1	0	0	0	1	0	62	64	number-theory/003-quasi-riemann-hypothesis.md
Uniform-exclusion-of-Landau-Siegel-zeros-October-1-2026	003	preprints/Uniform-exclusion-of-Landau-Siegel-zeros-October-1-2026/paper.pdf	1	Uniform-exclusion-of-Landau-Siegel-zeros-October-1-2026/build/paper.tex	1	1	0	0	0	1	0	5	6	number-theory/003-quasi-riemann-hypothesis.md
A-pointwise-2-converse-for-elliptic-curves-with-rational-two-torsion-September-24-2026	004	preprints/A-pointwise-2-converse-for-elliptic-curves-with-rational-two-torsion-September-24-2026/paper.pdf	0	A-pointwise-2-converse-for-elliptic-curves-with-rational-two-torsion-September-24-2026/build/paper.tex	1	1	0	0	0	11	1	71	72	number-theory/004-hilberts-tenth-problem-over-q.md
Hilberts-tenth-problem-over-the-rational-numbers-September-24-2026	004	preprints/Hilberts-tenth-problem-over-the-rational-numbers-September-24-2026/main.pdf	0	Hilberts-tenth-problem-over-the-rational-numbers-September-24-2026/build/main.tex	1	1	0	0	0	9	1	28	29	number-theory/004-hilberts-tenth-problem-over-q.md
Catalans-constant-is-irrational-September-24-2026	005	preprints/Catalans-constant-is-irrational-September-24-2026/paper.pdf	0	Catalans-constant-is-irrational-September-24-2026/build/main.tex	1	1	0	0	0	9	1	12	13	number-theory/005-irrationality-of-catalans-constant.md
Goldfelds-analytic-density-conjecture-and-the-2-converse-for-elliptic-curves-September-23-2026	006	preprints/Goldfelds-analytic-density-conjecture-and-the-2-converse-for-elliptic-curves-September-23-2026/paper.pdf	0	Goldfelds-analytic-density-conjecture-and-the-2-converse-for-elliptic-curves-September-23-2026/build/main.tex	1	1	0	0	0	15	1	95	94	number-theory/006-goldfelds-conjecture.md
The-mean-analytic-rank-of-quadratic-twists-of-elliptic-curves-September-23-2026	006	preprints/The-mean-analytic-rank-of-quadratic-twists-of-elliptic-curves-September-23-2026/paper.pdf	0	The-mean-analytic-rank-of-quadratic-twists-of-elliptic-curves-September-23-2026/build/main.tex	1	1	0	0	0	8	1	27	28	number-theory/006-goldfelds-conjecture.md
Ordinary-two-point-correlations-of-multiplicative-functions-September-24-2026	007	preprints/Ordinary-two-point-correlations-of-multiplicative-functions-September-24-2026/final.pdf	0	Ordinary-two-point-correlations-of-multiplicative-functions-September-24-2026/build/main.tex	1	1	0	0	0	18	1	62	65	number-theory/007-two-point-chowla-and-the-corrected-binary-elliott-conjecture.md
The-Deligne-Drinfeld-conjecture-September-23-2026	008	preprints/The-Deligne-Drinfeld-conjecture-September-23-2026/paper.pdf	1	The-Deligne-Drinfeld-conjecture-September-23-2026/build/paper.tex	1	1	0	0	0	13	0	25	25	number-theory/008-deligne-drinfeld-conjecture.md
Reconstruction-from-Milnor-K-theory-modulo-the-characteristic-October-5-2026	009	preprints/Reconstruction-from-Milnor-K-theory-modulo-the-characteristic-October-5-2026/paper.pdf	0	Reconstruction-from-Milnor-K-theory-modulo-the-characteristic-October-5-2026/build/build/main.tex	1	1	0	0	0	7	1	10	10	number-theory/009-bogomolov-pop-and-milnor-k-theoretic-reconstruction.md
Reconstruction-of-Function-Fields-from-Mod-ell-Milnor-K-Theory-October-5-2026	009	preprints/Reconstruction-of-Function-Fields-from-Mod-ell-Milnor-K-Theory-October-5-2026/mod-ell-bogomolov-pop.pdf	0	Reconstruction-of-Function-Fields-from-Mod-ell-Milnor-K-Theory-October-5-2026/build/main.tex	1	1	0	0	0	10	0	33	35	number-theory/009-bogomolov-pop-and-milnor-k-theoretic-reconstruction.md
The-Bogomolov-Pop-reconstruction-theorem-September-23-2026	009	preprints/The-Bogomolov-Pop-reconstruction-theorem-September-23-2026/paper.pdf	0	The-Bogomolov-Pop-reconstruction-theorem-September-23-2026/build/paper.tex	1	1	0	0	0	8	1	24	24	number-theory/009-bogomolov-pop-and-milnor-k-theoretic-reconstruction.md
Fontaine-Mazur-modularity-at-the-prime-2-September-23-2026	010	preprints/Fontaine-Mazur-modularity-at-the-prime-2-September-23-2026/paper.pdf	0	Fontaine-Mazur-modularity-at-the-prime-2-September-23-2026/build/main.tex	1	1	0	0	0	9	1	41	43	number-theory/010-fontaine-mazur-modularity-at-the-prime-2-and-2-adic-pro-modularity.md
The-Dimension-of-the-Two-Adic-Hecke-Algebra-at-Odd-Level-October-5-2026	010	preprints/The-Dimension-of-the-Two-Adic-Hecke-Algebra-at-Odd-Level-October-5-2026/two-adic-hecke.pdf	0	The-Dimension-of-the-Two-Adic-Hecke-Algebra-at-Odd-Level-October-5-2026/build/main.tex	1	1	0	0	0	1	1	10	11	number-theory/010-fontaine-mazur-modularity-at-the-prime-2-and-2-adic-pro-modularity.md
Unrestricted-pro-modularity-at-the-prime-two-October-4-2026	010	preprints/Unrestricted-pro-modularity-at-the-prime-two-October-4-2026/two-adic-promodularity.pdf	0	Unrestricted-pro-modularity-at-the-prime-two-October-4-2026/build/source/main.tex	1	1	0	0	0	7	1	19	20	number-theory/010-fontaine-mazur-modularity-at-the-prime-2-and-2-adic-pro-modularity.md
Prime-Predecessors-with-an-Even-Number-of-Prime-Factors-September-17-2026	011	preprints/Prime-Predecessors-with-an-Even-Number-of-Prime-Factors-September-17-2026/paper.pdf	0	Prime-Predecessors-with-an-Even-Number-of-Prime-Factors-September-17-2026/build/main.tex	1	1	0	0	0	9	0	21	29	number-theory/011-ford-konyagin-luca-conjecture-on-prime-predecessors.md
The-Poisson-Dirichlet-Law-for-Prime-Predecessors-September-24-2026	011	preprints/The-Poisson-Dirichlet-Law-for-Prime-Predecessors-September-24-2026/paper.pdf	0	The-Poisson-Dirichlet-Law-for-Prime-Predecessors-September-24-2026/build/paper.tex	1	1	0	0	0	13	1	21	30	number-theory/011-ford-konyagin-luca-conjecture-on-prime-predecessors.md
Weighted-Dilation-Graphs-Smooth-Shifted-Primes-and-Totient-Fibers-September-24-2026	011	preprints/Weighted-Dilation-Graphs-Smooth-Shifted-Primes-and-Totient-Fibers-September-24-2026/paper.pdf	0	Weighted-Dilation-Graphs-Smooth-Shifted-Primes-and-Totient-Fibers-September-24-2026/build/paper.tex	1	1	0	0	0	10	1	27	32	number-theory/011-ford-konyagin-luca-conjecture-on-prime-predecessors.md
The-joint-Dickman-law-for-consecutive-integers-September-24-2026	012	preprints/The-joint-Dickman-law-for-consecutive-integers-September-24-2026/paper.pdf	0	The-joint-Dickman-law-for-consecutive-integers-September-24-2026/build/main.tex	1	1	0	0	0	13	1	36	39	number-theory/012-independent-largest-prime-factors-of-consecutive-integers.md
the-additive-indecomposability-of-the-primes-September-24-2026	013	preprints/the-additive-indecomposability-of-the-primes-September-24-2026/paper.pdf	0	the-additive-indecomposability-of-the-primes-September-24-2026/build/paper.tex	1	1	0	0	0	11	1	11	16	number-theory/013-ostmanns-inverse-goldbach-conjecture.md
Constructible-tame-Hecke-eigensheaves-in-positive-characteristic-October-5-2026	014	preprints/Constructible-tame-Hecke-eigensheaves-in-positive-characteristic-October-5-2026/constructible-tame-hecke-eigensheaves-positive-characteristic.pdf	0	Constructible-tame-Hecke-eigensheaves-in-positive-characteristic-October-5-2026/build/manuscript/main.tex	1	1	0	0	0	10	1	25	25	number-theory/014-restricted-geometric-langlands-generic-ramanujan-and-arthur-parameters.md
Frobenius-Structures-on-Tame-Hecke-Eigensheaves-October-5-2026	014	preprints/Frobenius-Structures-on-Tame-Hecke-Eigensheaves-October-5-2026/tame-hecke-frobenius.pdf	0	Frobenius-Structures-on-Tame-Hecke-Eigensheaves-October-5-2026/build/main.tex	1	1	0	0	0	9	0	13	15	number-theory/014-restricted-geometric-langlands-generic-ramanujan-and-arthur-parameters.md
Global-Arthur-Enhancements-of-Cuspidal-Excursion-Parameters-October-5-2026	014	preprints/Global-Arthur-Enhancements-of-Cuspidal-Excursion-Parameters-October-5-2026/manuscript.pdf	0	Global-Arthur-Enhancements-of-Cuspidal-Excursion-Parameters-October-5-2026/build/manuscript.tex	1	1	0	0	0	1	0	48	48	number-theory/014-restricted-geometric-langlands-generic-ramanujan-and-arthur-parameters.md
Ramanujan-Arthur-Decompositions-of-Cuspidal-Functions-at-Full-Finite-Level-September-24-2026	014	preprints/Ramanujan-Arthur-Decompositions-of-Cuspidal-Functions-at-Full-Finite-Level-September-24-2026/paper.pdf	0	Ramanujan-Arthur-Decompositions-of-Cuspidal-Functions-at-Full-Finite-Level-September-24-2026/build/main.tex	1	1	0	0	0	8	1	41	41	number-theory/014-restricted-geometric-langlands-generic-ramanujan-and-arthur-parameters.md
Rationality-of-the-Canonical-Unramified-Arthur-Filtration-September-24-2026	014	preprints/Rationality-of-the-Canonical-Unramified-Arthur-Filtration-September-24-2026/paper.pdf	0	Rationality-of-the-Canonical-Unramified-Arthur-Filtration-September-24-2026/build/paper.tex	1	1	0	0	0	10	0	27	34	number-theory/014-restricted-geometric-langlands-generic-ramanujan-and-arthur-parameters.md
Tame-Hecke-Eigensheaves-with-Several-Marked-Points-October-5-2026	014	preprints/Tame-Hecke-Eigensheaves-with-Several-Marked-Points-October-5-2026/Tame-Hecke-Eigensheaves-with-Several-Marked-Points.pdf	0	Tame-Hecke-Eigensheaves-with-Several-Marked-Points-October-5-2026/build/main.tex	1	1	0	0	0	11	0	21	23	number-theory/014-restricted-geometric-langlands-generic-ramanujan-and-arthur-parameters.md
Temperedness-at-ramified-places-for-globally-generic-exceptional-groups-October-5-2026	014	preprints/Temperedness-at-ramified-places-for-globally-generic-exceptional-groups-October-5-2026/ramified-ramanujan.pdf	0	Temperedness-at-ramified-places-for-globally-generic-exceptional-groups-October-5-2026/build/paper.tex	1	1	0	0	0	8	0	12	14	number-theory/014-restricted-geometric-langlands-generic-ramanujan-and-arthur-parameters.md
The-Restricted-Geometric-Langlands-Equivalence-in-Positive-Characteristic-September-24-2026	014	preprints/The-Restricted-Geometric-Langlands-Equivalence-in-Positive-Characteristic-September-24-2026/paper.pdf	0	The-Restricted-Geometric-Langlands-Equivalence-in-Positive-Characteristic-September-24-2026/build/main.tex	1	1	0	0	0	10	1	27	30	number-theory/014-restricted-geometric-langlands-generic-ramanujan-and-arthur-parameters.md
Equidistribution-of-Prime-Degree-Torus-Packets-with-Arbitrary-Local-Type-September-24-2026	015	preprints/Equidistribution-of-Prime-Degree-Torus-Packets-with-Arbitrary-Local-Type-September-24-2026/paper.pdf	0	Equidistribution-of-Prime-Degree-Torus-Packets-with-Arbitrary-Local-Type-September-24-2026/build/paper.tex	1	1	0	0	0	7	1	11	11	number-theory/015-torus-packet-equidistribution-in-prime-quartic-and-sextic-degrees.md
Equidistribution-of-Primitive-Quartic-Torus-Packets-for-Arbitrary-Orders-October-5-2026	015	preprints/Equidistribution-of-Primitive-Quartic-Torus-Packets-for-Arbitrary-Orders-October-5-2026/quartic-torus-packets.pdf	0	Equidistribution-of-Primitive-Quartic-Torus-Packets-for-Arbitrary-Orders-October-5-2026/build/manuscript/main.tex	1	1	0	0	0	11	1	40	42	number-theory/015-torus-packet-equidistribution-in-prime-quartic-and-sextic-degrees.md
Equidistribution-of-Primitive-Sextic-Torus-Packets-October-5-2026	015	preprints/Equidistribution-of-Primitive-Sextic-Torus-Packets-October-5-2026/primitive-sextic-torus-packets.pdf	0	Equidistribution-of-Primitive-Sextic-Torus-Packets-October-5-2026/build/main.tex	1	1	0	0	0	11	1	29	32	number-theory/015-torus-packet-equidistribution-in-prime-quartic-and-sextic-degrees.md
Elliptic-Squares-and-Zilber-Pink-for-Curves-in-A2-September-24-2026	016	preprints/Elliptic-Squares-and-Zilber-Pink-for-Curves-in-A2-September-24-2026/paper.pdf	0	Elliptic-Squares-and-Zilber-Pink-for-Curves-in-A2-September-24-2026/build/main.tex	1	1	0	0	0	13	1	34	35	number-theory/016-zilber-pink-in-abelian-varieties-and-the-siegel-threefold.md
Quaternionic-Division-Points-on-Curves-in-the-Siegel-Threefold-September-24-2026	016	preprints/Quaternionic-Division-Points-on-Curves-in-the-Siegel-Threefold-September-24-2026/paper.pdf	0	Quaternionic-Division-Points-on-Curves-in-the-Siegel-Threefold-September-24-2026/build/paper.tex	1	1	0	0	0	9	1	22	22	number-theory/016-zilber-pink-in-abelian-varieties-and-the-siegel-threefold.md
The-Abelian-Zilber-Pink-Conjecture-September-24-2026	016	preprints/The-Abelian-Zilber-Pink-Conjecture-September-24-2026/paper.pdf	0	The-Abelian-Zilber-Pink-Conjecture-September-24-2026/build/paper.tex	1	1	0	0	0	13	1	23	25	number-theory/016-zilber-pink-in-abelian-varieties-and-the-siegel-threefold.md
The-E-times-CM-Component-of-Zilber-Pink-for-Curves-in-A2-September-24-2026	016	preprints/The-E-times-CM-Component-of-Zilber-Pink-for-Curves-in-A2-September-24-2026/paper.pdf	0	The-E-times-CM-Component-of-Zilber-Pink-for-Curves-in-A2-September-24-2026/build/paper.tex	1	1	0	0	0	1	0	8	11	number-theory/016-zilber-pink-in-abelian-varieties-and-the-siegel-threefold.md
The-irrationality-exponent-of-pi-is-2-September-24-2026	017	preprints/The-irrationality-exponent-of-pi-is-2-September-24-2026/paper.pdf	0	The-irrationality-exponent-of-pi-is-2-September-24-2026/build/main.tex	1	1	0	0	0	5	1	11	12	number-theory/017-irrationality-exponent-of-is-2.md
The-Margulis-Platonov-conjecture-over-global-function-fields-October-5-2026	018	preprints/The-Margulis-Platonov-conjecture-over-global-function-fields-October-5-2026/margulis-platonov-global-function-fields.pdf	0	The-Margulis-Platonov-conjecture-over-global-function-fields-October-5-2026/build/main.tex	1	1	0	0	0	15	1	44	45	number-theory/018-margulis-platonov-conjecture-over-global-fields.md
The-Margulis-Platonov-conjecture-over-number-fields-September-23-2026	018	preprints/The-Margulis-Platonov-conjecture-over-number-fields-September-23-2026/paper.pdf	0	The-Margulis-Platonov-conjecture-over-number-fields-September-23-2026/build/preamble.tex	1	1	0	0	0	11	0	39	43	number-theory/018-margulis-platonov-conjecture-over-global-fields.md
Etale-covers-with-a-prescribed-exterior-sheet-September-24-2026	019	preprints/Etale-covers-with-a-prescribed-exterior-sheet-September-24-2026/main.pdf	0	Etale-covers-with-a-prescribed-exterior-sheet-September-24-2026/build/main.tex	1	1	0	0	0	6	1	4	4	number-theory/019-p-adic-section-conjecture.md
The-p-adic-section-conjecture-September-24-2026	019	preprints/The-p-adic-section-conjecture-September-24-2026/main.pdf	0	The-p-adic-section-conjecture-September-24-2026/build/main.tex	1	1	0	0	0	10	1	20	19	number-theory/019-p-adic-section-conjecture.md
Squarefree-values-of-quartics-and-power-free-values-of-polynomials-September-24-2026	020	preprints/Squarefree-values-of-quartics-and-power-free-values-of-polynomials-September-24-2026/manuscript.pdf	1	Squarefree-values-of-quartics-and-power-free-values-of-polynomials-September-24-2026/build/main.tex	1	1	0	0	0	15	1	21	26	number-theory/020-squarefree-quartics-and-power-free-polynomial-values.md
A-quadratic-bound-for-Jacobsthals-function-September-25-2026	021	preprints/A-quadratic-bound-for-Jacobsthals-function-September-25-2026/paper.pdf	1	A-quadratic-bound-for-Jacobsthals-function-September-25-2026/build/main.tex	1	1	0	0	0	15	1	36	38	number-theory/021-a-quadratic-bound-for-jacobsthals-function.md
The-weak-inhomogeneous-Duffin-Schaeffer-conjecture-September-25-2026	022	preprints/The-weak-inhomogeneous-Duffin-Schaeffer-conjecture-September-25-2026/paper.pdf	0	The-weak-inhomogeneous-Duffin-Schaeffer-conjecture-September-25-2026/build/main.tex	1	1	0	0	0	14	1	49	54	number-theory/022-weak-inhomogeneous-duffin-schaeffer-conjecture.md
An-unconditional-first-moment-for-cubic-Gauss-sums-September-25-2026	023	preprints/An-unconditional-first-moment-for-cubic-Gauss-sums-September-25-2026/paper.pdf	0	An-unconditional-first-moment-for-cubic-Gauss-sums-September-25-2026/build/paper.tex	1	1	0	0	0	8	0	25	27	number-theory/023-pattersons-first-moment-for-cubic-gauss-sums.md
An-asymptotic-formula-for-the-number-of-totients-September-25-2026	024	preprints/An-asymptotic-formula-for-the-number-of-totients-September-25-2026/An-asymptotic-formula-for-the-number-of-totients-September-25-2026.pdf	0	An-asymptotic-formula-for-the-number-of-totients-September-25-2026/build/source/main.tex	1	1	0	0	0	8	1	21	22	number-theory/024-an-asymptotic-formula-for-the-number-of-totients.md
Short-Egyptian-fractions-September-25-2026	025	preprints/Short-Egyptian-fractions-September-25-2026/Short-Egyptian-fractions-September-25-2026.pdf	1	Short-Egyptian-fractions-September-25-2026/build/main.tex	1	1	0	0	0	10	1	19	19	number-theory/025-erdoss-short-egyptian-fraction-conjecture.md
Positive-lower-density-of-large-prime-gaps-September-25-2026	026	preprints/Positive-lower-density-of-large-prime-gaps-September-25-2026/main.pdf	0	Positive-lower-density-of-large-prime-gaps-September-25-2026/build/main.tex	1	1	0	0	0	6	1	11	11	number-theory/026-positive-lower-density-of-large-prime-gaps.md
Integral-points-on-character-varieties-of-curves-September-25-2026	027	preprints/Integral-points-on-character-varieties-of-curves-September-25-2026/paper.pdf	0	Integral-points-on-character-varieties-of-curves-September-25-2026/build/main.tex	1	1	0	0	0	11	1	13	15	number-theory/027-integral-density-on-curve-character-varieties.md
Bounded-Step-Walks-on-Gaussian-Primes-September-26-2026	028	preprints/Bounded-Step-Walks-on-Gaussian-Primes-September-26-2026/paper.pdf	1	Bounded-Step-Walks-on-Gaussian-Primes-September-26-2026/build/main.tex	1	1	0	0	0	8	0	14	15	number-theory/028-gaussian-moat-conjecture.md
Primitive-roots-for-every-admissible-integer-base-October-4-2026	029	preprints/Primitive-roots-for-every-admissible-integer-base-October-4-2026/primitive-roots-all-integer-bases.pdf	0	Primitive-roots-for-every-admissible-integer-base-October-4-2026/build/main.tex	1	1	0	0	0	17	0	34	37	number-theory/029-artins-primitive-root-conjecture-infinitude-for-every-base.md
Simultaneous-primitive-roots-a-conditional-lower-bound-for-prime-bases-October-4-2026	029	preprints/Simultaneous-primitive-roots-a-conditional-lower-bound-for-prime-bases-October-4-2026/simultaneous-primitive-roots-conditional-lower-bound-prime-bases.pdf	0	Simultaneous-primitive-roots-a-conditional-lower-bound-for-prime-bases-October-4-2026/build/paper.tex	1	1	0	0	0	8	0	5	10	number-theory/029-artins-primitive-root-conjecture-infinitude-for-every-base.md
Modularity-of-elliptic-curves-over-imaginary-quadratic-fields-October-4-2026	030	preprints/Modularity-of-elliptic-curves-over-imaginary-quadratic-fields-October-4-2026/paper.pdf	0	Modularity-of-elliptic-curves-over-imaginary-quadratic-fields-October-4-2026/build/main.tex	1	1	0	0	0	12	1	26	30	number-theory/030-modularity-over-imaginary-quadratic-fields.md
Open-Homomorphisms-of-Global-Solvably-Closed-Galois-Groups-October-5-2026	031	preprints/Open-Homomorphisms-of-Global-Solvably-Closed-Galois-Groups-October-5-2026/open-homomorphisms-solvably-closed-galois-groups.pdf	0	Open-Homomorphisms-of-Global-Solvably-Closed-Galois-Groups-October-5-2026/build/main.tex	1	1	0	0	0	8	0	18	21	number-theory/031-uchidas-conjecture-for-open-galois-homomorphisms.md
A-Conditional-Reduction-for-Algebraic-Kuga-Satake-Correspondences-September-10-2026	032	preprints/A-Conditional-Reduction-for-Algebraic-Kuga-Satake-Correspondences-September-10-2026/paper.pdf	0	A-Conditional-Reduction-for-Algebraic-Kuga-Satake-Correspondences-September-10-2026/build/paper.tex	1	1	0	0	0	10	0	21	21	algebraic-and-complex-geometry/032-rational-hodge-conjecture-for-cm-abelian-varieties-and-products-of-k3-surfaces.md
Abelian-covers-Gale-correspondences-and-the-Hodge-conjecture-for-powers-September-30-2026	032	preprints/Abelian-covers-Gale-correspondences-and-the-Hodge-conjecture-for-powers-September-30-2026/paper.pdf	0	Abelian-covers-Gale-correspondences-and-the-Hodge-conjecture-for-powers-September-30-2026/build/paper.tex	1	1	0	0	0	1	0	34	38	algebraic-and-complex-geometry/032-rational-hodge-conjecture-for-cm-abelian-varieties-and-products-of-k3-surfaces.md
Algebraic-Kuga-Satake-correspondences-and-Hodge-conjectures-on-a-K3-quadratic-locus-September-30-2026	032	preprints/Algebraic-Kuga-Satake-correspondences-and-Hodge-conjectures-on-a-K3-quadratic-locus-September-30-2026/paper.pdf	0	Algebraic-Kuga-Satake-correspondences-and-Hodge-conjectures-on-a-K3-quadratic-locus-September-30-2026/build/paper.tex	1	1	0	0	0	1	0	39	39	algebraic-and-complex-geometry/032-rational-hodge-conjecture-for-cm-abelian-varieties-and-products-of-k3-surfaces.md
Algebraicity-of-Kuga-Satake-Correspondences-for-K3-Surfaces-October-3-2026	032	preprints/Algebraicity-of-Kuga-Satake-Correspondences-for-K3-Surfaces-October-3-2026/manuscript.pdf	0	Algebraicity-of-Kuga-Satake-Correspondences-for-K3-Surfaces-October-3-2026/build/manuscript.tex	1	1	0	0	0	1	0	39	41	algebraic-and-complex-geometry/032-rational-hodge-conjecture-for-cm-abelian-varieties-and-products-of-k3-surfaces.md
Algebraicity-of-Weil-classes-on-split-abelian-eightfolds-September-18-2026	032	preprints/Algebraicity-of-Weil-classes-on-split-abelian-eightfolds-September-18-2026/paper.pdf	0	Algebraicity-of-Weil-classes-on-split-abelian-eightfolds-September-18-2026/build/paper.tex	1	1	0	0	0	15	0	69	70	algebraic-and-complex-geometry/032-rational-hodge-conjecture-for-cm-abelian-varieties-and-products-of-k3-surfaces.md
The-rational-Hodge-conjecture-for-CM-abelian-varieties-September-30-2026	032	preprints/The-rational-Hodge-conjecture-for-CM-abelian-varieties-September-30-2026/paper.pdf	0	The-rational-Hodge-conjecture-for-CM-abelian-varieties-September-30-2026/build/main.tex	1	1	0	0	0	12	1	32	32	algebraic-and-complex-geometry/032-rational-hodge-conjecture-for-cm-abelian-varieties-and-products-of-k3-surfaces.md
The-rational-Hodge-conjecture-for-products-of-K3-surfaces-October-4-2026	032	preprints/The-rational-Hodge-conjecture-for-products-of-K3-surfaces-October-4-2026/hodge-conjecture-products-k3.pdf	0	The-rational-Hodge-conjecture-for-products-of-K3-surfaces-October-4-2026/build/manuscript/main.tex	1	1	0	0	0	12	1	35	37	algebraic-and-complex-geometry/032-rational-hodge-conjecture-for-cm-abelian-varieties-and-products-of-k3-surfaces.md
Weil-classes-and-Hodge-classes-on-abelian-powers-September-30-2026	032	preprints/Weil-classes-and-Hodge-classes-on-abelian-powers-September-30-2026/paper.pdf	0	Weil-classes-and-Hodge-classes-on-abelian-powers-September-30-2026/build/paper.tex	1	1	0	0	0	1	0	49	49	algebraic-and-complex-geometry/032-rational-hodge-conjecture-for-cm-abelian-varieties-and-products-of-k3-surfaces.md
B-semiampleness-for-compact-log-smooth-Kahler-fibrations-September-10-2026	033	preprints/B-semiampleness-for-compact-log-smooth-Kahler-fibrations-September-10-2026/paper.pdf	0	B-semiampleness-for-compact-log-smooth-Kahler-fibrations-September-10-2026/build/paper.tex	1	1	0	0	0	10	1	27	28	algebraic-and-complex-geometry/033-campanas-orbifold-iitaka-conjecture-and-logarithmic-subadditivity.md
Logarithmic-Kodaira-dimension-and-whole-fiber-variation-September-26-2026	033	preprints/Logarithmic-Kodaira-dimension-and-whole-fiber-variation-September-26-2026/paper.pdf	0	Logarithmic-Kodaira-dimension-and-whole-fiber-variation-September-26-2026/build/main.tex	1	1	0	0	0	15	1	57	58	algebraic-and-complex-geometry/033-campanas-orbifold-iitaka-conjecture-and-logarithmic-subadditivity.md
Orbifold-and-logarithmic-Iitaka-subadditivity-September-26-2026	033	preprints/Orbifold-and-logarithmic-Iitaka-subadditivity-September-26-2026/paper.pdf	0	Orbifold-and-logarithmic-Iitaka-subadditivity-September-26-2026/build/main.tex	1	1	0	0	0	12	1	42	42	algebraic-and-complex-geometry/033-campanas-orbifold-iitaka-conjecture-and-logarithmic-subadditivity.md
Projective-Hodge-lines-and-ordinary-Iitaka-subadditivity-September-27-2026	033	preprints/Projective-Hodge-lines-and-ordinary-Iitaka-subadditivity-September-27-2026/paper.pdf	0	Projective-Hodge-lines-and-ordinary-Iitaka-subadditivity-September-27-2026/build/main.tex	1	1	0	0	0	11	1	29	33	algebraic-and-complex-geometry/033-campanas-orbifold-iitaka-conjecture-and-logarithmic-subadditivity.md
The-reverse-logarithmic-Kodaira-inequality-and-additivity-September-26-2026	033	preprints/The-reverse-logarithmic-Kodaira-inequality-and-additivity-September-26-2026/paper.pdf	0	The-reverse-logarithmic-Kodaira-inequality-and-additivity-September-26-2026/build/main.tex	1	1	0	0	0	10	1	29	32	algebraic-and-complex-geometry/033-campanas-orbifold-iitaka-conjecture-and-logarithmic-subadditivity.md
Abundance-after-nonvanishing-for-compact-Kahler-fourfolds-September-27-2026	034	preprints/Abundance-after-nonvanishing-for-compact-Kahler-fourfolds-September-27-2026/paper.pdf	0	Abundance-after-nonvanishing-for-compact-Kahler-fourfolds-September-27-2026/build/main.tex	1	1	0	0	0	17	1	36	38	algebraic-and-complex-geometry/034-log-abundance-and-effective-iitaka-fibrations.md
Arithmetic-Stein-degree-bounds-for-log-Calabi-Yau-pairs-September-25-2026	034	preprints/Arithmetic-Stein-degree-bounds-for-log-Calabi-Yau-pairs-September-25-2026/paper.pdf	0	Arithmetic-Stein-degree-bounds-for-log-Calabi-Yau-pairs-September-25-2026/build/paper.tex	1	1	0	0	0	1	0	12	13	algebraic-and-complex-geometry/034-log-abundance-and-effective-iitaka-fibrations.md
Conditional-good-minimal-models-for-compact-Kahler-fourfolds-October-5-2026	034	preprints/Conditional-good-minimal-models-for-compact-Kahler-fourfolds-October-5-2026/paper.pdf	0	Conditional-good-minimal-models-for-compact-Kahler-fourfolds-October-5-2026/build/main.tex	1	1	0	0	0	21	2	94	102	algebraic-and-complex-geometry/034-log-abundance-and-effective-iitaka-fibrations.md
Fourfold-nonvanishing-by-minimal-metrics-and-moving-jets-September-27-2026	034	preprints/Fourfold-nonvanishing-by-minimal-metrics-and-moving-jets-September-27-2026/paper.pdf	0	Fourfold-nonvanishing-by-minimal-metrics-and-moving-jets-September-27-2026/build/main.tex	1	1	0	0	0	11	0	14	20	algebraic-and-complex-geometry/034-log-abundance-and-effective-iitaka-fibrations.md
Lifting-sections-from-the-reduced-support-of-an-adjoint-September-27-2026	034	preprints/Lifting-sections-from-the-reduced-support-of-an-adjoint-September-27-2026/paper.pdf	0	Lifting-sections-from-the-reduced-support-of-an-adjoint-September-27-2026/build/main.tex	1	1	0	0	0	11	0	19	21	algebraic-and-complex-geometry/034-log-abundance-and-effective-iitaka-fibrations.md
Log-abundance-for-compact-Kahler-spaces-under-logarithmic-Iitaka-subadditivity-October-4-2026	034	preprints/Log-abundance-for-compact-Kahler-spaces-under-logarithmic-Iitaka-subadditivity-October-4-2026/main.pdf	0	Log-abundance-for-compact-Kahler-spaces-under-logarithmic-Iitaka-subadditivity-October-4-2026/build/main.tex	1	1	0	0	0	14	1	96	97	algebraic-and-complex-geometry/034-log-abundance-and-effective-iitaka-fibrations.md
Log-abundance-in-characteristic-zero-September-24-2026	034	preprints/Log-abundance-in-characteristic-zero-September-24-2026/paper.pdf	0	Log-abundance-in-characteristic-zero-September-24-2026/build/main.tex	1	1	0	0	0	16	1	50	54	algebraic-and-complex-geometry/034-log-abundance-and-effective-iitaka-fibrations.md
Minimal-metrics-and-interior-injectivity-for-nef-adjoints-September-27-2026	034	preprints/Minimal-metrics-and-interior-injectivity-for-nef-adjoints-September-27-2026/paper.pdf	0	Minimal-metrics-and-interior-injectivity-for-nef-adjoints-September-27-2026/build/main.tex	1	1	0	0	0	7	0	8	12	algebraic-and-complex-geometry/034-log-abundance-and-effective-iitaka-fibrations.md
Relative-denominators-and-effective-systems-for-log-Calabi-Yau-fibrations-September-27-2026	034	preprints/Relative-denominators-and-effective-systems-for-log-Calabi-Yau-fibrations-September-27-2026/paper.pdf	0	Relative-denominators-and-effective-systems-for-log-Calabi-Yau-fibrations-September-27-2026/build/main.tex	1	1	0	0	0	9	0	4	5	algebraic-and-complex-geometry/034-log-abundance-and-effective-iitaka-fibrations.md
Schnell-fiber-spaces-and-good-canonical-models-September-24-2026	034	preprints/Schnell-fiber-spaces-and-good-canonical-models-September-24-2026/paper.pdf	0	Schnell-fiber-spaces-and-good-canonical-models-September-24-2026/build/main.tex	1	1	0	0	0	5	1	6	7	algebraic-and-complex-geometry/034-log-abundance-and-effective-iitaka-fibrations.md
Uniform-Pluricanonical-Iitaka-Fibrations-October-3-2026	034	preprints/Uniform-Pluricanonical-Iitaka-Fibrations-October-3-2026/paper.pdf	0	Uniform-Pluricanonical-Iitaka-Fibrations-October-3-2026/build/main.tex	1	1	0	0	0	10	0	23	27	algebraic-and-complex-geometry/034-log-abundance-and-effective-iitaka-fibrations.md
Uniform-effective-log-Iitaka-fibrations-for-fourfolds-September-26-2026	034	preprints/Uniform-effective-log-Iitaka-fibrations-for-fourfolds-September-26-2026/paper.pdf	0	Uniform-effective-log-Iitaka-fibrations-for-fourfolds-September-26-2026/build/main.tex	1	1	0	0	0	12	0	26	29	algebraic-and-complex-geometry/034-log-abundance-and-effective-iitaka-fibrations.md
Uniform-indices-for-semi-log-canonical-log-Calabi-Yau-pairs-October-5-2026	034	preprints/Uniform-indices-for-semi-log-canonical-log-Calabi-Yau-pairs-October-5-2026/uniform-slc-index.pdf	0	Uniform-indices-for-semi-log-canonical-log-Calabi-Yau-pairs-October-5-2026/build/main.tex	1	1	0	0	0	11	1	18	24	algebraic-and-complex-geometry/034-log-abundance-and-effective-iitaka-fibrations.md
Uniform-log-Iitaka-fibrations-and-bounded-moduli-denominators-October-4-2026	034	preprints/Uniform-log-Iitaka-fibrations-and-bounded-moduli-denominators-October-4-2026/uniform-log-iitaka.pdf	0	Uniform-log-Iitaka-fibrations-and-bounded-moduli-denominators-October-4-2026/build/main.tex	1	1	0	0	0	11	0	26	29	algebraic-and-complex-geometry/034-log-abundance-and-effective-iitaka-fibrations.md
Abundance-in-numerical-dimension-one-for-terminal-threefolds-in-positive-characteristic-September-24-2026	035	preprints/Abundance-in-numerical-dimension-one-for-terminal-threefolds-in-positive-characteristic-September-24-2026/paper.pdf	0	Abundance-in-numerical-dimension-one-for-terminal-threefolds-in-positive-characteristic-September-24-2026/build/paper.tex	1	1	0	0	0	8	1	29	30	algebraic-and-complex-geometry/035-threefold-log-abundance-in-numerical-dimension-one-in-characteristic-p-3.md
Log-abundance-in-numerical-dimension-one-for-threefolds-in-positive-characteristic-October-5-2026	035	preprints/Log-abundance-in-numerical-dimension-one-for-threefolds-in-positive-characteristic-October-5-2026/paper.pdf	0	Log-abundance-in-numerical-dimension-one-for-threefolds-in-positive-characteristic-October-5-2026/build/main.tex	1	1	0	0	0	8	0	9	10	algebraic-and-complex-geometry/035-threefold-log-abundance-in-numerical-dimension-one-in-characteristic-p-3.md
Minimal-models-and-Mori-fibre-spaces-for-generalized-log-canonical-Q-pairs-September-24-2026	036	preprints/Minimal-models-and-Mori-fibre-spaces-for-generalized-log-canonical-Q-pairs-September-24-2026/paper.pdf	0	Minimal-models-and-Mori-fibre-spaces-for-generalized-log-canonical-Q-pairs-September-24-2026/build/main.tex	1	1	0	0	0	15	1	26	29	algebraic-and-complex-geometry/036-numerical-semiampleness-and-generalized-minimal-models.md
Minimal-models-in-numerical-dimension-one-September-24-2026	036	preprints/Minimal-models-in-numerical-dimension-one-September-24-2026/paper.pdf	0	Minimal-models-in-numerical-dimension-one-September-24-2026/build/paper.tex	1	1	0	0	0	5	1	9	9	algebraic-and-complex-geometry/036-numerical-semiampleness-and-generalized-minimal-models.md
Numerical-Semiampleness-of-Nef-Adjoint-Divisors-October-3-2026	036	preprints/Numerical-Semiampleness-of-Nef-Adjoint-Divisors-October-3-2026/paper.pdf	0	Numerical-Semiampleness-of-Nef-Adjoint-Divisors-October-3-2026/build/main.tex	1	1	0	0	0	10	0	20	30	algebraic-and-complex-geometry/036-numerical-semiampleness-and-generalized-minimal-models.md
Numerical-semiampleness-of-nef-adjoint-classes-on-compact-Kahler-manifolds-October-4-2026	036	preprints/Numerical-semiampleness-of-nef-adjoint-classes-on-compact-Kahler-manifolds-October-4-2026/numerical-generalized-abundance.pdf	0	Numerical-semiampleness-of-nef-adjoint-classes-on-compact-Kahler-manifolds-October-4-2026/build/main.tex	1	1	0	0	0	10	2	35	39	algebraic-and-complex-geometry/036-numerical-semiampleness-and-generalized-minimal-models.md
The-normalized-volume-gap-in-dimension-four-September-24-2026	037	preprints/The-normalized-volume-gap-in-dimension-four-September-24-2026/paper.pdf	0	The-normalized-volume-gap-in-dimension-four-September-24-2026/build/paper.tex	1	1	0	0	0	1	0	11	11	algebraic-and-complex-geometry/037-sharp-ordinary-double-point-volume-gap.md
The-ordinary-double-point-gap-in-every-dimension-September-24-2026	037	preprints/The-ordinary-double-point-gap-in-every-dimension-September-24-2026/paper.pdf	0	The-ordinary-double-point-gap-in-every-dimension-September-24-2026/build/paper.tex	1	1	0	0	0	11	1	44	45	algebraic-and-complex-geometry/037-sharp-ordinary-double-point-volume-gap.md
Fujitas-freeness-conjecture-September-23-2026	038	preprints/Fujitas-freeness-conjecture-September-23-2026/Fujitas-freeness-conjecture-September-23-2026.pdf	0	Fujitas-freeness-conjecture-September-23-2026/build/main.tex	1	1	0	0	0	7	1	15	18	algebraic-and-complex-geometry/038-fujitas-freeness-conjecture.md
Maximal-Multipoint-Seshadri-Constants-in-Higher-Dimensions-October-5-2026	039	preprints/Maximal-Multipoint-Seshadri-Constants-in-Higher-Dimensions-October-5-2026/main.pdf	0	Maximal-Multipoint-Seshadri-Constants-in-Higher-Dimensions-October-5-2026/build/main.tex	1	1	0	0	0	18	2	29	30	algebraic-and-complex-geometry/039-nagatas-conjecture-and-maximal-seshadri-constants.md
Maximal-Seshadri-Constants-on-Arbitrary-Polarized-Surfaces-September-23-2026	039	preprints/Maximal-Seshadri-Constants-on-Arbitrary-Polarized-Surfaces-September-23-2026/main.pdf	1	Maximal-Seshadri-Constants-on-Arbitrary-Polarized-Surfaces-September-23-2026/build/preamble.tex	1	1	0	0	0	10	1	17	17	algebraic-and-complex-geometry/039-nagatas-conjecture-and-maximal-seshadri-constants.md
Maximal-multipoint-Seshadri-constants-in-positive-characteristic-October-5-2026	039	preprints/Maximal-multipoint-Seshadri-constants-in-positive-characteristic-October-5-2026/seshadri-positive-characteristic.pdf	0	Maximal-multipoint-Seshadri-constants-in-positive-characteristic-October-5-2026/build/build/main.tex	1	1	0	0	0	8	1	15	15	algebraic-and-complex-geometry/039-nagatas-conjecture-and-maximal-seshadri-constants.md
Nagatas-Conjecture-for-Plane-Curves-September-23-2026	039	preprints/Nagatas-Conjecture-for-Plane-Curves-September-23-2026/main.pdf	1	Nagatas-Conjecture-for-Plane-Curves-September-23-2026/build/main.tex	1	1	0	0	0	8	1	18	18	algebraic-and-complex-geometry/039-nagatas-conjecture-and-maximal-seshadri-constants.md
Blochs-Conjecture-for-Surfaces-with-pg-equals-q-equals-0-September-24-2026	040	preprints/Blochs-Conjecture-for-Surfaces-with-pg-equals-q-equals-0-September-24-2026/paper.pdf	0	Blochs-Conjecture-for-Surfaces-with-pg-equals-q-equals-0-September-24-2026/build/paper.tex	1	1	0	0	0	12	0	33	33	algebraic-and-complex-geometry/040-blochs-conjecture-for-complex-surfaces.md
Projective-Space-Bases-of-Lagrangian-Fibrations-September-23-2026	041	preprints/Projective-Space-Bases-of-Lagrangian-Fibrations-September-23-2026/main.pdf	0	Projective-Space-Bases-of-Lagrangian-Fibrations-September-23-2026/build/source/main.tex	1	1	0	0	0	13	1	76	78	algebraic-and-complex-geometry/041-hyperk-ahler-syz-and-projective-space-bases.md
The-Strong-Hyperkahler-SYZ-Conjecture-September-23-2026	041	preprints/The-Strong-Hyperkahler-SYZ-Conjecture-September-23-2026/main.pdf	0	The-Strong-Hyperkahler-SYZ-Conjecture-September-23-2026/build/main.tex	1	1	0	0	0	9	1	12	17	algebraic-and-complex-geometry/041-hyperk-ahler-syz-and-projective-space-bases.md
Every-complex-K3-surface-is-Oka-September-23-2026	042	preprints/Every-complex-K3-surface-is-Oka-September-23-2026/paper.pdf	0	Every-complex-K3-surface-is-Oka-September-23-2026/build/paper.tex	1	1	0	0	0	13	1	39	40	algebraic-and-complex-geometry/042-oka-classification-for-k3-surfaces-and-other-compact-complex-surfaces.md
P-equals-W-in-composite-rank-for-fixed-determinant-September-24-2026	043	preprints/P-equals-W-in-composite-rank-for-fixed-determinant-September-24-2026/P-equals-W-in-composite-rank-for-fixed-determinant-September-24-2026.pdf	0	P-equals-W-in-composite-rank-for-fixed-determinant-September-24-2026/build/main.tex	1	1	0	0	0	11	1	31	32	algebraic-and-complex-geometry/043-p-w-for-fixed-determinant-moduli-spaces.md
The-equivariant-cohomological-Hikita-conjecture-for-arbitrary-quivers-September-24-2026	044	preprints/The-equivariant-cohomological-Hikita-conjecture-for-arbitrary-quivers-September-24-2026/main.pdf	0	The-equivariant-cohomological-Hikita-conjecture-for-arbitrary-quivers-September-24-2026/build/main.tex	1	1	0	0	0	10	1	25	25	algebraic-and-complex-geometry/044-equivariant-cohomological-hikita-conjecture-for-quivers.md
A-projective-fourfold-with-large-fundamental-group-and-non-Stein-universal-cover-October-5-2026	046	preprints/A-projective-fourfold-with-large-fundamental-group-and-non-Stein-universal-cover-October-5-2026/large-fundamental-group-non-stein.pdf	0	A-projective-fourfold-with-large-fundamental-group-and-non-Stein-universal-cover-October-5-2026/build/main.tex	1	1	0	0	0	12	1	22	26	algebraic-and-complex-geometry/046-counterexamples-to-shafarevich-holomorphic-convexity.md
A-surface-counterexample-to-Shafarevich-holomorphic-convexity-September-23-2026	046	preprints/A-surface-counterexample-to-Shafarevich-holomorphic-convexity-September-23-2026/paper.pdf	0	A-surface-counterexample-to-Shafarevich-holomorphic-convexity-September-23-2026/build/main.tex	1	1	0	0	0	7	1	19	19	algebraic-and-complex-geometry/046-counterexamples-to-shafarevich-holomorphic-convexity.md
An-explicit-failure-of-complex-affine-space-cancellation-September-23-2026	047	preprints/An-explicit-failure-of-complex-affine-space-cancellation-September-23-2026/paper.pdf	1	An-explicit-failure-of-complex-affine-space-cancellation-September-23-2026/build/main.tex	1	1	0	0	0	10	0	17	17	algebraic-and-complex-geometry/047-complex-counterexamples-to-cancellation-and-affine-fibrations.md
A-singular-normal-affine-surface-with-free-tangent-sheaf-September-23-2026	048	preprints/A-singular-normal-affine-surface-with-free-tangent-sheaf-September-23-2026/paper.pdf	0	A-singular-normal-affine-surface-with-free-tangent-sheaf-September-23-2026/build/paper.tex	1	1	0	0	0	8	0	18	18	algebraic-and-complex-geometry/048-a-characteristic-zero-counterexample-to-lipman-zariski.md
A-stable-coordinate-that-is-not-a-coordinate-in-four-variables-October-5-2026	049	preprints/A-stable-coordinate-that-is-not-a-coordinate-in-four-variables-October-5-2026/stable-coordinate-four-variables.pdf	0	A-stable-coordinate-that-is-not-a-coordinate-in-four-variables-October-5-2026/build/source/main.tex	1	1	0	0	0	6	1	15	15	algebraic-and-complex-geometry/049-a-stable-coordinate-counterexample-in-four-variables.md
An-explicit-noncoordinate-polynomial-with-affine-three-space-zero-fibre-September-24-2026	049	preprints/An-explicit-noncoordinate-polynomial-with-affine-three-space-zero-fibre-September-24-2026/paper.pdf	1	An-explicit-noncoordinate-polynomial-with-affine-three-space-zero-fibre-September-24-2026/build/paper.tex	1	1	0	0	0	1	0	3	3	algebraic-and-complex-geometry/049-a-stable-coordinate-counterexample-in-four-variables.md
ample-rank-two-bundles-on-the-quadric-surface-without-griffiths-positive-metrics-September-24-2026	050	preprints/ample-rank-two-bundles-on-the-quadric-surface-without-griffiths-positive-metrics-September-24-2026/paper.pdf	1	ample-rank-two-bundles-on-the-quadric-surface-without-griffiths-positive-metrics-September-24-2026/build/paper.tex	1	1	0	0	0	7	1	10	10	algebraic-and-complex-geometry/050-a-counterexample-to-griffiths-positivity-conjecture.md
Canonical-ampleness-of-compact-hyperbolic-Kahler-manifolds-September-23-2026	051	preprints/Canonical-ampleness-of-compact-hyperbolic-Kahler-manifolds-September-23-2026/canonical-ampleness.pdf	0	Canonical-ampleness-of-compact-hyperbolic-Kahler-manifolds-September-23-2026/build/main.tex	1	1	0	0	0	10	1	23	25	algebraic-and-complex-geometry/051-kobayashis-canonical-ampleness-conjecture.md
Integrability-of-split-tangent-bundles-on-rationally-connected-manifolds-September-23-2026	052	preprints/Integrability-of-split-tangent-bundles-on-rationally-connected-manifolds-September-23-2026/main.pdf	0	Integrability-of-split-tangent-bundles-on-rationally-connected-manifolds-September-23-2026/build/main.tex	1	1	0	0	0	10	0	10	10	algebraic-and-complex-geometry/052-tangent-bundle-splittings-and-universal-covers.md
Universal-cover-splitting-for-compact-Kahler-manifolds-September-23-2026	052	preprints/Universal-cover-splitting-for-compact-Kahler-manifolds-September-23-2026/paper.pdf	1	Universal-cover-splitting-for-compact-Kahler-manifolds-September-23-2026/build/main.tex	1	1	0	0	0	15	0	31	31	algebraic-and-complex-geometry/052-tangent-bundle-splittings-and-universal-covers.md
A-high-arity-counterexample-to-Pixton-completeness-in-Chow-September-24-2026	053	preprints/A-high-arity-counterexample-to-Pixton-completeness-in-Chow-September-24-2026/paper.pdf	0	A-high-arity-counterexample-to-Pixton-completeness-in-Chow-September-24-2026/build/main.tex	1	1	0	0	0	12	0	30	33	algebraic-and-complex-geometry/053-a-counterexample-to-pixtons-original-completeness-conjecture.md
Irrational-cubic-fourfolds-with-geometric-K3-categories-September-24-2026	054	preprints/Irrational-cubic-fourfolds-with-geometric-K3-categories-September-24-2026/Irrational-cubic-fourfolds-with-geometric-K3-categories-September-24-2026.pdf	0	Irrational-cubic-fourfolds-with-geometric-K3-categories-September-24-2026/build/paper.tex	1	1	0	0	0	8	1	44	46	algebraic-and-complex-geometry/054-counterexamples-to-kuznetsovs-rationality-conjecture.md
A-Gepner-stability-condition-on-every-smooth-quintic-threefold-September-24-2026	055	preprints/A-Gepner-stability-condition-on-every-smooth-quintic-threefold-September-24-2026/paper.pdf	0	A-Gepner-stability-condition-on-every-smooth-quintic-threefold-September-24-2026/build/paper.tex	1	1	0	0	0	7	1	18	19	algebraic-and-complex-geometry/055-todas-gepner-conjecture-and-large-volume-stability.md
Prescribed-large-volume-charges-on-threefolds-with-trivial-canonical-bundle-September-24-2026	055	preprints/Prescribed-large-volume-charges-on-threefolds-with-trivial-canonical-bundle-September-24-2026/paper.pdf	0	Prescribed-large-volume-charges-on-threefolds-with-trivial-canonical-bundle-September-24-2026/build/main.tex	1	1	0	0	0	9	1	34	36	algebraic-and-complex-geometry/055-todas-gepner-conjecture-and-large-volume-stability.md
Finite-ordinary-minimal-model-programs-on-compact-Kahler-fourfolds-October-5-2026	056	preprints/Finite-ordinary-minimal-model-programs-on-compact-Kahler-fourfolds-October-5-2026/paper.pdf	0	Finite-ordinary-minimal-model-programs-on-compact-Kahler-fourfolds-October-5-2026/build/main.tex	1	1	0	0	0	16	1	62	64	algebraic-and-complex-geometry/056-termination-of-fourfold-minimal-model-programs.md
Finite-ordinary-minimal-model-programs-on-compact-Kahler-fourfolds-September-24-2026	056	preprints/Finite-ordinary-minimal-model-programs-on-compact-Kahler-fourfolds-September-24-2026/paper.pdf	0	Finite-ordinary-minimal-model-programs-on-compact-Kahler-fourfolds-September-24-2026/build/main.tex	1	1	0	0	0	10	1	29	28	algebraic-and-complex-geometry/056-termination-of-fourfold-minimal-model-programs.md
Termination-for-projective-log-canonical-fourfolds-with-rational-boundary-September-24-2026	056	preprints/Termination-for-projective-log-canonical-fourfolds-with-rational-boundary-September-24-2026/paper.pdf	0	Termination-for-projective-log-canonical-fourfolds-with-rational-boundary-September-24-2026/build/paper.tex	1	1	0	0	0	11	1	38	38	algebraic-and-complex-geometry/056-termination-of-fourfold-minimal-model-programs.md
Termination-of-generalized-canonical-flips-on-compact-Kahler-fourfolds-October-5-2026	056	preprints/Termination-of-generalized-canonical-flips-on-compact-Kahler-fourfolds-October-5-2026/termination-generalized-terminal-flips-compact-kahler-fourfolds.pdf	0	Termination-of-generalized-canonical-flips-on-compact-Kahler-fourfolds-October-5-2026/build/build/paper.tex	1	1	0	0	0	9	0	13	14	algebraic-and-complex-geometry/056-termination-of-fourfold-minimal-model-programs.md
Termination-of-generalized-log-canonical-flips-on-compact-Kahler-fourfolds-October-5-2026	056	preprints/Termination-of-generalized-log-canonical-flips-on-compact-Kahler-fourfolds-October-5-2026/termination-generalized-lc-kahler-fourfolds.pdf	0	Termination-of-generalized-log-canonical-flips-on-compact-Kahler-fourfolds-October-5-2026/build/main.tex	1	1	0	0	0	12	0	50	60	algebraic-and-complex-geometry/056-termination-of-fourfold-minimal-model-programs.md
A-conditional-abelianity-theorem-for-special-fourfold-pairs-with-a-half-weight-divisor-October-5-2026	057	preprints/A-conditional-abelianity-theorem-for-special-fourfold-pairs-with-a-half-weight-divisor-October-5-2026/main.pdf	0	A-conditional-abelianity-theorem-for-special-fourfold-pairs-with-a-half-weight-divisor-October-5-2026/build/source/preamble.tex	1	1	0	0	0	12	1	35	40	algebraic-and-complex-geometry/057-campanas-abelianity-conjecture-and-special-varieties.md
The-abelianity-conjecture-for-special-compact-Kahler-manifolds-September-23-2026	057	preprints/The-abelianity-conjecture-for-special-compact-Kahler-manifolds-September-23-2026/paper.pdf	0	The-abelianity-conjecture-for-special-compact-Kahler-manifolds-September-23-2026/build/paper.tex	1	1	0	0	0	9	1	30	34	algebraic-and-complex-geometry/057-campanas-abelianity-conjecture-and-special-varieties.md
Two-step-monodromy-of-special-quasi-projective-varieties-September-24-2026	057	preprints/Two-step-monodromy-of-special-quasi-projective-varieties-September-24-2026/paper.pdf	0	Two-step-monodromy-of-special-quasi-projective-varieties-September-24-2026/build/main.tex	1	1	0	1	0	10	1	3	6	algebraic-and-complex-geometry/057-campanas-abelianity-conjecture-and-special-varieties.md
Semialgebraic-universal-covers-of-normal-projective-varieties-September-24-2026	058	preprints/Semialgebraic-universal-covers-of-normal-projective-varieties-September-24-2026/paper.pdf	0	Semialgebraic-universal-covers-of-normal-projective-varieties-September-24-2026/build/main.tex	1	1	0	0	0	10	1	58	59	algebraic-and-complex-geometry/058-koll-pardon-universal-cover-conjecture.md
Symmetry-of-semialgebraic-bounded-domains-with-compact-quotient-September-24-2026	058	preprints/Symmetry-of-semialgebraic-bounded-domains-with-compact-quotient-September-24-2026/paper.pdf	1	Symmetry-of-semialgebraic-bounded-domains-with-compact-quotient-September-24-2026/build/paper.tex	1	1	0	0	0	8	0	13	14	algebraic-and-complex-geometry/058-koll-pardon-universal-cover-conjecture.md
Ambiently-homeomorphic-isolated-hypersurface-germs-in-C4-with-multiplicities-four-and-five-September-27-2026	059	preprints/Ambiently-homeomorphic-isolated-hypersurface-germs-in-C4-with-multiplicities-four-and-five-September-27-2026/paper.pdf	0	Ambiently-homeomorphic-isolated-hypersurface-germs-in-C4-with-multiplicities-four-and-five-September-27-2026/build/paper.tex	1	1	0	0	0	12	1	21	22	algebraic-and-complex-geometry/059-counterexamples-to-zariskis-multiplicity-conjecture.md
Ambiently-homeomorphic-isolated-hypersurfaces-of-multiplicities-two-and-three-September-24-2026	059	preprints/Ambiently-homeomorphic-isolated-hypersurfaces-of-multiplicities-two-and-three-September-24-2026/paper.pdf	0	Ambiently-homeomorphic-isolated-hypersurfaces-of-multiplicities-two-and-three-September-24-2026/build/paper.tex	1	1	1	0	0	10	1	20	29	algebraic-and-complex-geometry/059-counterexamples-to-zariskis-multiplicity-conjecture.md
Global-Spherical-Shells-on-Minimal-Surfaces-of-Class-VII-September-24-2026	060	preprints/Global-Spherical-Shells-on-Minimal-Surfaces-of-Class-VII-September-24-2026/paper.pdf	0	Global-Spherical-Shells-on-Minimal-Surfaces-of-Class-VII-September-24-2026/build/paper.tex	1	1	0	0	0	9	0	32	33	algebraic-and-complex-geometry/060-global-spherical-shell-conjecture.md
Contact-Fano-manifolds-and-the-LeBrun-Salamon-conjecture-September-23-2026	062	preprints/Contact-Fano-manifolds-and-the-LeBrun-Salamon-conjecture-September-23-2026/paper.pdf	0	Contact-Fano-manifolds-and-the-LeBrun-Salamon-conjecture-September-23-2026/build/main.tex	1	1	0	0	0	12	0	31	32	algebraic-and-complex-geometry/062-lebrun-salamon-conjecture-and-projective-contact-classification.md
The-Generalized-Mukai-Conjecture-September-24-2026	063	preprints/The-Generalized-Mukai-Conjecture-September-24-2026/article.pdf	0	The-Generalized-Mukai-Conjecture-September-24-2026/build/main.tex	1	1	0	0	0	7	1	10	13	algebraic-and-complex-geometry/063-generalized-mukai-conjecture.md
Topological-triviality-of-mu-constant-families-of-surface-singularities-September-24-2026	064	preprints/Topological-triviality-of-mu-constant-families-of-surface-singularities-September-24-2026/main.pdf	0	Topological-triviality-of-mu-constant-families-of-surface-singularities-September-24-2026/build/main.tex	1	1	0	0	0	18	1	32	33	algebraic-and-complex-geometry/064-constant-problem-for-surface-singularities.md
Virasoro-Constraints-for-Projective-Complete-Intersections-September-24-2026	065	preprints/Virasoro-Constraints-for-Projective-Complete-Intersections-September-24-2026/article.pdf	0	Virasoro-Constraints-for-Projective-Complete-Intersections-September-24-2026/build/main.tex	1	1	0	0	0	10	1	33	34	algebraic-and-complex-geometry/065-virasoro-constraints-for-complete-intersections-and-projective-bundles.md
Virasoro-Constraints-under-Projectivization-October-5-2026	065	preprints/Virasoro-Constraints-under-Projectivization-October-5-2026/virasoro-constraints-under-projectivization.pdf	0	Virasoro-Constraints-under-Projectivization-October-5-2026/build/paper.tex	1	1	0	0	0	11	0	27	28	algebraic-and-complex-geometry/065-virasoro-constraints-for-complete-intersections-and-projective-bundles.md
Bounded-klt-complements-for-Fano-contractions-September-25-2026	066	preprints/Bounded-klt-complements-for-Fano-contractions-September-25-2026/Bounded-klt-complements-for-Fano-contractions-September-25-2026.pdf	0	Bounded-klt-complements-for-Fano-contractions-September-25-2026/build/main.tex	1	1	0	0	0	17	1	68	69	algebraic-and-complex-geometry/066-bounded-klt-complements-for-fano-contractions.md
Uniform-Cartier-sections-for-Fano-type-contractions-September-25-2026	066	preprints/Uniform-Cartier-sections-for-Fano-type-contractions-September-25-2026/Uniform-Cartier-sections-for-Fano-type-contractions-September-25-2026.pdf	0	Uniform-Cartier-sections-for-Fano-type-contractions-September-25-2026/build/main.tex	1	1	0	0	0	10	1	62	62	algebraic-and-complex-geometry/066-bounded-klt-complements-for-fano-contractions.md
The-Campana-Peternell-conjecture-in-dimension-six-September-25-2026	067	preprints/The-Campana-Peternell-conjecture-in-dimension-six-September-25-2026/main.pdf	0	The-Campana-Peternell-conjecture-in-dimension-six-September-25-2026/build/main.tex	1	1	1	0	0	11	1	13	13	algebraic-and-complex-geometry/067-campana-peternell-conjecture-in-dimension-six.md
Anticanonical-nonvanishing-from-smooth-semipositivity-September-26-2026	068	preprints/Anticanonical-nonvanishing-from-smooth-semipositivity-September-26-2026/main.pdf	0	Anticanonical-nonvanishing-from-smooth-semipositivity-September-26-2026/build/source/main.tex	1	1	0	0	0	8	1	13	13	algebraic-and-complex-geometry/068-anticanonical-nonvanishing-under-smooth-semipositivity.md
Bounded-anticanonical-metrics-on-klt-pairs-and-torus-quotients-September-26-2026	068	preprints/Bounded-anticanonical-metrics-on-klt-pairs-and-torus-quotients-September-26-2026/main.pdf	0	Bounded-anticanonical-metrics-on-klt-pairs-and-torus-quotients-September-26-2026/build/source/main.tex	1	1	0	0	0	5	1	14	14	algebraic-and-complex-geometry/068-anticanonical-nonvanishing-under-smooth-semipositivity.md
Cohomological-transfer-and-equivariant-anticanonical-sections-September-26-2026	068	preprints/Cohomological-transfer-and-equivariant-anticanonical-sections-September-26-2026/main.pdf	0	Cohomological-transfer-and-equivariant-anticanonical-sections-September-26-2026/build/source/main.tex	1	1	0	0	0	15	1	27	28	algebraic-and-complex-geometry/068-anticanonical-nonvanishing-under-smooth-semipositivity.md
Exact-orders-and-invariant-anticanonical-linear-systems-September-26-2026	068	preprints/Exact-orders-and-invariant-anticanonical-linear-systems-September-26-2026/main.pdf	0	Exact-orders-and-invariant-anticanonical-linear-systems-September-26-2026/build/source/main.tex	1	1	0	0	0	16	1	19	21	algebraic-and-complex-geometry/068-anticanonical-nonvanishing-under-smooth-semipositivity.md
Integrable-metrics-and-effectivity-with-controlled-boundary-September-26-2026	068	preprints/Integrable-metrics-and-effectivity-with-controlled-boundary-September-26-2026/main.pdf	0	Integrable-metrics-and-effectivity-with-controlled-boundary-September-26-2026/build/source/main.tex	1	1	0	0	0	11	1	26	27	algebraic-and-complex-geometry/068-anticanonical-nonvanishing-under-smooth-semipositivity.md
Invariant-anticanonical-indices-and-conversion-of-twisted-differentials-September-26-2026	068	preprints/Invariant-anticanonical-indices-and-conversion-of-twisted-differentials-September-26-2026/main.pdf	0	Invariant-anticanonical-indices-and-conversion-of-twisted-differentials-September-26-2026/build/source/main.tex	1	1	0	0	0	6	1	8	11	algebraic-and-complex-geometry/068-anticanonical-nonvanishing-under-smooth-semipositivity.md
Metric-descent-and-rank-preserving-contractions-September-26-2026	068	preprints/Metric-descent-and-rank-preserving-contractions-September-26-2026/main.pdf	0	Metric-descent-and-rank-preserving-contractions-September-26-2026/build/source/main.tex	1	1	0	0	0	12	1	48	46	algebraic-and-complex-geometry/068-anticanonical-nonvanishing-under-smooth-semipositivity.md
Global-quantum-geometric-Langlands-at-irrational-level-October-4-2026	069	preprints/Global-quantum-geometric-Langlands-at-irrational-level-October-4-2026/quantum-langlands.pdf	0	Global-quantum-geometric-Langlands-at-irrational-level-October-4-2026/build/main.tex	1	1	0	0	0	16	0	64	68	algebraic-and-complex-geometry/069-quantum-geometric-langlands-at-irrational-level.md
Koebes-Circle-Domain-Conjecture-September-23-2026	071	preprints/Koebes-Circle-Domain-Conjecture-September-23-2026/paper.pdf	0	Koebes-Circle-Domain-Conjecture-September-23-2026/build/main.tex	1	1	0	0	0	12	0	30	30	real-and-complex-analysis/071-koebes-circle-domain-conjecture-and-circle-domain-rigidity.md
Removable-Boundaries-and-Rigidity-of-Circle-Domains-September-23-2026	071	preprints/Removable-Boundaries-and-Rigidity-of-Circle-Domains-September-23-2026/paper.pdf	0	Removable-Boundaries-and-Rigidity-of-Circle-Domains-September-23-2026/build/main.tex	1	1	0	0	0	10	1	11	12	real-and-complex-analysis/071-koebes-circle-domain-conjecture-and-circle-domain-rigidity.md
A-strict-inverse-first-power-bound-for-univalent-functions-September-24-2026	072	preprints/A-strict-inverse-first-power-bound-for-univalent-functions-September-24-2026/paper.pdf	1	A-strict-inverse-first-power-bound-for-univalent-functions-September-24-2026/build/main.tex	1	1	0	0	0	9	1	15	15	real-and-complex-analysis/072-brennans-conjecture-and-a-counterexample-to-kraetzers-prediction.md
Brennans-conjecture-and-sharp-inverse-square-integral-means-September-24-2026	072	preprints/Brennans-conjecture-and-sharp-inverse-square-integral-means-September-24-2026/paper.pdf	1	Brennans-conjecture-and-sharp-inverse-square-integral-means-September-24-2026/build/main.tex	1	1	0	0	0	10	1	24	23	real-and-complex-analysis/072-brennans-conjecture-and-a-counterexample-to-kraetzers-prediction.md
The-Falconer-distance-conjecture-in-all-dimensions-September-23-2026	073	preprints/The-Falconer-distance-conjecture-in-all-dimensions-September-23-2026/paper.pdf	1	The-Falconer-distance-conjecture-in-all-dimensions-September-23-2026/build/paper.tex	1	1	0	0	0	14	1	45	46	real-and-complex-analysis/073-falconer-distance-conjecture.md
Every-four-dimensional-Kakeya-set-has-full-Hausdorff-dimension-September-24-2026	074	preprints/Every-four-dimensional-Kakeya-set-has-full-Hausdorff-dimension-September-24-2026/paper.pdf	0	Every-four-dimensional-Kakeya-set-has-full-Hausdorff-dimension-September-24-2026/build/paper.tex	1	1	0	0	0	13	1	71	73	real-and-complex-analysis/074-kakeya-in-three-and-four-dimensions.md
The-Kakeya-maximal-conjecture-in-three-dimensions-September-23-2026	074	preprints/The-Kakeya-maximal-conjecture-in-three-dimensions-September-23-2026/paper.pdf	0	The-Kakeya-maximal-conjecture-in-three-dimensions-September-23-2026/build/paper.tex	1	1	0	0	0	16	1	49	51	real-and-complex-analysis/074-kakeya-in-three-and-four-dimensions.md
Almost-everywhere-Fourier-convergence-in-L-log-L-September-23-2026	075	preprints/Almost-everywhere-Fourier-convergence-in-L-log-L-September-23-2026/paper.pdf	0	Almost-everywhere-Fourier-convergence-in-L-log-L-September-23-2026/build/main.tex	1	1	0	0	0	14	1	30	30	real-and-complex-analysis/075-l-l-fourier-convergence-conjecture.md
Asymptotically-minimal-maxima-of-real-Littlewood-polynomials-September-23-2026	076	preprints/Asymptotically-minimal-maxima-of-real-Littlewood-polynomials-September-23-2026/paper.pdf	1	Asymptotically-minimal-maxima-of-real-Littlewood-polynomials-September-23-2026/build/main.tex	1	1	0	0	0	10	1	11	12	real-and-complex-analysis/076-ultraflat-real-littlewood-polynomials.md
Nearly-minimal-maxima-and-positive-minima-of-Littlewood-polynomials-October-5-2026	076	preprints/Nearly-minimal-maxima-and-positive-minima-of-Littlewood-polynomials-October-5-2026/littlewood-lower-envelope.pdf	0	Nearly-minimal-maxima-and-positive-minima-of-Littlewood-polynomials-October-5-2026/build/main.tex	1	1	0	0	0	9	1	8	10	real-and-complex-analysis/076-ultraflat-real-littlewood-polynomials.md
Ultraflat-real-Littlewood-polynomials-October-5-2026	076	preprints/Ultraflat-real-Littlewood-polynomials-October-5-2026/ultraflat-real-littlewood-polynomials.pdf	0	Ultraflat-real-Littlewood-polynomials-October-5-2026/build/main.tex	1	1	0	0	0	7	1	8	10	real-and-complex-analysis/076-ultraflat-real-littlewood-polynomials.md
Diagonal-Fourier-extension-for-positively-curved-surfaces-in-three-dimensions-September-24-2026	077	preprints/Diagonal-Fourier-extension-for-positively-curved-surfaces-in-three-dimensions-September-24-2026/Diagonal-Fourier-extension-for-positively-curved-surfaces-in-three-dimensions-September-24-2026.pdf	0	Diagonal-Fourier-extension-for-positively-curved-surfaces-in-three-dimensions-September-24-2026/build/paper.tex	1	1	0	0	0	9	1	15	16	real-and-complex-analysis/077-fourier-restriction-for-positively-curved-surfaces.md
Elliptic-capacity-propagation-and-Fourier-restriction-to-the-sphere-September-24-2026	077	preprints/Elliptic-capacity-propagation-and-Fourier-restriction-to-the-sphere-September-24-2026/Elliptic-capacity-propagation-and-Fourier-restriction-to-the-sphere-September-24-2026.pdf	0	Elliptic-capacity-propagation-and-Fourier-restriction-to-the-sphere-September-24-2026/build/paper.tex	1	1	0	0	0	14	1	58	60	real-and-complex-analysis/077-fourier-restriction-for-positively-curved-surfaces.md
Bochner-Riesz-Multipliers-in-Three-Dimensions-September-24-2026	078	preprints/Bochner-Riesz-Multipliers-in-Three-Dimensions-September-24-2026/Bochner-Riesz-Multipliers-in-Three-Dimensions-September-24-2026.pdf	0	Bochner-Riesz-Multipliers-in-Three-Dimensions-September-24-2026/build/paper.tex	1	1	0	0	0	18	1	44	49	real-and-complex-analysis/078-three-dimensional-bochner-riesz-conjecture.md
Critical-local-smoothing-for-the-three-dimensional-wave-equation-September-24-2026	079	preprints/Critical-local-smoothing-for-the-three-dimensional-wave-equation-September-24-2026/paper.pdf	0	Critical-local-smoothing-for-the-three-dimensional-wave-equation-September-24-2026/build/main.tex	1	1	0	0	0	12	1	113	113	real-and-complex-analysis/079-sogges-local-smoothing-conjecture-in-dimension-three.md
Endpoint-convergence-for-the-planar-Schrodinger-equation-September-24-2026	080	preprints/Endpoint-convergence-for-the-planar-Schrodinger-equation-September-24-2026/paper.pdf	0	Endpoint-convergence-for-the-planar-Schrodinger-equation-September-24-2026/build/main.tex	1	1	0	0	0	14	0	47	47	real-and-complex-analysis/080-sobolev-endpoint-in-carlesons-schr-odinger-convergence-problem.md
Endpoint-pointwise-convergence-for-the-Schrodinger-equation-in-higher-dimensions-September-24-2026	080	preprints/Endpoint-pointwise-convergence-for-the-Schrodinger-equation-in-higher-dimensions-September-24-2026/paper.pdf	0	Endpoint-pointwise-convergence-for-the-Schrodinger-equation-in-higher-dimensions-September-24-2026/build/paper.tex	1	1	0	0	0	16	1	60	62	real-and-complex-analysis/080-sobolev-endpoint-in-carlesons-schr-odinger-convergence-problem.md
Riesz-transforms-and-uniform-rectifiability-in-higher-codimension-September-24-2026	081	preprints/Riesz-transforms-and-uniform-rectifiability-in-higher-codimension-September-24-2026/paper.pdf	1	Riesz-transforms-and-uniform-rectifiability-in-higher-codimension-September-24-2026/build/paper.tex	1	1	0	0	0	11	1	25	26	real-and-complex-analysis/081-david-semmes-riesz-transform-problem-in-higher-codimension.md
An-L3-bound-for-the-dyadic-triangular-Hilbert-form-October-5-2026	082	preprints/An-L3-bound-for-the-dyadic-triangular-Hilbert-form-October-5-2026/dyadic-triangular-hilbert.pdf	0	An-L3-bound-for-the-dyadic-triangular-Hilbert-form-October-5-2026/build/main.tex	1	1	0	0	0	9	1	9	8	real-and-complex-analysis/082-maximal-and-variational-bounds-for-the-triangular-hilbert-transform.md
Annular-variation-of-the-triangular-Hilbert-transform-at-the-symmetric-point-October-5-2026	082	preprints/Annular-variation-of-the-triangular-Hilbert-transform-at-the-symmetric-point-October-5-2026/annular-variation.pdf	0	Annular-variation-of-the-triangular-Hilbert-transform-at-the-symmetric-point-October-5-2026/build/main.tex	1	1	0	0	0	10	1	27	27	real-and-complex-analysis/082-maximal-and-variational-bounds-for-the-triangular-hilbert-transform.md
The-maximal-triangular-Hilbert-transform-at-the-symmetric-point-September-24-2026	082	preprints/The-maximal-triangular-Hilbert-transform-at-the-symmetric-point-September-24-2026/paper.pdf	1	The-maximal-triangular-Hilbert-transform-at-the-symmetric-point-September-24-2026/build/preamble.tex	1	1	0	0	0	11	1	22	22	real-and-complex-analysis/082-maximal-and-variational-bounds-for-the-triangular-hilbert-transform.md
A-uniform-Hilbert-transform-estimate-for-Lipschitz-directions-September-25-2026	083	preprints/A-uniform-Hilbert-transform-estimate-for-Lipschitz-directions-September-25-2026/main.pdf	0	A-uniform-Hilbert-transform-estimate-for-Lipschitz-directions-September-25-2026/build/main.tex	1	1	0	0	0	15	1	47	50	real-and-complex-analysis/083-steins-conjecture-for-hilbert-transforms-along-lipschitz-directions.md
The-dyadic-case-of-the-Erdos-similarity-conjecture-September-25-2026	084	preprints/The-dyadic-case-of-the-Erdos-similarity-conjecture-September-25-2026/paper.pdf	0	The-dyadic-case-of-the-Erdos-similarity-conjecture-September-25-2026/build/paper.tex	1	1	0	0	0	11	1	8	8	real-and-complex-analysis/084-geometric-case-of-the-erdos-similarity-conjecture.md
The-geometric-case-of-the-Erdos-similarity-conjecture-October-5-2026	084	preprints/The-geometric-case-of-the-Erdos-similarity-conjecture-October-5-2026/geometric-erdos-similarity.pdf	0	The-geometric-case-of-the-Erdos-similarity-conjecture-October-5-2026/build/main.tex	1	1	0	0	0	8	1	9	9	real-and-complex-analysis/084-geometric-case-of-the-erdos-similarity-conjecture.md
An-Endpoint-Gradient-Bound-for-the-Centered-Disk-Maximal-Operator-September-26-2026	085	preprints/An-Endpoint-Gradient-Bound-for-the-Centered-Disk-Maximal-Operator-September-26-2026/article.pdf	1	An-Endpoint-Gradient-Bound-for-the-Centered-Disk-Maximal-Operator-September-26-2026/build/main.tex	1	1	0	0	0	9	1	20	21	real-and-complex-analysis/085-endpoint-regularity-of-the-planar-centered-maximal-function.md
An-L3-bound-for-the-trilinear-Hilbert-transform-October-5-2026	086	preprints/An-L3-bound-for-the-trilinear-Hilbert-transform-October-5-2026/paper.pdf	0	An-L3-bound-for-the-trilinear-Hilbert-transform-October-5-2026/build/paper.tex	1	1	0	0	0	12	1	54	58	real-and-complex-analysis/086-an-l-3-bound-for-the-trilinear-hilbert-transform.md
Symplectic-Balls-in-Symmetric-Polar-Products-September-22-2026	087	preprints/Symplectic-Balls-in-Symmetric-Polar-Products-September-22-2026/paper.pdf	1	Symplectic-Balls-in-Symmetric-Polar-Products-September-22-2026/build/main.tex	1	1	0	0	0	8	1	8	8	convex-and-metric-geometry/087-mahler-conjectures-and-symplectic-width.md
The-Mahler-Conjecture-for-General-Convex-Bodies-September-22-2026	087	preprints/The-Mahler-Conjecture-for-General-Convex-Bodies-September-22-2026/paper.pdf	0	The-Mahler-Conjecture-for-General-Convex-Bodies-September-22-2026/build/main.tex	1	1	1	0	0	13	1	32	35	convex-and-metric-geometry/087-mahler-conjectures-and-symplectic-width.md
The-symmetric-Mahler-conjecture-and-its-equality-cases-September-22-2026	087	preprints/The-symmetric-Mahler-conjecture-and-its-equality-cases-September-22-2026/paper.pdf	1	The-symmetric-Mahler-conjecture-and-its-equality-cases-September-22-2026/build/main.tex	1	1	0	0	0	9	1	14	17	convex-and-metric-geometry/087-mahler-conjectures-and-symplectic-width.md
A-product-counterexample-to-the-simplex-maximum-for-projection-body-volume-September-24-2026	088	preprints/A-product-counterexample-to-the-simplex-maximum-for-projection-body-volume-September-24-2026/paper.pdf	1	A-product-counterexample-to-the-simplex-maximum-for-projection-body-volume-September-24-2026/build/main.tex	1	1	0	0	0	2	0	6	6	convex-and-metric-geometry/088-pettys-projection-volume-conjecture-and-simplex-counterexamples.md
Pettys-projection-volume-conjecture-in-dimensions-at-least-four-September-24-2026	088	preprints/Pettys-projection-volume-conjecture-in-dimensions-at-least-four-September-24-2026/paper.pdf	1	Pettys-projection-volume-conjecture-in-dimensions-at-least-four-September-24-2026/build/latex/main.tex	1	1	0	0	0	9	0	20	21	convex-and-metric-geometry/088-pettys-projection-volume-conjecture-and-simplex-counterexamples.md
L1-Embeddings-of-Graphs-of-Bounded-Treewidth-September-23-2026	089	preprints/L1-Embeddings-of-Graphs-of-Bounded-Treewidth-September-23-2026/paper.pdf	1	L1-Embeddings-of-Graphs-of-Bounded-Treewidth-September-23-2026/build/main.tex	1	1	0	0	0	10	0	21	23	convex-and-metric-geometry/089-bounded-distortion-l-1-embeddings-of-planar-and-bounded-treewidth-graphs.md
Planar-Graph-Metrics-Embed-into-L1-with-Constant-Distortion-September-23-2026	089	preprints/Planar-Graph-Metrics-Embed-into-L1-with-Constant-Distortion-September-23-2026/paper.pdf	1	Planar-Graph-Metrics-Embed-into-L1-with-Constant-Distortion-September-23-2026/build/main.tex	1	1	0	0	0	14	1	35	36	convex-and-metric-geometry/089-bounded-distortion-l-1-embeddings-of-planar-and-bounded-treewidth-graphs.md
A-sharp-Fourier-certificate-for-planar-circle-packing-September-23-2026	090	preprints/A-sharp-Fourier-certificate-for-planar-circle-packing-September-23-2026/paper.pdf	0	A-sharp-Fourier-certificate-for-planar-circle-packing-September-23-2026/build/main.tex	1	1	1	0	0	13	1	20	20	convex-and-metric-geometry/090-universal-optimality-of-the-triangular-lattice.md
An-atomic-certificate-for-triangular-lattice-universal-optimality-September-26-2026	090	preprints/An-atomic-certificate-for-triangular-lattice-universal-optimality-September-26-2026/paper.pdf	0	An-atomic-certificate-for-triangular-lattice-universal-optimality-September-26-2026/build/main.tex	1	1	1	0	0	1	1	13	13	convex-and-metric-geometry/090-universal-optimality-of-the-triangular-lattice.md
Triangular-minimality-for-planar-Coulomb-renormalized-energy-September-23-2026	090	preprints/Triangular-minimality-for-planar-Coulomb-renormalized-energy-September-23-2026/paper.pdf	0	Triangular-minimality-for-planar-Coulomb-renormalized-energy-September-23-2026/build/main.tex	1	1	1	0	0	11	1	20	20	convex-and-metric-geometry/090-universal-optimality-of-the-triangular-lattice.md
Universal-optimality-of-the-triangular-lattice-September-23-2026	090	preprints/Universal-optimality-of-the-triangular-lattice-September-23-2026/paper.pdf	0	Universal-optimality-of-the-triangular-lattice-September-23-2026/build/main.tex	1	1	1	0	0	12	1	25	25	convex-and-metric-geometry/090-universal-optimality-of-the-triangular-lattice.md
The-logarithmic-Brunn-Minkowski-conjecture-September-23-2026	091	preprints/The-logarithmic-Brunn-Minkowski-conjecture-September-23-2026/paper.pdf	1	The-logarithmic-Brunn-Minkowski-conjecture-September-23-2026/build/main.tex	1	1	0	0	0	10	1	7	7	convex-and-metric-geometry/091-logarithmic-brunn-minkowski-conjecture.md
A-single-lattice-covering-bound-of-order-n-log-n-September-23-2026	092	preprints/A-single-lattice-covering-bound-of-order-n-log-n-September-23-2026/paper.pdf	1	A-single-lattice-covering-bound-of-order-n-log-n-September-23-2026/build/main.tex	1	1	0	0	0	9	0	10	10	convex-and-metric-geometry/092-optimal-order-of-convex-body-covering-density.md
Translative-covering-densities-of-order-n-log-n-September-23-2026	092	preprints/Translative-covering-densities-of-order-n-log-n-September-23-2026/paper.pdf	0	Translative-covering-densities-of-order-n-log-n-September-23-2026/build/paper.tex	1	1	0	0	0	13	1	17	17	convex-and-metric-geometry/092-optimal-order-of-convex-body-covering-density.md
A-dimension-free-logarithmic-Sobolev-inequality-for-subgaussian-log-concave-measures-September-23-2026	093	preprints/A-dimension-free-logarithmic-Sobolev-inequality-for-subgaussian-log-concave-measures-September-23-2026/paper.pdf	0	A-dimension-free-logarithmic-Sobolev-inequality-for-subgaussian-log-concave-measures-September-23-2026/build/main.tex	1	1	0	0	0	10	1	44	44	convex-and-metric-geometry/093-dimension-free-logarithmic-sobolev-inequality-for-subgaussian-log-concave-measures.md
Subpolynomial-dimension-reduction-in-Lp-September-23-2026	094	preprints/Subpolynomial-dimension-reduction-in-Lp-September-23-2026/paper.pdf	1	Subpolynomial-dimension-reduction-in-Lp-September-23-2026/build/paper.tex	1	1	0	0	0	2	0	6	7	convex-and-metric-geometry/094-subpolynomial-dimension-reduction-in-l-p.md
A-Nonspectrahedral-Hyperbolicity-Cone-September-24-2026	095	preprints/A-Nonspectrahedral-Hyperbolicity-Cone-September-24-2026/nonspectrahedral-hyperbolicity-cone.pdf	1	A-Nonspectrahedral-Hyperbolicity-Cone-September-24-2026/build/main.tex	1	1	0	0	0	11	1	7	7	convex-and-metric-geometry/095-hyperbolicity-cones-without-semidefinite-lifts.md
An-Exact-Semidefinite-Lift-of-a-Nonspectrahedral-Hyperbolicity-Cone-October-5-2026	095	preprints/An-Exact-Semidefinite-Lift-of-a-Nonspectrahedral-Hyperbolicity-Cone-October-5-2026/Exact-Semidefinite-Lift-of-a-Nonspectrahedral-Hyperbolicity-Cone.pdf	0	An-Exact-Semidefinite-Lift-of-a-Nonspectrahedral-Hyperbolicity-Cone-October-5-2026/build/main.tex	1	1	0	0	0	6	1	5	5	convex-and-metric-geometry/095-hyperbolicity-cones-without-semidefinite-lifts.md
Hyperbolicity-Cones-Without-Semidefinite-Lifts-October-5-2026	095	preprints/Hyperbolicity-Cones-Without-Semidefinite-Lifts-October-5-2026/nonliftable-hyperbolicity.pdf	0	Hyperbolicity-Cones-Without-Semidefinite-Lifts-October-5-2026/build/source/main.tex	1	1	0	0	0	7	1	17	18	convex-and-metric-geometry/095-hyperbolicity-cones-without-semidefinite-lifts.md
The-Gaussian-Propeller-Bound-in-Every-Dimension-September-24-2026	096	preprints/The-Gaussian-Propeller-Bound-in-Every-Dimension-September-24-2026/main.pdf	1	The-Gaussian-Propeller-Bound-in-Every-Dimension-September-24-2026/build/main.tex	1	1	0	0	0	10	0	11	14	convex-and-metric-geometry/096-gaussian-propeller-conjecture.md
The-Euclidean-Steinitz-Bergstrom-theorem-September-24-2026	097	preprints/The-Euclidean-Steinitz-Bergstrom-theorem-September-24-2026/The-Euclidean-Steinitz-Bergstrom-theorem-September-24-2026.pdf	1	The-Euclidean-Steinitz-Bergstrom-theorem-September-24-2026/build/main.tex	1	1	0	0	0	8	1	18	18	convex-and-metric-geometry/097-euclidean-steinitz-bergstr-om-conjecture.md
A-doubling-Hilbert-subset-with-no-finite-dimensional-bi-Lipschitz-embedding-September-25-2026	098	preprints/A-doubling-Hilbert-subset-with-no-finite-dimensional-bi-Lipschitz-embedding-September-25-2026/main.pdf	1	A-doubling-Hilbert-subset-with-no-finite-dimensional-bi-Lipschitz-embedding-September-25-2026/build/main.tex	1	1	0	0	0	1	0	5	6	convex-and-metric-geometry/098-a-negative-answer-to-the-lang-plaut-problem.md
Edit-Distance-in-l1-Matching-Bounds-up-to-Constants-in-the-Exponent-September-27-2026	099	preprints/Edit-Distance-in-l1-Matching-Bounds-up-to-Constants-in-the-Exponent-September-27-2026/paper.pdf	0	Edit-Distance-in-l1-Matching-Bounds-up-to-Constants-in-the-Exponent-September-27-2026/build/main.tex	1	1	0	0	0	7	0	8	11	convex-and-metric-geometry/099-sharp-distortion-of-edit-distance-into-1.md
Finite-Circle-Obstructions-Binary-Codes-and-Histogram-Embeddings-for-Edit-Distance-September-27-2026	099	preprints/Finite-Circle-Obstructions-Binary-Codes-and-Histogram-Embeddings-for-Edit-Distance-September-27-2026/paper.pdf	0	Finite-Circle-Obstructions-Binary-Codes-and-Histogram-Embeddings-for-Edit-Distance-September-27-2026/build/main.tex	1	1	0	0	0	12	0	18	20	convex-and-metric-geometry/099-sharp-distortion-of-edit-distance-into-1.md
Tree-Constructions-for-the-l1-Distortion-of-Binary-Edit-Distance-September-27-2026	099	preprints/Tree-Constructions-for-the-l1-Distortion-of-Binary-Edit-Distance-September-27-2026/paper.pdf	0	Tree-Constructions-for-the-l1-Distortion-of-Binary-Edit-Distance-September-27-2026/build/main.tex	1	1	0	0	0	10	0	17	19	convex-and-metric-geometry/099-sharp-distortion-of-edit-distance-into-1.md
Finite-angular-cylinder-covers-below-the-half-area-bound-September-27-2026	100	preprints/Finite-angular-cylinder-covers-below-the-half-area-bound-September-27-2026/main.pdf	0	Finite-angular-cylinder-covers-below-the-half-area-bound-September-27-2026/build/main.tex	1	1	0	0	0	13	1	9	9	convex-and-metric-geometry/100-a-counterexample-to-bangs-cylinder-covering-bound.md
Finite-cylinder-approximation-of-ruled-sets-September-27-2026	100	preprints/Finite-cylinder-approximation-of-ruled-sets-September-27-2026/main.pdf	0	Finite-cylinder-approximation-of-ruled-sets-September-27-2026/build/main.tex	1	1	0	0	0	8	1	9	9	convex-and-metric-geometry/100-a-counterexample-to-bangs-cylinder-covering-bound.md
Finite-triangular-approximation-of-radial-sweeps-September-27-2026	100	preprints/Finite-triangular-approximation-of-radial-sweeps-September-27-2026/main.pdf	0	Finite-triangular-approximation-of-radial-sweeps-September-27-2026/build/main.tex	1	1	0	0	0	10	1	8	10	convex-and-metric-geometry/100-a-counterexample-to-bangs-cylinder-covering-bound.md
Slope-field-perturbations-of-the-two-cylinder-covering-September-27-2026	100	preprints/Slope-field-perturbations-of-the-two-cylinder-covering-September-27-2026/main.pdf	0	Slope-field-perturbations-of-the-two-cylinder-covering-September-27-2026/build/main.tex	1	1	0	0	0	9	1	8	11	convex-and-metric-geometry/100-a-counterexample-to-bangs-cylinder-covering-bound.md
A-sharp-entropy-bound-and-the-simplex-inequality-for-isotropic-constants-October-5-2026	101	preprints/A-sharp-entropy-bound-and-the-simplex-inequality-for-isotropic-constants-October-5-2026/isotropic-simplex.pdf	0	A-sharp-entropy-bound-and-the-simplex-inequality-for-isotropic-constants-October-5-2026/build/manuscript/main.tex	1	1	1	0	0	9	1	18	18	convex-and-metric-geometry/101-sharp-simplex-conjecture-for-isotropic-constants.md
A-Direct-Proof-of-Optimal-Max-Cut-Hardness-September-23-2026	102	preprints/A-Direct-Proof-of-Optimal-Max-Cut-Hardness-September-23-2026/paper.pdf	1	A-Direct-Proof-of-Optimal-Max-Cut-Hardness-September-23-2026/build/main.tex	1	1	0	0	0	13	1	17	18	theoretical-computer-science/102-unique-games-conjecture-and-optimal-approximation-thresholds.md
Constant-factor-hardness-of-Min-UnCut-September-23-2026	102	preprints/Constant-factor-hardness-of-Min-UnCut-September-23-2026/paper.pdf	0	Constant-factor-hardness-of-Min-UnCut-September-23-2026/build/main.tex	1	1	0	0	0	10	1	17	17	theoretical-computer-science/102-unique-games-conjecture-and-optimal-approximation-thresholds.md
Constant-factor-hardness-of-directed-feedback-vertex-set-September-23-2026	102	preprints/Constant-factor-hardness-of-directed-feedback-vertex-set-September-23-2026/paper.pdf	0	Constant-factor-hardness-of-directed-feedback-vertex-set-September-23-2026/build/main.tex	1	1	0	0	0	10	1	20	22	theoretical-computer-science/102-unique-games-conjecture-and-optimal-approximation-thresholds.md
The-Factor-Two-Hardness-Threshold-for-Vertex-Cover-September-23-2026	102	preprints/The-Factor-Two-Hardness-Threshold-for-Vertex-Cover-September-23-2026/paper.pdf	1	The-Factor-Two-Hardness-Threshold-for-Vertex-Cover-September-23-2026/build/main.tex	1	1	0	0	0	11	1	13	15	theoretical-computer-science/102-unique-games-conjecture-and-optimal-approximation-thresholds.md
The-Unique-Games-Theorem-September-23-2026	102	preprints/The-Unique-Games-Theorem-September-23-2026/paper.pdf	1	The-Unique-Games-Theorem-September-23-2026/build/main.tex	1	1	0	0	0	13	1	29	31	theoretical-computer-science/102-unique-games-conjecture-and-optimal-approximation-thresholds.md
Exact-Derandomization-of-Logarithmic-Space-L-equals-RL-equals-BPL-September-23-2026	103	preprints/Exact-Derandomization-of-Logarithmic-Space-L-equals-RL-equals-BPL-September-23-2026/paper.pdf	0	Exact-Derandomization-of-Logarithmic-Space-L-equals-RL-equals-BPL-September-23-2026/build/main.tex	1	1	0	0	0	17	1	67	67	theoretical-computer-science/103-derandomization-of-logarithmic-space-l-rl-bpl.md
Deterministic-quasipolynomial-time-mean-payoff-games-September-25-2026	104	preprints/Deterministic-quasipolynomial-time-mean-payoff-games-September-25-2026/paper.pdf	0	Deterministic-quasipolynomial-time-mean-payoff-games-September-25-2026/build/source/main.tex	1	1	0	0	0	12	1	14	15	theoretical-computer-science/104-quasipolynomial-algorithms-for-mean-payoff-stochastic-and-parity-games.md
Mean-payoff-parity-games-in-quasipolynomial-time-October-5-2026	104	preprints/Mean-payoff-parity-games-in-quasipolynomial-time-October-5-2026/mean-payoff-parity.pdf	0	Mean-payoff-parity-games-in-quasipolynomial-time-October-5-2026/build/main.tex	1	1	0	0	0	9	1	9	9	theoretical-computer-science/104-quasipolynomial-algorithms-for-mean-payoff-stochastic-and-parity-games.md
Randomized-quasipolynomial-time-mean-payoff-games-September-25-2026	104	preprints/Randomized-quasipolynomial-time-mean-payoff-games-September-25-2026/paper.pdf	1	Randomized-quasipolynomial-time-mean-payoff-games-September-25-2026/build/source/main.tex	1	1	0	0	0	13	1	23	23	theoretical-computer-science/104-quasipolynomial-algorithms-for-mean-payoff-stochastic-and-parity-games.md
Turn-Based-Stochastic-Mean-Payoff-Games-in-Deterministic-Quasipolynomial-Time-October-5-2026	104	preprints/Turn-Based-Stochastic-Mean-Payoff-Games-in-Deterministic-Quasipolynomial-Time-October-5-2026/stochastic-mean-payoff-games.pdf	0	Turn-Based-Stochastic-Mean-Payoff-Games-in-Deterministic-Quasipolynomial-Time-October-5-2026/build/build/main.tex	1	1	0	0	0	6	1	12	13	theoretical-computer-science/104-quasipolynomial-algorithms-for-mean-payoff-stochastic-and-parity-games.md
Perfect-completeness-for-2-to-1-games-September-23-2026	105	preprints/Perfect-completeness-for-2-to-1-games-September-23-2026/paper.pdf	1	Perfect-completeness-for-2-to-1-games-September-23-2026/build/main.tex	1	1	0	0	0	10	1	31	34	theoretical-computer-science/105-2-to-1-games-conjecture-with-perfect-completeness.md
Hardness-of-finding-large-independent-sets-in-three-colorable-graphs-September-24-2026	106	preprints/Hardness-of-finding-large-independent-sets-in-three-colorable-graphs-September-24-2026/Hardness-of-finding-large-independent-sets-in-three-colorable-graphs-September-24-2026.pdf	1	Hardness-of-finding-large-independent-sets-in-three-colorable-graphs-September-24-2026/build/source/main.tex	1	1	0	0	0	9	1	10	12	theoretical-computer-science/106-hardness-of-coloring-three-colorable-graphs.md
Complex-Matrix-Multiplication-Below-2.258-and-Rectangular-Bounds-September-24-2026	107	preprints/Complex-Matrix-Multiplication-Below-2.258-and-Rectangular-Bounds-September-24-2026/Complex-Matrix-Multiplication-Below-2.258-and-Rectangular-Bounds-September-24-2026.pdf	1	Complex-Matrix-Multiplication-Below-2.258-and-Rectangular-Bounds-September-24-2026/build/main.tex	1	1	1	0	0	17	1	44	46	theoretical-computer-science/107-matrix-multiplication-with-exponent-at-most-9-4.md
Matrix-Multiplication-Nine-Fourths-October-2-2026	107	preprints/Matrix-Multiplication-Nine-Fourths-October-2-2026/paper.pdf	1	Matrix-Multiplication-Nine-Fourths-October-2-2026/build/paper.tex	1	1	0	0	0	1	0	9	9	theoretical-computer-science/107-matrix-multiplication-with-exponent-at-most-9-4.md
Staggered-extraction-for-exact-matrix-multiplication-over-every-field-September-24-2026	107	preprints/Staggered-extraction-for-exact-matrix-multiplication-over-every-field-September-24-2026/Staggered-extraction-for-exact-matrix-multiplication-over-every-field-September-24-2026.pdf	1	Staggered-extraction-for-exact-matrix-multiplication-over-every-field-September-24-2026/build/main.tex	1	1	1	0	0	10	1	11	11	theoretical-computer-science/107-matrix-multiplication-with-exponent-at-most-9-4.md
A-cubic-lower-bound-for-border-determinantal-complexity-of-the-permanent-September-24-2026	108	preprints/A-cubic-lower-bound-for-border-determinantal-complexity-of-the-permanent-September-24-2026/A-cubic-lower-bound-for-border-determinantal-complexity-of-the-permanent-September-24-2026.pdf	0	A-cubic-lower-bound-for-border-determinantal-complexity-of-the-permanent-September-24-2026/build/source/main.tex	1	1	0	0	0	12	1	25	25	theoretical-computer-science/108-a-cubic-permanent-determinant-lower-bound.md
Integer-multiplication-below-n-log-n-September-23-2026	109	preprints/Integer-multiplication-below-n-log-n-September-23-2026/paper.pdf	0	Integer-multiplication-below-n-log-n-September-23-2026/build/main.tex	1	1	0	0	0	15	1	21	22	theoretical-computer-science/109-integer-multiplication-below-n-n.md
Squared-logarithmic-randomized-k-server-on-arbitrary-metrics-September-24-2026	110	preprints/Squared-logarithmic-randomized-k-server-on-arbitrary-metrics-September-24-2026/Squared-logarithmic-randomized-k-server-on-arbitrary-metrics-September-24-2026.pdf	0	Squared-logarithmic-randomized-k-server-on-arbitrary-metrics-September-24-2026/build/source/latex/common.tex	1	1	0	0	0	13	1	34	35	theoretical-computer-science/110-optimal-order-randomized-k-server-on-arbitrary-metrics.md
Uniform-computation-of-the-squared-logarithmic-k-server-bound-September-24-2026	110	preprints/Uniform-computation-of-the-squared-logarithmic-k-server-bound-September-24-2026/Uniform-computation-of-the-squared-logarithmic-k-server-bound-September-24-2026.pdf	0	Uniform-computation-of-the-squared-logarithmic-k-server-bound-September-24-2026/build/source/main.tex	1	1	0	0	0	8	1	9	10	theoretical-computer-science/110-optimal-order-randomized-k-server-on-arbitrary-metrics.md
One-Sample-Suffices-for-Matroid-Prophet-Inequalities-against-an-Almighty-Adversary-September-23-2026	111	preprints/One-Sample-Suffices-for-Matroid-Prophet-Inequalities-against-an-Almighty-Adversary-September-23-2026/final.pdf	0	One-Sample-Suffices-for-Matroid-Prophet-Inequalities-against-an-Almighty-Adversary-September-23-2026/build/main.tex	1	1	0	0	0	8	1	17	18	theoretical-computer-science/111-one-sample-matroid-prophet-inequalities-against-an-almighty-adversary.md
Beyond-the-Square-Root-Exponent-for-Depth-Three-Boolean-Circuits-September-23-2026	112	preprints/Beyond-the-Square-Root-Exponent-for-Depth-Three-Boolean-Circuits-September-23-2026/main.pdf	1	Beyond-the-Square-Root-Exponent-for-Depth-Three-Boolean-Circuits-September-23-2026/build/latex/main.tex	1	1	0	0	0	10	0	7	7	theoretical-computer-science/112-beyond-the-square-root-exponent-for-depth-three-circuits.md
A-Fully-Polynomial-Randomized-Approximation-Scheme-for-Perfect-Matchings-in-General-Graphs-September-23-2026	113	preprints/A-Fully-Polynomial-Randomized-Approximation-Scheme-for-Perfect-Matchings-in-General-Graphs-September-23-2026/main.pdf	0	A-Fully-Polynomial-Randomized-Approximation-Scheme-for-Perfect-Matchings-in-General-Graphs-September-23-2026/build/main.tex	1	1	0	0	0	1	0	25	25	theoretical-computer-science/113-approximate-counting-and-the-perfect-matching-entropy-conjecture.md
Entropy-and-Face-Dimension-of-the-Perfect-Matching-Polytope-September-23-2026	113	preprints/Entropy-and-Face-Dimension-of-the-Perfect-Matching-Polytope-September-23-2026/main.pdf	1	Entropy-and-Face-Dimension-of-the-Perfect-Matching-Polytope-September-23-2026/build/main.tex	1	1	0	0	0	15	1	39	37	theoretical-computer-science/113-approximate-counting-and-the-perfect-matching-entropy-conjecture.md
An-FPRAS-for-Common-Integer-Polymatroid-Bases-with-Binary-Capacities-October-5-2026	114	preprints/An-FPRAS-for-Common-Integer-Polymatroid-Bases-with-Binary-Capacities-October-5-2026/polymatroid-fpras.pdf	0	An-FPRAS-for-Common-Integer-Polymatroid-Bases-with-Binary-Capacities-October-5-2026/build/main.tex	1	1	0	0	0	8	1	26	27	theoretical-computer-science/114-approximate-counting-of-common-integer-polymatroid-bases.md
Approximate-counting-of-common-bases-of-two-matroids-September-23-2026	114	preprints/Approximate-counting-of-common-bases-of-two-matroids-September-23-2026/main.pdf	1	Approximate-counting-of-common-bases-of-two-matroids-September-23-2026/build/main.tex	1	1	0	0	0	2	0	8	10	theoretical-computer-science/114-approximate-counting-of-common-integer-polymatroid-bases.md
An-FPRAS-for-Cell-Bounded-Contingency-Tables-September-24-2026	115	preprints/An-FPRAS-for-Cell-Bounded-Contingency-Tables-September-24-2026/main.pdf	0	An-FPRAS-for-Cell-Bounded-Contingency-Tables-September-24-2026/build/main.tex	1	1	0	0	0	11	1	22	23	theoretical-computer-science/115-sampling-and-counting-contingency-tables-with-arbitrary-margins.md
Exact-Uniform-Sampling-of-Contingency-Tables-with-Arbitrary-Margins-September-24-2026	115	preprints/Exact-Uniform-Sampling-of-Contingency-Tables-with-Arbitrary-Margins-September-24-2026/main.pdf	0	Exact-Uniform-Sampling-of-Contingency-Tables-with-Arbitrary-Margins-September-24-2026/build/main.tex	1	1	0	0	0	9	1	18	19	theoretical-computer-science/115-sampling-and-counting-contingency-tables-with-arbitrary-margins.md
One-Rational-Matrix-Hitting-Point-for-Noncommutative-Formulas-September-24-2026	116	preprints/One-Rational-Matrix-Hitting-Point-for-Noncommutative-Formulas-September-24-2026/One-Rational-Matrix-Hitting-Point-for-Noncommutative-Formulas-September-24-2026.pdf	0	One-Rational-Matrix-Hitting-Point-for-Noncommutative-Formulas-September-24-2026/build/paper.tex	1	1	0	0	0	7	1	6	7	theoretical-computer-science/116-uniform-identity-testing-for-noncommutative-formulas.md
Polynomial-Hitting-Lists-for-Noncommutative-Rational-Formulas-September-24-2026	116	preprints/Polynomial-Hitting-Lists-for-Noncommutative-Rational-Formulas-September-24-2026/Polynomial-Hitting-Lists-for-Noncommutative-Rational-Formulas-September-24-2026.pdf	1	Polynomial-Hitting-Lists-for-Noncommutative-Rational-Formulas-September-24-2026/build/main.tex	1	1	0	0	0	8	1	14	14	theoretical-computer-science/116-uniform-identity-testing-for-noncommutative-formulas.md
Uniform-Matrix-Hitting-Points-in-Every-Positive-Characteristic-October-4-2026	116	preprints/Uniform-Matrix-Hitting-Points-in-Every-Positive-Characteristic-October-4-2026/uniform-matrix-hitting-points-positive-characteristic.pdf	0	Uniform-Matrix-Hitting-Points-in-Every-Positive-Characteristic-October-4-2026/build/main.tex	1	1	0	0	0	6	1	9	9	theoretical-computer-science/116-uniform-identity-testing-for-noncommutative-formulas.md
Constant-factor-hardness-of-uniform-sparsest-cut-September-24-2026	117	preprints/Constant-factor-hardness-of-uniform-sparsest-cut-September-24-2026/Constant-factor-hardness-of-uniform-sparsest-cut-September-24-2026.pdf	0	Constant-factor-hardness-of-uniform-sparsest-cut-September-24-2026/build/source/main.tex	1	1	0	0	0	9	1	10	15	theoretical-computer-science/117-uniform-sparsest-cut-hardness-and-semidefinite-gaps.md
Near-square-root-logarithmic-integrality-gaps-for-uniform-sparsest-cut-September-24-2026	117	preprints/Near-square-root-logarithmic-integrality-gaps-for-uniform-sparsest-cut-September-24-2026/Near-square-root-logarithmic-integrality-gaps-for-uniform-sparsest-cut-September-24-2026.pdf	1	Near-square-root-logarithmic-integrality-gaps-for-uniform-sparsest-cut-September-24-2026/build/source/main.tex	1	1	0	0	0	9	1	9	10	theoretical-computer-science/117-uniform-sparsest-cut-hardness-and-semidefinite-gaps.md
Additive-hardness-and-unbounded-configuration-gaps-in-bin-packing-September-24-2026	118	preprints/Additive-hardness-and-unbounded-configuration-gaps-in-bin-packing-September-24-2026/Additive-hardness-and-unbounded-configuration-gaps-in-bin-packing-September-24-2026.pdf	1	Additive-hardness-and-unbounded-configuration-gaps-in-bin-packing-September-24-2026/build/source/main.tex	1	1	0	0	0	10	0	16	17	theoretical-computer-science/118-unbounded-bin-packing-gaps-and-the-modified-integer-round-up-conjecture.md
Hellinger-contraction-with-arbitrary-Boolean-output-bias-September-24-2026	119	preprints/Hellinger-contraction-with-arbitrary-Boolean-output-bias-September-24-2026/main.pdf	0	Hellinger-contraction-with-arbitrary-Boolean-output-bias-September-24-2026/build/main.tex	1	1	1	0	0	13	0	20	21	theoretical-computer-science/119-courtade-kumar-and-hellinger-conjectures.md
Sharp-binary-information-contraction-on-the-discrete-cube-September-24-2026	119	preprints/Sharp-binary-information-contraction-on-the-discrete-cube-September-24-2026/main.pdf	1	Sharp-binary-information-contraction-on-the-discrete-cube-September-24-2026/build/main.tex	1	1	0	0	0	9	1	20	20	theoretical-computer-science/119-courtade-kumar-and-hellinger-conjectures.md
Almost-Linear-Time-Maximum-Cardinality-Matching-in-Sparse-General-Graphs-September-24-2026	120	preprints/Almost-Linear-Time-Maximum-Cardinality-Matching-in-Sparse-General-Graphs-September-24-2026/main.pdf	0	Almost-Linear-Time-Maximum-Cardinality-Matching-in-Sparse-General-Graphs-September-24-2026/build/main.tex	1	1	0	0	0	15	1	53	53	theoretical-computer-science/120-almost-linear-time-exact-matching-in-general-graphs.md
An-Almost-Linear-Approximation-Scheme-for-Edit-Distance-September-24-2026	121	preprints/An-Almost-Linear-Approximation-Scheme-for-Edit-Distance-September-24-2026/paper.pdf	0	An-Almost-Linear-Approximation-Scheme-for-Edit-Distance-September-24-2026/build/paper.tex	1	1	0	0	0	13	1	22	24	theoretical-computer-science/121-almost-linear-expected-time-approximation-of-edit-distance.md
A-latest-anchor-induction-with-spectrally-compact-masks-for-worst-case-trace-reconstruction-October-5-2026	122	preprints/A-latest-anchor-induction-with-spectrally-compact-masks-for-worst-case-trace-reconstruction-October-5-2026/paper.pdf	0	A-latest-anchor-induction-with-spectrally-compact-masks-for-worst-case-trace-reconstruction-October-5-2026/build/main.tex	1	1	0	0	0	3	0	0	1	theoretical-computer-science/122-superpolynomial-lower-bounds-and-quasipolynomial-reconstruction-from-deletion-traces.md
Uniform-quasipolynomial-time-trace-reconstruction-October-5-2026	122	preprints/Uniform-quasipolynomial-time-trace-reconstruction-October-5-2026/uniform-trace-reconstruction.pdf	0	Uniform-quasipolynomial-time-trace-reconstruction-October-5-2026/build/manuscript/main.tex	1	1	0	0	0	8	0	10	12	theoretical-computer-science/122-superpolynomial-lower-bounds-and-quasipolynomial-reconstruction-from-deletion-traces.md
quantitative-lower-bounds-for-trace-reconstruction-September-24-2026	122	preprints/quantitative-lower-bounds-for-trace-reconstruction-September-24-2026/paper.pdf	0	quantitative-lower-bounds-for-trace-reconstruction-September-24-2026/build/main.tex	1	1	0	0	0	12	1	13	17	theoretical-computer-science/122-superpolynomial-lower-bounds-and-quasipolynomial-reconstruction-from-deletion-traces.md
A-polynomial-time-algorithm-for-three-machine-unit-job-scheduling-September-24-2026	124	preprints/A-polynomial-time-algorithm-for-three-machine-unit-job-scheduling-September-24-2026/paper.pdf	0	A-polynomial-time-algorithm-for-three-machine-unit-job-scheduling-September-24-2026/build/paper.tex	1	1	0	0	0	66	1	27	26	theoretical-computer-science/124-polynomial-time-scheduling-on-three-identical-machines.md
Single-Exponential-Recovery-and-Bounded-Price-Strictness-for-Metric-k-Median-September-24-2026	125	preprints/Single-Exponential-Recovery-and-Bounded-Price-Strictness-for-Metric-k-Median-September-24-2026/paper.pdf	1	Single-Exponential-Recovery-and-Bounded-Price-Strictness-for-Metric-k-Median-September-24-2026/build/paper.tex	1	1	0	0	0	13	1	24	25	theoretical-computer-science/125-approximation-threshold-for-metric-k-median.md
The-Approximation-Threshold-for-Metric-k-Median-September-24-2026	125	preprints/The-Approximation-Threshold-for-Metric-k-Median-September-24-2026/main.pdf	0	The-Approximation-Threshold-for-Metric-k-Median-September-24-2026/build/main.tex	1	1	0	0	0	9	1	12	15	theoretical-computer-science/125-approximation-threshold-for-metric-k-median.md
Exponential-PSD-rank-of-positively-shifted-matching-matrices-October-5-2026	126	preprints/Exponential-PSD-rank-of-positively-shifted-matching-matrices-October-5-2026/shifted-matching-psd.pdf	0	Exponential-PSD-rank-of-positively-shifted-matching-matrices-October-5-2026/build/source/main.tex	1	1	0	0	0	9	1	12	12	theoretical-computer-science/126-exponential-semidefinite-complexity-of-perfect-matching.md
Average-Sensitivity-of-Polynomial-Threshold-Functions-September-25-2026	127	preprints/Average-Sensitivity-of-Polynomial-Threshold-Functions-September-25-2026/main.pdf	1	Average-Sensitivity-of-Polynomial-Threshold-Functions-September-25-2026/build/main.tex	1	1	0	0	0	9	0	5	5	theoretical-computer-science/127-asymptotic-gotsman-linial-conjecture.md
A-Polynomial-Time-2-Approximation-for-Shortest-Common-Superstring-September-24-2026	128	preprints/A-Polynomial-Time-2-Approximation-for-Shortest-Common-Superstring-September-24-2026/paper.pdf	1	A-Polynomial-Time-2-Approximation-for-Shortest-Common-Superstring-September-24-2026/build/paper.tex	1	1	0	0	0	12	0	17	17	theoretical-computer-science/128-a-factor-two-approximation-for-shortest-common-superstring.md
An-exponential-state-lower-bound-for-two-way-nondeterministic-complementation-September-25-2026	129	preprints/An-exponential-state-lower-bound-for-two-way-nondeterministic-complementation-September-25-2026/paper.pdf	1	An-exponential-state-lower-bound-for-two-way-nondeterministic-complementation-September-25-2026/build/paper.tex	1	1	0	0	0	8	1	16	15	theoretical-computer-science/129-exponential-state-costs-for-two-way-automata.md
An-exponential-two-way-deterministic-state-lower-bound-for-one-way-liveness-September-25-2026	129	preprints/An-exponential-two-way-deterministic-state-lower-bound-for-one-way-liveness-September-25-2026/main.pdf	1	An-exponential-two-way-deterministic-state-lower-bound-for-one-way-liveness-September-25-2026/build/main.tex	1	1	0	0	0	11	1	13	13	theoretical-computer-science/129-exponential-state-costs-for-two-way-automata.md
An-explicit-power-saving-for-the-exact-discrete-Fourier-transform-September-25-2026	130	preprints/An-explicit-power-saving-for-the-exact-discrete-Fourier-transform-September-25-2026/main.pdf	0	An-explicit-power-saving-for-the-exact-discrete-Fourier-transform-September-25-2026/build/main.tex	1	1	0	0	0	8	1	18	20	theoretical-computer-science/130-fourier-transforms-below-n-n.md
Finite-tensor-savings-and-exact-Fourier-circuits-September-25-2026	130	preprints/Finite-tensor-savings-and-exact-Fourier-circuits-September-25-2026/main.pdf	1	Finite-tensor-savings-and-exact-Fourier-circuits-September-25-2026/build/main.tex	1	1	0	0	0	9	1	25	27	theoretical-computer-science/130-fourier-transforms-below-n-n.md
Polynomial-Mixing-of-the-Switch-Chain-for-Every-Graphical-Degree-Sequence-September-25-2026	131	preprints/Polynomial-Mixing-of-the-Switch-Chain-for-Every-Graphical-Degree-Sequence-September-25-2026/main.pdf	0	Polynomial-Mixing-of-the-Switch-Chain-for-Every-Graphical-Degree-Sequence-September-25-2026/build/main.tex	1	1	0	0	0	10	0	14	14	theoretical-computer-science/131-polynomial-mixing-of-graph-switches-with-prescribed-degrees.md
A-superquadratic-separation-between-sensitivity-and-block-sensitivity-September-25-2026	132	preprints/A-superquadratic-separation-between-sensitivity-and-block-sensitivity-September-25-2026/paper.pdf	1	A-superquadratic-separation-between-sensitivity-and-block-sensitivity-September-25-2026/build/paper.tex	1	1	0	0	0	5	1	8	8	theoretical-computer-science/132-a-counterexample-to-the-quadratic-sensitivity-conjecture.md
Parity-lifts-and-bounded-treewidth-witnesses-for-Weisfeiler-Leman-equivalence-September-25-2026	133	preprints/Parity-lifts-and-bounded-treewidth-witnesses-for-Weisfeiler-Leman-equivalence-September-25-2026/paper.pdf	0	Parity-lifts-and-bounded-treewidth-witnesses-for-Weisfeiler-Leman-equivalence-September-25-2026/build/main.tex	1	1	0	0	0	7	1	9	10	theoretical-computer-science/133-complexity-of-weisfeiler-leman-refinement.md
The-complexity-of-identifying-a-graph-by-Weisfeiler-Leman-refinement-September-25-2026	133	preprints/The-complexity-of-identifying-a-graph-by-Weisfeiler-Leman-refinement-September-25-2026/paper.pdf	0	The-complexity-of-identifying-a-graph-by-Weisfeiler-Leman-refinement-September-25-2026/build/paper.tex	1	1	0	0	0	9	0	18	18	theoretical-computer-science/133-complexity-of-weisfeiler-leman-refinement.md
Unconditional-time-lower-bounds-for-Weisfeiler-Leman-equivalence-September-25-2026	133	preprints/Unconditional-time-lower-bounds-for-Weisfeiler-Leman-equivalence-September-25-2026/paper.pdf	0	Unconditional-time-lower-bounds-for-Weisfeiler-Leman-equivalence-September-25-2026/build/main.tex	1	1	0	0	0	7	0	15	16	theoretical-computer-science/133-complexity-of-weisfeiler-leman-refinement.md
Variable-dimension-Weisfeiler-Leman-equivalence-on-general-and-subcubic-graphs-September-25-2026	133	preprints/Variable-dimension-Weisfeiler-Leman-equivalence-on-general-and-subcubic-graphs-September-25-2026/paper.pdf	0	Variable-dimension-Weisfeiler-Leman-equivalence-on-general-and-subcubic-graphs-September-25-2026/build/main.tex	1	1	0	0	0	15	1	27	27	theoretical-computer-science/133-complexity-of-weisfeiler-leman-refinement.md
Finite-Monoid-Computations-and-a-Uniform-Generalized-Star-Height-Bound-September-25-2026	134	preprints/Finite-Monoid-Computations-and-a-Uniform-Generalized-Star-Height-Bound-September-25-2026/Finite-Monoid-Computations-and-a-Uniform-Generalized-Star-Height-Bound-September-25-2026.pdf	0	Finite-Monoid-Computations-and-a-Uniform-Generalized-Star-Height-Bound-September-25-2026/build/paper.tex	1	1	0	0	0	10	0	22	22	theoretical-computer-science/134-generalized-star-height-at-most-three.md
Generalized-Star-Height-at-Most-Four-September-25-2026	134	preprints/Generalized-Star-Height-at-Most-Four-September-25-2026/Generalized-Star-Height-at-Most-Four-September-25-2026.pdf	0	Generalized-Star-Height-at-Most-Four-September-25-2026/build/main.tex	1	1	0	0	0	11	1	21	21	theoretical-computer-science/134-generalized-star-height-at-most-three.md
Generalized-Star-Height-at-Most-Three-September-25-2026	134	preprints/Generalized-Star-Height-at-Most-Three-September-25-2026/article.pdf	0	Generalized-Star-Height-at-Most-Three-September-25-2026/build/paper.tex	1	1	0	0	0	14	1	21	21	theoretical-computer-science/134-generalized-star-height-at-most-three.md
Homogeneous-depth-five-lower-bounds-for-iterated-matrix-multiplication-September-25-2026	135	preprints/Homogeneous-depth-five-lower-bounds-for-iterated-matrix-multiplication-September-25-2026/Homogeneous-depth-five-lower-bounds-for-iterated-matrix-multiplication-September-25-2026.pdf	0	Homogeneous-depth-five-lower-bounds-for-iterated-matrix-multiplication-September-25-2026/build/paper.tex	1	1	0	0	0	9	1	10	10	theoretical-computer-science/135-sharp-homogeneous-depth-five-complexity-of-matrix-products.md
The-PCP-for-PPAD-conjecture-a-quasilinear-reduction-September-25-2026	136	preprints/The-PCP-for-PPAD-conjecture-a-quasilinear-reduction-September-25-2026/paper.pdf	0	The-PCP-for-PPAD-conjecture-a-quasilinear-reduction-September-25-2026/build/main.tex	1	1	0	0	0	13	1	84	85	theoretical-computer-science/136-quasilinear-pcp-for-ppad-conjecture.md
Simulating-One-Tape-Time-in-Two-Fifths-Power-Space-September-25-2026	137	preprints/Simulating-One-Tape-Time-in-Two-Fifths-Power-Space-September-25-2026/article.pdf	0	Simulating-One-Tape-Time-in-Two-Fifths-Power-Space-September-25-2026/build/source/main.tex	1	1	0	0	0	7	1	12	12	theoretical-computer-science/137-one-tape-time-simulation-in-two-fifths-power-space.md
A-Low-Space-Algorithm-for-Worst-Case-Subset-Sum-September-26-2026	138	preprints/A-Low-Space-Algorithm-for-Worst-Case-Subset-Sum-September-26-2026/paper.pdf	0	A-Low-Space-Algorithm-for-Worst-Case-Subset-Sum-September-26-2026/build/main.tex	1	1	0	0	0	11	0	12	14	theoretical-computer-science/138-subset-sum-in-o-2-0-49n-time.md
Subset-Sum-in-Time-2-power-0-49n-October-4-2026	138	preprints/Subset-Sum-in-Time-2-power-0-49n-October-4-2026/subset-sum.pdf	0	Subset-Sum-in-Time-2-power-0-49n-October-4-2026/build/main.tex	1	1	0	0	0	8	1	10	12	theoretical-computer-science/138-subset-sum-in-o-2-0-49n-time.md
Subpolynomial-query-complexity-for-well-conditioned-log-concave-sampling-September-26-2026	139	preprints/Subpolynomial-query-complexity-for-well-conditioned-log-concave-sampling-September-26-2026/article.pdf	1	Subpolynomial-query-complexity-for-well-conditioned-log-concave-sampling-September-26-2026/build/main.tex	1	1	0	0	0	12	1	38	39	theoretical-computer-science/139-subpolynomial-queries-for-log-concave-sampling.md
Localization-costs-and-information-growth-for-exact-Gaussian-observations-September-27-2026	140	preprints/Localization-costs-and-information-growth-for-exact-Gaussian-observations-September-27-2026/paper.pdf	0	Localization-costs-and-information-growth-for-exact-Gaussian-observations-September-27-2026/build/main.tex	1	1	0	0	0	16	1	57	57	theoretical-computer-science/140-memory-sample-lower-bounds-for-noiseless-gaussian-regression.md
Memory-and-precision-in-noiseless-Gaussian-regression-September-27-2026	140	preprints/Memory-and-precision-in-noiseless-Gaussian-regression-September-27-2026/paper.pdf	1	Memory-and-precision-in-noiseless-Gaussian-regression-September-27-2026/build/main.tex	1	1	0	0	0	15	1	36	35	theoretical-computer-science/140-memory-sample-lower-bounds-for-noiseless-gaussian-regression.md
Posterior-replicas-and-conditional-information-in-Gaussian-regression-September-27-2026	140	preprints/Posterior-replicas-and-conditional-information-in-Gaussian-regression-September-27-2026/paper.pdf	1	Posterior-replicas-and-conditional-information-in-Gaussian-regression-September-27-2026/build/main.tex	1	1	0	0	0	11	1	45	45	theoretical-computer-science/140-memory-sample-lower-bounds-for-noiseless-gaussian-regression.md
Projection-moments-positive-cap-domination-and-Riesz-estimates-on-the-sphere-September-27-2026	140	preprints/Projection-moments-positive-cap-domination-and-Riesz-estimates-on-the-sphere-September-27-2026/paper.pdf	1	Projection-moments-positive-cap-domination-and-Riesz-estimates-on-the-sphere-September-27-2026/build/main.tex	1	1	0	0	0	7	1	26	25	theoretical-computer-science/140-memory-sample-lower-bounds-for-noiseless-gaussian-regression.md
Replacing-Gaussian-observations-in-memory-constrained-inference-September-27-2026	140	preprints/Replacing-Gaussian-observations-in-memory-constrained-inference-September-27-2026/paper.pdf	1	Replacing-Gaussian-observations-in-memory-constrained-inference-September-27-2026/build/main.tex	1	1	0	0	0	14	0	28	29	theoretical-computer-science/140-memory-sample-lower-bounds-for-noiseless-gaussian-regression.md
Subsphere-methods-for-memory-sample-lower-bounds-in-noiseless-Gaussian-regression-September-27-2026	140	preprints/Subsphere-methods-for-memory-sample-lower-bounds-in-noiseless-Gaussian-regression-September-27-2026/paper.pdf	1	Subsphere-methods-for-memory-sample-lower-bounds-in-noiseless-Gaussian-regression-September-27-2026/build/main.tex	1	1	0	0	0	11	1	18	18	theoretical-computer-science/140-memory-sample-lower-bounds-for-noiseless-gaussian-regression.md
Existential-universal-real-sentences-in-the-counting-hierarchy-October-4-2026	141	preprints/Existential-universal-real-sentences-in-the-counting-hierarchy-October-4-2026/etr-counting-hierarchy.pdf	0	Existential-universal-real-sentences-in-the-counting-hierarchy-October-4-2026/build/main.tex	1	1	0	0	0	9	1	23	25	theoretical-computer-science/141-existential-theory-of-the-reals-and-existential-universal-sentences-in-the-counting-hierarchy.md
Deterministic-Polynomial-Factorization-over-Prime-Fields-October-4-2026	142	preprints/Deterministic-Polynomial-Factorization-over-Prime-Fields-October-4-2026/Deterministic-Polynomial-Factorization-over-Prime-Fields.pdf	0	Deterministic-Polynomial-Factorization-over-Prime-Fields-October-4-2026/build/main.tex	1	1	0	0	0	13	0	26	30	theoretical-computer-science/142-deterministic-polynomial-factorization-over-prime-fields.md
two-limit-cycles-for-quintic-lienard-systems-September-24-2026	143	preprints/two-limit-cycles-for-quintic-lienard-systems-September-24-2026/two-limit-cycles-for-quintic-lienard-systems-September-24-2026.pdf	1	two-limit-cycles-for-quintic-lienard-systems-September-24-2026/build/paper.tex	1	1	0	0	0	10	0	21	22	dynamical-systems-and-ergodic-theory/143-uniform-limit-cycle-bounds-in-hilberts-sixteenth-problem.md
uniform-bounds-for-planar-polynomial-limit-cycles-September-24-2026	143	preprints/uniform-bounds-for-planar-polynomial-limit-cycles-September-24-2026/uniform-bounds-for-planar-polynomial-limit-cycles-September-24-2026.pdf	0	uniform-bounds-for-planar-polynomial-limit-cycles-September-24-2026/build/main.tex	1	1	0	0	0	18	1	68	73	dynamical-systems-and-ergodic-theory/143-uniform-limit-cycle-bounds-in-hilberts-sixteenth-problem.md
A-smooth-three-torus-diffeomorphism-with-simple-Lebesgue-spectrum-September-23-2026	144	preprints/A-smooth-three-torus-diffeomorphism-with-simple-Lebesgue-spectrum-September-23-2026/paper.pdf	0	A-smooth-three-torus-diffeomorphism-with-simple-Lebesgue-spectrum-September-23-2026/build/main.tex	1	1	0	0	0	7	1	12	12	dynamical-systems-and-ergodic-theory/144-banachs-simple-lebesgue-spectrum-problem.md
Rokhlins-multiple-mixing-problem-for-one-transformation-September-23-2026	145	preprints/Rokhlins-multiple-mixing-problem-for-one-transformation-September-23-2026/paper.pdf	0	Rokhlins-multiple-mixing-problem-for-one-transformation-September-23-2026/build/main.tex	1	1	0	0	0	11	1	24	24	dynamical-systems-and-ergodic-theory/145-rokhlins-multiple-mixing-problem.md
Positive-Metric-Entropy-for-the-Standard-Map-at-Large-Parameters-September-23-2026	146	preprints/Positive-Metric-Entropy-for-the-Standard-Map-at-Large-Parameters-September-23-2026/paper.pdf	0	Positive-Metric-Entropy-for-the-Standard-Map-at-Large-Parameters-September-23-2026/build/paper.tex	1	1	0	0	0	10	0	22	24	dynamical-systems-and-ergodic-theory/146-sinais-positive-entropy-conjecture-for-the-standard-map.md
Continuous-Phase-Foliations-Create-Analytic-Caustic-Collars-September-24-2026	147	preprints/Continuous-Phase-Foliations-Create-Analytic-Caustic-Collars-September-24-2026/paper.pdf	0	Continuous-Phase-Foliations-Create-Analytic-Caustic-Collars-September-24-2026/build/main.tex	1	1	0	0	0	7	1	14	18	dynamical-systems-and-ergodic-theory/147-near-boundary-birkhoff-conjecture.md
Rigidity-of-Smooth-Billiards-with-a-Continuous-Caustic-Collar-September-24-2026	147	preprints/Rigidity-of-Smooth-Billiards-with-a-Continuous-Caustic-Collar-September-24-2026/paper.pdf	0	Rigidity-of-Smooth-Billiards-with-a-Continuous-Caustic-Collar-September-24-2026/build/main.tex	1	1	0	0	0	17	1	87	85	dynamical-systems-and-ergodic-theory/147-near-boundary-birkhoff-conjecture.md
The-entropy-rate-dimension-formula-for-self-similar-measures-on-the-line-September-24-2026	148	preprints/The-entropy-rate-dimension-formula-for-self-similar-measures-on-the-line-September-24-2026/main.pdf	1	The-entropy-rate-dimension-formula-for-self-similar-measures-on-the-line-September-24-2026/build/main.tex	1	1	0	0	0	7	1	15	15	dynamical-systems-and-ergodic-theory/148-dimension-formula-for-self-similar-measures-on-the-line.md
Boundedness-and-persistence-of-weakly-reversible-mass-action-systems-September-25-2026	149	preprints/Boundedness-and-persistence-of-weakly-reversible-mass-action-systems-September-25-2026/paper.pdf	0	Boundedness-and-persistence-of-weakly-reversible-mass-action-systems-September-25-2026/build/paper.tex	1	1	0	0	0	6	1	7	7	dynamical-systems-and-ergodic-theory/149-permanence-for-weakly-reversible-reaction-networks.md
Uniform-Permanence-in-Weakly-Reversible-Mass-Action-Systems-October-5-2026	149	preprints/Uniform-Permanence-in-Weakly-Reversible-Mass-Action-Systems-October-5-2026/permanence.pdf	0	Uniform-Permanence-in-Weakly-Reversible-Mass-Action-Systems-October-5-2026/build/main.tex	1	1	0	0	0	6	1	6	6	dynamical-systems-and-ergodic-theory/149-permanence-for-weakly-reversible-reaction-networks.md
Ergodicity-of-triangular-billiards-with-an-irrational-angle-September-25-2026	150	preprints/Ergodicity-of-triangular-billiards-with-an-irrational-angle-September-25-2026/Ergodicity-of-triangular-billiards-with-an-irrational-angle-September-25-2026.pdf	0	Ergodicity-of-triangular-billiards-with-an-irrational-angle-September-25-2026/build/source/main.tex	1	1	0	0	0	1	1	6	6	dynamical-systems-and-ergodic-theory/150-weak-mixing-of-irrational-triangular-billiards.md
Weak-mixing-of-triangular-billiards-with-an-irrational-angle-October-5-2026	150	preprints/Weak-mixing-of-triangular-billiards-with-an-irrational-angle-October-5-2026/weak-mixing-triangular-billiards.pdf	0	Weak-mixing-of-triangular-billiards-with-an-irrational-angle-October-5-2026/build/main.tex	1	1	0	0	0	6	1	7	7	dynamical-systems-and-ergodic-theory/150-weak-mixing-of-irrational-triangular-billiards.md
A-C1-Counterexample-to-the-Entropy-Conjecture-September-25-2026	151	preprints/A-C1-Counterexample-to-the-Entropy-Conjecture-September-25-2026/article.pdf	0	A-C1-Counterexample-to-the-Entropy-Conjecture-September-25-2026/build/source/main.tex	1	1	0	0	0	6	1	12	12	dynamical-systems-and-ergodic-theory/151-a-c-1-counterexample-to-shubs-entropy-conjecture.md
A-finite-entropy-system-without-a-smooth-positive-volume-model-September-25-2026	152	preprints/A-finite-entropy-system-without-a-smooth-positive-volume-model-September-25-2026/paper.pdf	0	A-finite-entropy-system-without-a-smooth-positive-volume-model-September-25-2026/build/main.tex	1	1	0	0	0	9	1	21	21	dynamical-systems-and-ergodic-theory/152-zero-entropy-does-not-guarantee-a-smooth-positive-volume-model.md
Arithmetic-classification-and-non-Pisot-singularity-for-Bernoulli-convolutions-October-3-2026	153	preprints/Arithmetic-classification-and-non-Pisot-singularity-for-Bernoulli-convolutions-October-3-2026/paper.pdf	0	Arithmetic-classification-and-non-Pisot-singularity-for-Bernoulli-convolutions-October-3-2026/build/main.tex	1	1	1	0	0	5	1	21	24	dynamical-systems-and-ergodic-theory/153-arithmetic-classification-of-bernoulli-convolutions.md
Pointwise-Multiple-Ergodic-Averages-for-Mixing-Transformations-October-4-2026	154	preprints/Pointwise-Multiple-Ergodic-Averages-for-Mixing-Transformations-October-4-2026/multiple-ergodic-averages.pdf	0	Pointwise-Multiple-Ergodic-Averages-for-Mixing-Transformations-October-4-2026/build/main.tex	1	1	0	0	0	9	1	18	21	dynamical-systems-and-ergodic-theory/154-pointwise-multiple-ergodic-averages-for-mixing-transformations.md
Pointwise-convergence-of-fourfold-ergodic-averages-for-mixing-transformations-October-4-2026	154	preprints/Pointwise-convergence-of-fourfold-ergodic-averages-for-mixing-transformations-October-4-2026/fourfold-ergodic-averages.pdf	0	Pointwise-convergence-of-fourfold-ergodic-averages-for-mixing-transformations-October-4-2026/build/main.tex	1	1	0	0	0	9	0	19	21	dynamical-systems-and-ergodic-theory/154-pointwise-multiple-ergodic-averages-for-mixing-transformations.md
Pointwise-convergence-of-triple-ergodic-averages-for-mixing-transformations-October-4-2026	154	preprints/Pointwise-convergence-of-triple-ergodic-averages-for-mixing-transformations-October-4-2026/pointwise-triple-ergodic-averages-mixing-transformations.pdf	0	Pointwise-convergence-of-triple-ergodic-averages-for-mixing-transformations-October-4-2026/build/paper/main.tex	1	1	0	0	0	11	1	26	27	dynamical-systems-and-ergodic-theory/154-pointwise-multiple-ergodic-averages-for-mixing-transformations.md
Triple-ergodic-averages-with-distinct-integer-slopes-October-4-2026	154	preprints/Triple-ergodic-averages-with-distinct-integer-slopes-October-4-2026/triple-ergodic-distinct-slopes.pdf	0	Triple-ergodic-averages-with-distinct-integer-slopes-October-4-2026/build/main.tex	1	1	0	0	0	8	0	18	20	dynamical-systems-and-ergodic-theory/154-pointwise-multiple-ergodic-averages-for-mixing-transformations.md
A-translational-tile-with-no-fully-periodic-tiling-in-dimension-three-September-23-2026	155	preprints/A-translational-tile-with-no-fully-periodic-tiling-in-dimension-three-September-23-2026/paper.pdf	1	A-translational-tile-with-no-fully-periodic-tiling-in-dimension-three-September-23-2026/build/paper.tex	1	1	0	0	0	10	1	21	21	combinatorics/155-a-counterexample-to-periodic-tiling-in-dimension-three.md
A-nine-dimensional-counterexample-to-Borsuks-covering-assertion-September-23-2026	156	preprints/A-nine-dimensional-counterexample-to-Borsuks-covering-assertion-September-23-2026/paper.pdf	1	A-nine-dimensional-counterexample-to-Borsuks-covering-assertion-September-23-2026/build/main.tex	1	1	0	0	0	12	1	16	16	combinatorics/156-borsuks-conjecture-fails-in-dimension-nine.md
A-counterexample-to-Hadwigers-conjecture-September-23-2026	157	preprints/A-counterexample-to-Hadwigers-conjecture-September-23-2026/paper.pdf	0	A-counterexample-to-Hadwigers-conjecture-September-23-2026/build/main.tex	1	1	0	0	0	18	1	57	57	combinatorics/157-counterexamples-to-the-hadwiger-and-colin-de-verdi-ere-conjectures.md
A-counterexample-to-the-Colin-de-Verdiere-chromatic-conjecture-September-23-2026	157	preprints/A-counterexample-to-the-Colin-de-Verdiere-chromatic-conjecture-September-23-2026/paper.pdf	0	A-counterexample-to-the-Colin-de-Verdiere-chromatic-conjecture-September-23-2026/build/main.tex	1	1	0	0	0	20	1	77	80	combinatorics/157-counterexamples-to-the-hadwiger-and-colin-de-verdi-ere-conjectures.md
A-linear-list-coloring-bound-in-terms-of-the-Hadwiger-number-September-23-2026	157	preprints/A-linear-list-coloring-bound-in-terms-of-the-Hadwiger-number-September-23-2026/paper.pdf	0	A-linear-list-coloring-bound-in-terms-of-the-Hadwiger-number-September-23-2026/build/main.tex	1	1	0	1	0	12	1	31	34	combinatorics/157-counterexamples-to-the-hadwiger-and-colin-de-verdi-ere-conjectures.md
The-Euclidean-plane-is-not-five-colorable-September-23-2026	158	preprints/The-Euclidean-plane-is-not-five-colorable-September-23-2026/paper.pdf	1	The-Euclidean-plane-is-not-five-colorable-September-23-2026/build/main.tex	1	1	0	0	0	13	1	44	45	combinatorics/158-euclidean-plane-cannot-be-colored-with-five-colors.md
Quasipolynomial-Bounds-for-Arithmetic-Progressions-September-23-2026	159	preprints/Quasipolynomial-Bounds-for-Arithmetic-Progressions-September-23-2026/paper.pdf	0	Quasipolynomial-Bounds-for-Arithmetic-Progressions-September-23-2026/build/main.tex	1	1	0	0	0	28	0	104	107	combinatorics/159-erdoss-reciprocal-sum-conjecture-and-quasipolynomial-szemer-bounds.md
Quantitative-Superexponential-Bounds-for-van-der-Waerden-Numbers-September-23-2026	160	preprints/Quantitative-Superexponential-Bounds-for-van-der-Waerden-Numbers-September-23-2026/paper.pdf	1	Quantitative-Superexponential-Bounds-for-van-der-Waerden-Numbers-September-23-2026/build/paper.tex	1	1	0	0	0	11	1	23	23	combinatorics/160-superexponential-van-der-waerden-numbers.md
A-counterexample-to-Sidorenkos-conjecture-September-23-2026	161	preprints/A-counterexample-to-Sidorenkos-conjecture-September-23-2026/paper.pdf	0	A-counterexample-to-Sidorenkos-conjecture-September-23-2026/build/main.tex	1	1	0	0	0	12	1	30	31	combinatorics/161-counterexamples-to-sidorenkos-conjecture-and-the-forcing-conjecture.md
A-Counterexample-to-Rysers-Covering-Conjecture-September-23-2026	162	preprints/A-Counterexample-to-Rysers-Covering-Conjecture-September-23-2026/paper.pdf	1	A-Counterexample-to-Rysers-Covering-Conjecture-September-23-2026/build/paper.tex	1	1	0	0	0	6	1	16	16	combinatorics/162-counterexamples-to-rysers-covering-and-gy-tree-cover-conjectures.md
Balanced-Counterexamples-to-Rysers-Conjecture-at-Prime-Orders-September-27-2026	162	preprints/Balanced-Counterexamples-to-Rysers-Conjecture-at-Prime-Orders-September-27-2026/paper.pdf	0	Balanced-Counterexamples-to-Rysers-Conjecture-at-Prime-Orders-September-27-2026/build/paper.tex	1	1	0	0	0	8	1	15	19	combinatorics/162-counterexamples-to-rysers-covering-and-gy-tree-cover-conjectures.md
Monochromatic-finite-sums-and-products-in-the-positive-integers-September-23-2026	164	preprints/Monochromatic-finite-sums-and-products-in-the-positive-integers-September-23-2026/paper.pdf	0	Monochromatic-finite-sums-and-products-in-the-positive-integers-September-23-2026/build/main.tex	1	1	0	0	0	10	0	34	34	combinatorics/164-hindmans-finite-sums-and-products-conjecture.md
The-crossing-number-of-complete-bipartite-graphs-September-23-2026	165	preprints/The-crossing-number-of-complete-bipartite-graphs-September-23-2026/paper.pdf	1	The-crossing-number-of-complete-bipartite-graphs-September-23-2026/build/paper.tex	1	1	0	0	0	9	1	7	8	combinatorics/165-exact-crossing-numbers-of-complete-and-complete-bipartite-graphs.md
The-crossing-number-of-complete-graphs-September-23-2026	165	preprints/The-crossing-number-of-complete-graphs-September-23-2026/paper.pdf	1	The-crossing-number-of-complete-graphs-September-23-2026/build/main.tex	1	1	0	0	0	4	1	10	11	combinatorics/165-exact-crossing-numbers-of-complete-and-complete-bipartite-graphs.md
The-higher-dimensional-Erdos-distinct-distances-conjecture-September-23-2026	166	preprints/The-higher-dimensional-Erdos-distinct-distances-conjecture-September-23-2026/paper.pdf	0	The-higher-dimensional-Erdos-distinct-distances-conjecture-September-23-2026/build/paper.tex	1	1	0	0	0	16	1	61	62	combinatorics/166-higher-dimensional-erdos-distinct-distances-conjecture.md
A-power-saving-for-planar-unit-distances-September-23-2026	167	preprints/A-power-saving-for-planar-unit-distances-September-23-2026/paper.pdf	0	A-power-saving-for-planar-unit-distances-September-23-2026/build/main.tex	1	1	0	0	0	11	1	38	39	combinatorics/167-pinned-distances-and-a-power-saving-for-planar-unit-distances.md
The-weak-pinned-planar-distance-theorem-September-23-2026	167	preprints/The-weak-pinned-planar-distance-theorem-September-23-2026/paper.pdf	1	The-weak-pinned-planar-distance-theorem-September-23-2026/build/main.tex	1	1	0	0	0	9	1	9	10	combinatorics/167-pinned-distances-and-a-power-saving-for-planar-unit-distances.md
Combinatorial-Invariance-of-Kazhdan-Lusztig-Polynomials-September-24-2026	168	preprints/Combinatorial-Invariance-of-Kazhdan-Lusztig-Polynomials-September-24-2026/paper.pdf	0	Combinatorial-Invariance-of-Kazhdan-Lusztig-Polynomials-September-24-2026/build/paper.tex	1	1	0	0	0	9	0	16	19	combinatorics/168-combinatorial-invariance-of-kazhdan-lusztig-polynomials.md
Elementary-Positivity-of-Chromatic-Quasisymmetric-Functions-September-24-2026	169	preprints/Elementary-Positivity-of-Chromatic-Quasisymmetric-Functions-September-24-2026/paper.pdf	0	Elementary-Positivity-of-Chromatic-Quasisymmetric-Functions-September-24-2026/build/paper.tex	1	1	0	0	0	8	1	35	36	combinatorics/169-shareshian-wachs-e-positivity-conjecture.md
Sharp-Logarithmic-Exponents-for-Fixed-Off-Diagonal-Ramsey-Numbers-September-24-2026	170	preprints/Sharp-Logarithmic-Exponents-for-Fixed-Off-Diagonal-Ramsey-Numbers-September-24-2026/paper.pdf	0	Sharp-Logarithmic-Exponents-for-Fixed-Off-Diagonal-Ramsey-Numbers-September-24-2026/build/main.tex	1	1	0	0	0	10	1	37	37	combinatorics/170-sharp-logarithmic-exponents-for-off-diagonal-ramsey-numbers.md
The-Sharp-Logarithmic-Exponent-of-r-5-t-September-24-2026	170	preprints/The-Sharp-Logarithmic-Exponent-of-r-5-t-September-24-2026/paper.pdf	0	The-Sharp-Logarithmic-Exponent-of-r-5-t-September-24-2026/build/paper.tex	1	1	0	0	0	12	1	21	23	combinatorics/170-sharp-logarithmic-exponents-for-off-diagonal-ramsey-numbers.md
The-hypercube-Ramsey-number-has-linear-order-September-23-2026	171	preprints/The-hypercube-Ramsey-number-has-linear-order-September-23-2026/paper.pdf	0	The-hypercube-Ramsey-number-has-linear-order-September-23-2026/build/main.tex	1	1	0	0	0	25	0	55	56	combinatorics/171-hypercube-ramsey-conjecture.md
A-classification-of-finite-Euclidean-Ramsey-configurations-September-23-2026	172	preprints/A-classification-of-finite-Euclidean-Ramsey-configurations-September-23-2026/paper.pdf	1	A-classification-of-finite-Euclidean-Ramsey-configurations-September-23-2026/build/main.tex	1	1	0	0	0	9	1	23	23	combinatorics/172-classification-of-finite-euclidean-ramsey-configurations.md
A-proof-of-Seymours-second-neighborhood-conjecture-September-23-2026	173	preprints/A-proof-of-Seymours-second-neighborhood-conjecture-September-23-2026/paper.pdf	1	A-proof-of-Seymours-second-neighborhood-conjecture-September-23-2026/build/source/main.tex	1	1	0	0	0	8	1	9	9	combinatorics/173-seymours-second-neighborhood-conjecture.md
A-polynomial-time-construction-of-strong-thin-trees-September-23-2026	174	preprints/A-polynomial-time-construction-of-strong-thin-trees-September-23-2026/paper.pdf	0	A-polynomial-time-construction-of-strong-thin-trees-September-23-2026/build/source/main.tex	1	1	0	0	0	12	1	15	16	combinatorics/174-deterministic-construction-of-strong-thin-spanning-trees.md
The-strong-thin-tree-conjecture-September-23-2026	174	preprints/The-strong-thin-tree-conjecture-September-23-2026/paper.pdf	1	The-strong-thin-tree-conjecture-September-23-2026/build/source/main.tex	1	1	0	0	0	20	1	41	42	combinatorics/174-deterministic-construction-of-strong-thin-spanning-trees.md
Graph-Decompositions-at-the-Integral-Expectation-Threshold-October-5-2026	175	preprints/Graph-Decompositions-at-the-Integral-Expectation-Threshold-October-5-2026/graph-threshold-decompositions.pdf	0	Graph-Decompositions-at-the-Integral-Expectation-Threshold-October-5-2026/build/main.tex	1	1	0	0	0	1	1	8	9	combinatorics/175-talagrands-conjectures-and-graph-decompositions-at-expectation-thresholds.md
Integral-and-fractional-expectation-thresholds-are-equivalent-September-23-2026	175	preprints/Integral-and-fractional-expectation-thresholds-are-equivalent-September-23-2026/paper.pdf	1	Integral-and-fractional-expectation-thresholds-are-equivalent-September-23-2026/build/source/main.tex	1	1	0	0	0	7	0	4	4	combinatorics/175-talagrands-conjectures-and-graph-decompositions-at-expectation-thresholds.md
Talagrands-discrete-convexity-conjecture-September-23-2026	175	preprints/Talagrands-discrete-convexity-conjecture-September-23-2026/paper.pdf	1	Talagrands-discrete-convexity-conjecture-September-23-2026/build/source/main.tex	1	1	0	0	0	7	0	4	4	combinatorics/175-talagrands-conjectures-and-graph-decompositions-at-expectation-thresholds.md
The-second-Kahn-Kalai-conjecture-September-24-2026	176	preprints/The-second-Kahn-Kalai-conjecture-September-24-2026/paper.pdf	1	The-second-Kahn-Kalai-conjecture-September-24-2026/build/source/main.tex	1	1	0	0	0	7	0	5	5	combinatorics/176-second-kahn-kalai-conjecture.md
Bounded-degree-coboundary-expanders-in-every-dimension-September-24-2026	177	preprints/Bounded-degree-coboundary-expanders-in-every-dimension-September-24-2026/paper.pdf	0	Bounded-degree-coboundary-expanders-in-every-dimension-September-24-2026/build/source/main.tex	1	1	0	0	0	8	0	9	9	combinatorics/177-bounded-degree-coboundary-expanders-in-every-dimension.md
Deterministic-nonbipartite-Ramanujan-graphs-in-every-fixed-degree-September-23-2026	178	preprints/Deterministic-nonbipartite-Ramanujan-graphs-in-every-fixed-degree-September-23-2026/paper.pdf	0	Deterministic-nonbipartite-Ramanujan-graphs-in-every-fixed-degree-September-23-2026/build/main.tex	1	1	0	0	0	13	0	33	35	combinatorics/178-deterministic-nonbipartite-ramanujan-graphs-in-every-fixed-degree.md
The-circulant-Hadamard-conjecture-September-23-2026	179	preprints/The-circulant-Hadamard-conjecture-September-23-2026/paper.pdf	1	The-circulant-Hadamard-conjecture-September-23-2026/build/main.tex	1	1	0	0	0	7	1	8	8	combinatorics/179-circulant-hadamard-conjecture.md
Paired-states-and-Hamiltonian-cycles-in-cubic-bipartite-planar-graphs-September-24-2026	180	preprints/Paired-states-and-Hamiltonian-cycles-in-cubic-bipartite-planar-graphs-September-24-2026/paper.pdf	0	Paired-states-and-Hamiltonian-cycles-in-cubic-bipartite-planar-graphs-September-24-2026/build/paper.tex	1	1	0	0	0	2	1	11	12	combinatorics/180-barnettes-hamiltonian-cycle-conjecture.md
A-linear-cycle-and-edge-decomposition-of-every-graph-September-24-2026	181	preprints/A-linear-cycle-and-edge-decomposition-of-every-graph-September-24-2026/main.pdf	1	A-linear-cycle-and-edge-decomposition-of-every-graph-September-24-2026/build/main.tex	1	1	0	0	0	8	1	13	16	combinatorics/181-erdos-gallai-cycle-decomposition-conjecture.md
A-Power-Saving-for-Polynomial-Differences-at-Prime-Arguments-October-5-2026	182	preprints/A-Power-Saving-for-Polynomial-Differences-at-Prime-Arguments-October-5-2026/prime-argument-polynomial-differences.pdf	0	A-Power-Saving-for-Polynomial-Differences-at-Prime-Arguments-October-5-2026/build/main.tex	1	1	0	0	0	9	1	22	24	combinatorics/182-power-savings-for-polynomial-difference-free-sets.md
A-power-saving-for-intersective-polynomial-differences-with-an-exponent-depending-only-on-the-degree-October-5-2026	182	preprints/A-power-saving-for-intersective-polynomial-differences-with-an-exponent-depending-only-on-the-degree-October-5-2026/power-saving-intersective-polynomial-differences.pdf	0	A-power-saving-for-intersective-polynomial-differences-with-an-exponent-depending-only-on-the-degree-October-5-2026/build/manuscript/main.tex	1	1	0	0	0	9	1	31	31	combinatorics/182-power-savings-for-polynomial-difference-free-sets.md
A-power-saving-for-square-difference-free-sets-September-24-2026	182	preprints/A-power-saving-for-square-difference-free-sets-September-24-2026/paper.pdf	0	A-power-saving-for-square-difference-free-sets-September-24-2026/build/main.tex	1	1	0	0	0	13	1	21	21	combinatorics/182-power-savings-for-polynomial-difference-free-sets.md
A-power-saving-for-planar-halving-lines-September-25-2026	183	preprints/A-power-saving-for-planar-halving-lines-September-25-2026/main.pdf	0	A-power-saving-for-planar-halving-lines-September-25-2026/build/main.tex	1	1	0	0	0	9	1	17	20	combinatorics/183-power-savings-for-planar-halving-lines-and-k-sets.md
A-Logarithmic-Independence-Bound-for-Clique-Free-Graphs-September-25-2026	184	preprints/A-Logarithmic-Independence-Bound-for-Clique-Free-Graphs-September-25-2026/paper.pdf	1	A-Logarithmic-Independence-Bound-for-Clique-Free-Graphs-September-25-2026/build/main.tex	1	1	0	0	0	9	1	13	13	combinatorics/184-coloring-and-independence-in-graphs-with-forbidden-subgraphs.md
Correspondence-Coloring-Graphs-with-a-Forbidden-Clique-October-5-2026	184	preprints/Correspondence-Coloring-Graphs-with-a-Forbidden-Clique-October-5-2026/correspondence-coloring-forbidden-clique.pdf	0	Correspondence-Coloring-Graphs-with-a-Forbidden-Clique-October-5-2026/build/main.tex	1	1	0	0	0	10	0	13	13	combinatorics/184-coloring-and-independence-in-graphs-with-forbidden-subgraphs.md
A-Counterexample-to-the-Infinite-Matroid-Packing-Covering-Conjecture-September-24-2026	185	preprints/A-Counterexample-to-the-Infinite-Matroid-Packing-Covering-Conjecture-September-24-2026/paper.pdf	1	A-Counterexample-to-the-Infinite-Matroid-Packing-Covering-Conjecture-September-24-2026/build/paper.tex	1	1	0	0	0	9	1	20	21	combinatorics/185-counterexamples-to-infinite-matroid-intersection-and-packing-covering.md
A-Sharp-Threshold-Bound-for-Monotone-Graph-Properties-September-25-2026	186	preprints/A-Sharp-Threshold-Bound-for-Monotone-Graph-Properties-September-25-2026/paper.pdf	0	A-Sharp-Threshold-Bound-for-Monotone-Graph-Properties-September-25-2026/build/main.tex	1	1	0	0	0	7	0	6	6	combinatorics/186-friedgut-kalai-graph-and-hypergraph-threshold-conjectures.md
A-uniform-influence-bound-for-hypergraph-properties-October-5-2026	186	preprints/A-uniform-influence-bound-for-hypergraph-properties-October-5-2026/hypergraph-influences.pdf	0	A-uniform-influence-bound-for-hypergraph-properties-October-5-2026/build/main.tex	1	1	0	0	0	6	0	5	5	combinatorics/186-friedgut-kalai-graph-and-hypergraph-threshold-conjectures.md
Snaky-in-21-Maker-moves-September-25-2026	187	preprints/Snaky-in-21-Maker-moves-September-25-2026/article.pdf	0	Snaky-in-21-Maker-moves-September-25-2026/build/paper.tex	1	1	1	0	0	11	1	10	10	combinatorics/187-snaky-in-21-maker-moves.md
The-Sharp-Terminal-Leave-in-Random-Triangle-Removal-September-25-2026	188	preprints/The-Sharp-Terminal-Leave-in-Random-Triangle-Removal-September-25-2026/The-Sharp-Terminal-Leave-in-Random-Triangle-Removal-September-25-2026.pdf	0	The-Sharp-Terminal-Leave-in-Random-Triangle-Removal-September-25-2026/build/paper.tex	1	1	0	0	0	9	1	12	13	combinatorics/188-sharp-constant-in-random-triangle-removal.md
Cycle-clique-Ramsey-numbers-September-25-2026	189	preprints/Cycle-clique-Ramsey-numbers-September-25-2026/Cycle-clique-Ramsey-numbers-September-25-2026.pdf	0	Cycle-clique-Ramsey-numbers-September-25-2026/build/main.tex	1	1	1	0	0	17	1	35	35	combinatorics/189-exact-cycle-clique-ramsey-numbers.md
Polynomial-removal-fails-for-ordered-binary-matrices-September-25-2026	190	preprints/Polynomial-removal-fails-for-ordered-binary-matrices-September-25-2026/paper.pdf	1	Polynomial-removal-fails-for-ordered-binary-matrices-September-25-2026/build/paper.tex	1	1	0	0	0	8	1	9	9	combinatorics/190-polynomial-removal-fails-for-ordered-binary-matrices.md
A-power-improvement-in-the-Heilbronn-triangle-lower-bound-September-25-2026	191	preprints/A-power-improvement-in-the-Heilbronn-triangle-lower-bound-September-25-2026/main.pdf	0	A-power-improvement-in-the-Heilbronn-triangle-lower-bound-September-25-2026/build/main.tex	1	1	0	0	0	10	1	22	22	combinatorics/191-a-power-improvement-in-the-heilbronn-triangle-problem.md
Unbounded-Violations-of-the-Square-Root-Degree-Bound-September-26-2026	192	preprints/Unbounded-Violations-of-the-Square-Root-Degree-Bound-September-26-2026/Unbounded-Violations-of-the-Square-Root-Degree-Bound-September-26-2026.pdf	0	Unbounded-Violations-of-the-Square-Root-Degree-Bound-September-26-2026/build/main.tex	1	1	0	0	0	9	0	10	11	combinatorics/192-a-counterexample-to-the-gopalan-servedio-conjecture.md
Positivity-of-Serres-Intersection-Multiplicity-September-23-2026	193	preprints/Positivity-of-Serres-Intersection-Multiplicity-September-23-2026/paper.pdf	0	Positivity-of-Serres-Intersection-Multiplicity-September-23-2026/build/paper.tex	1	1	0	0	0	7	0	25	25	algebra/193-serres-intersection-multiplicity-conjecture.md
Lechs-multiplicity-conjecture-September-23-2026	194	preprints/Lechs-multiplicity-conjecture-September-23-2026/paper.pdf	0	Lechs-multiplicity-conjecture-September-23-2026/build/main.tex	1	1	0	0	0	8	0	23	24	algebra/194-lechs-multiplicity-conjecture.md
A-Complete-Local-Domain-Without-a-Small-Cohen-Macaulay-Module-September-23-2026	195	preprints/A-Complete-Local-Domain-Without-a-Small-Cohen-Macaulay-Module-September-23-2026/paper.pdf	0	A-Complete-Local-Domain-Without-a-Small-Cohen-Macaulay-Module-September-23-2026/build/paper.tex	1	1	0	0	0	2	1	7	8	algebra/195-a-counterexample-to-the-small-cohen-macaulay-module-conjecture.md
A-Torsion-Free-Group-Algebra-with-Zero-Divisors-September-23-2026	196	preprints/A-Torsion-Free-Group-Algebra-with-Zero-Divisors-September-23-2026/paper.pdf	1	A-Torsion-Free-Group-Algebra-with-Zero-Divisors-September-23-2026/build/paper.tex	1	1	0	0	0	8	1	11	12	algebra/196-a-counterexample-to-kaplanskys-zero-divisor-conjecture.md
A-Counterexample-to-Kaplanskys-Direct-Finiteness-Conjecture-in-Characteristic-Two-September-23-2026	197	preprints/A-Counterexample-to-Kaplanskys-Direct-Finiteness-Conjecture-in-Characteristic-Two-September-23-2026/paper.pdf	1	A-Counterexample-to-Kaplanskys-Direct-Finiteness-Conjecture-in-Characteristic-Two-September-23-2026/build/paper.tex	1	1	0	0	0	10	1	18	19	algebra/197-nonsofic-groups-and-group-ring-counterexamples.md
A-Counterexample-to-Kaplanskys-Direct-Finiteness-Conjecture-in-Odd-Characteristic-September-26-2026	197	preprints/A-Counterexample-to-Kaplanskys-Direct-Finiteness-Conjecture-in-Odd-Characteristic-September-26-2026/paper.pdf	1	A-Counterexample-to-Kaplanskys-Direct-Finiteness-Conjecture-in-Odd-Characteristic-September-26-2026/build/paper.tex	1	1	0	0	0	8	1	14	16	algebra/197-nonsofic-groups-and-group-ring-counterexamples.md
A-Counterexample-to-the-Group-Ring-Determinant-Conjecture-September-23-2026	197	preprints/A-Counterexample-to-the-Group-Ring-Determinant-Conjecture-September-23-2026/paper.pdf	1	A-Counterexample-to-the-Group-Ring-Determinant-Conjecture-September-23-2026/build/main.tex	1	1	0	0	0	1	1	8	9	algebra/197-nonsofic-groups-and-group-ring-counterexamples.md
A-Torsion-Free-Group-Algebra-That-Is-Not-Directly-Finite-October-4-2026	197	preprints/A-Torsion-Free-Group-Algebra-That-Is-Not-Directly-Finite-October-4-2026/direct-finiteness.pdf	0	A-Torsion-Free-Group-Algebra-That-Is-Not-Directly-Finite-October-4-2026/build/paper.tex	1	1	0	0	0	12	1	15	16	algebra/197-nonsofic-groups-and-group-ring-counterexamples.md
An-algebra-of-infinite-little-finitistic-dimension-September-23-2026	198	preprints/An-algebra-of-infinite-little-finitistic-dimension-September-23-2026/paper.pdf	1	An-algebra-of-infinite-little-finitistic-dimension-September-23-2026/build/paper.tex	1	1	0	0	0	8	1	16	16	algebra/198-a-counterexample-to-the-little-finitistic-dimension-conjecture.md
A-counterexample-to-Tachikawas-second-conjecture-September-23-2026	199	preprints/A-counterexample-to-Tachikawas-second-conjecture-September-23-2026/paper.pdf	1	A-counterexample-to-Tachikawas-second-conjecture-September-23-2026/build/paper.tex	1	1	0	0	0	9	1	31	31	algebra/199-counterexamples-to-conjectures-of-auslander-reiten-tachikawa-and-nakayama.md
An-explicit-counterexample-to-the-Auslander-Reiten-conjecture-September-23-2026	199	preprints/An-explicit-counterexample-to-the-Auslander-Reiten-conjecture-September-23-2026/paper.pdf	1	An-explicit-counterexample-to-the-Auslander-Reiten-conjecture-September-23-2026/build/main.tex	1	1	0	0	0	11	1	18	20	algebra/199-counterexamples-to-conjectures-of-auslander-reiten-tachikawa-and-nakayama.md
Commuting-Division-Coefficient-Forms-and-the-Artinian-Eisenbud-Green-Harris-Conjecture-September-23-2026	200	preprints/Commuting-Division-Coefficient-Forms-and-the-Artinian-Eisenbud-Green-Harris-Conjecture-September-23-2026/paper.pdf	0	Commuting-Division-Coefficient-Forms-and-the-Artinian-Eisenbud-Green-Harris-Conjecture-September-23-2026/build/paper.tex	1	1	0	0	0	11	0	31	31	algebra/200-eisenbud-green-harris-and-lex-plus-powers-in-characteristic-zero.md
The-Artinian-Lex-Plus-Powers-Betti-Theorem-September-23-2026	200	preprints/The-Artinian-Lex-Plus-Powers-Betti-Theorem-September-23-2026/paper.pdf	0	The-Artinian-Lex-Plus-Powers-Betti-Theorem-September-23-2026/build/main.tex	1	1	0	0	0	12	0	13	14	algebra/200-eisenbud-green-harris-and-lex-plus-powers-in-characteristic-zero.md
A-Counterexample-to-Kuroshs-Division-Ring-Problem-September-23-2026	201	preprints/A-Counterexample-to-Kuroshs-Division-Ring-Problem-September-23-2026/paper.pdf	0	A-Counterexample-to-Kuroshs-Division-Ring-Problem-September-23-2026/build/main.tex	1	1	0	0	0	17	1	28	30	algebra/201-a-counterexample-to-kuroshs-division-ring-problem.md
The-Blockwise-Alperin-Weight-Conjecture-September-23-2026	202	preprints/The-Blockwise-Alperin-Weight-Conjecture-September-23-2026/paper.pdf	0	The-Blockwise-Alperin-Weight-Conjecture-September-23-2026/build/paper.tex	1	1	0	0	0	11	1	43	54	algebra/202-blockwise-alperin-weight-conjecture.md
Donovans-Conjecture-over-Algebraic-Closures-of-Prime-Fields-September-24-2026	203	preprints/Donovans-Conjecture-over-Algebraic-Closures-of-Prime-Fields-September-24-2026/main.pdf	0	Donovans-Conjecture-over-Algebraic-Closures-of-Prime-Fields-September-24-2026/build/main.tex	1	1	0	0	0	13	0	71	71	algebra/203-donovans-conjecture-over-fields-and-discrete-valuation-rings.md
Integral-Donovan-Finiteness-over-Witt-Vectors-September-25-2026	203	preprints/Integral-Donovan-Finiteness-over-Witt-Vectors-September-25-2026/main.pdf	0	Integral-Donovan-Finiteness-over-Witt-Vectors-September-25-2026/build/main.tex	1	1	0	0	0	9	1	17	17	algebra/203-donovans-conjecture-over-fields-and-discrete-valuation-rings.md
Tensor-Saturation-for-Even-Spin-Groups-September-24-2026	204	preprints/Tensor-Saturation-for-Even-Spin-Groups-September-24-2026/Tensor-Saturation-for-Even-Spin-Groups-September-24-2026.pdf	0	Tensor-Saturation-for-Even-Spin-Groups-September-24-2026/build/main.tex	1	1	0	0	0	9	1	34	34	algebra/204-tensor-saturation-for-even-spin-groups.md
A-Cyclic-Polytabloid-Proof-of-Saxls-Conjecture-September-24-2026	205	preprints/A-Cyclic-Polytabloid-Proof-of-Saxls-Conjecture-September-24-2026/paper.pdf	1	A-Cyclic-Polytabloid-Proof-of-Saxls-Conjecture-September-24-2026/build/paper.tex	1	1	0	0	0	8	0	11	12	algebra/205-saxls-conjecture-and-universal-tensor-squares.md
Universal-Tensor-Squares-for-Symmetric-Groups-September-24-2026	205	preprints/Universal-Tensor-Squares-for-Symmetric-Groups-September-24-2026/main.pdf	0	Universal-Tensor-Squares-for-Symmetric-Groups-September-24-2026/build/main.tex	1	1	1	0	0	10	0	29	30	algebra/205-saxls-conjecture-and-universal-tensor-squares.md
A-Negative-Solution-to-the-Finite-Lattice-Representation-Problem-September-24-2026	206	preprints/A-Negative-Solution-to-the-Finite-Lattice-Representation-Problem-September-24-2026/paper.pdf	0	A-Negative-Solution-to-the-Finite-Lattice-Representation-Problem-September-24-2026/build/main.tex	1	1	0	0	0	14	1	79	81	algebra/206-finite-lattice-representation-counterexamples-and-undecidability.md
Finite-Congruence-Lattices-Characterization-and-Undecidability-September-24-2026	206	preprints/Finite-Congruence-Lattices-Characterization-and-Undecidability-September-24-2026/paper.pdf	0	Finite-Congruence-Lattices-Characterization-and-Undecidability-September-24-2026/build/paper.tex	1	1	0	0	0	23	1	169	171	algebra/206-finite-lattice-representation-counterexamples-and-undecidability.md
The-Bass-trace-conjecture-for-complex-group-rings-September-24-2026	207	preprints/The-Bass-trace-conjecture-for-complex-group-rings-September-24-2026/The-Bass-trace-conjecture-for-complex-group-rings-September-24-2026.pdf	1	The-Bass-trace-conjecture-for-complex-group-rings-September-24-2026/build/main.tex	1	1	0	0	0	11	1	22	21	algebra/207-1-bass-and-complex-bass-trace-conjectures.md
The-l1-Bass-Conjecture-for-Discrete-Groups-October-5-2026	207	preprints/The-l1-Bass-Conjecture-for-Discrete-Groups-October-5-2026/l1-bass-conjecture.pdf	0	The-l1-Bass-Conjecture-for-Discrete-Groups-October-5-2026/build/main.tex	1	1	0	0	0	9	1	18	19	algebra/207-1-bass-and-complex-bass-trace-conjectures.md
Fiber-functors-for-finite-symmetric-tensor-categories-in-positive-characteristic-September-24-2026	208	preprints/Fiber-functors-for-finite-symmetric-tensor-categories-in-positive-characteristic-September-24-2026/paper.pdf	0	Fiber-functors-for-finite-symmetric-tensor-categories-in-positive-characteristic-September-24-2026/build/main.tex	1	1	0	0	0	11	1	22	23	algebra/208-finite-benson-etingof-ostrik-conjecture.md
An-Integral-Counterexample-to-Gerstens-Conjecture-September-25-2026	209	preprints/An-Integral-Counterexample-to-Gerstens-Conjecture-September-25-2026/An-Integral-Counterexample-to-Gerstens-Conjecture-September-25-2026.pdf	0	An-Integral-Counterexample-to-Gerstens-Conjecture-September-25-2026/build/source/main.tex	1	1	0	0	0	8	1	12	12	algebra/209-integral-counterexamples-to-gerstens-conjecture.md
An-Integral-Degree-Three-Gersten-Counterexample-September-26-2026	209	preprints/An-Integral-Degree-Three-Gersten-Counterexample-September-26-2026/paper.pdf	0	An-Integral-Degree-Three-Gersten-Counterexample-September-26-2026/build/main.tex	1	1	0	0	0	6	1	6	6	algebra/209-integral-counterexamples-to-gerstens-conjecture.md
Foulkes-Conjecture-for-the-Sixth-Symmetric-Power-September-25-2026	210	preprints/Foulkes-Conjecture-for-the-Sixth-Symmetric-Power-September-25-2026/main.pdf	0	Foulkes-Conjecture-for-the-Sixth-Symmetric-Power-September-25-2026/build/main.tex	1	1	1	0	0	8	1	12	14	algebra/210-foulkes-conjecture-for-sixth-powers-and-quadratic-stabilization.md
Quadratic-Stabilization-of-the-Canonical-Foulkes-Howe-Map-September-25-2026	210	preprints/Quadratic-Stabilization-of-the-Canonical-Foulkes-Howe-Map-September-25-2026/paper.pdf	1	Quadratic-Stabilization-of-the-Canonical-Foulkes-Howe-Map-September-25-2026/build/paper.tex	1	1	0	0	0	2	0	4	4	algebra/210-foulkes-conjecture-for-sixth-powers-and-quadratic-stabilization.md
A-Linear-Clock-for-Random-Walk-on-Tree-Weighted-Planar-Maps-October-5-2026	211	preprints/A-Linear-Clock-for-Random-Walk-on-Tree-Weighted-Planar-Maps-October-5-2026/linear-clock-random-walk-tree-weighted-planar-maps.pdf	0	A-Linear-Clock-for-Random-Walk-on-Tree-Weighted-Planar-Maps-October-5-2026/build/paper.tex	1	1	0	0	0	10	0	45	46	probability-and-statistical-mechanics/211-geometry-diffusion-and-spectra-of-random-planar-maps.md
Brownian-continuum-random-tree-limits-of-finite-Fortuin-Kasteleyn-maps-above-four-September-24-2026	211	preprints/Brownian-continuum-random-tree-limits-of-finite-Fortuin-Kasteleyn-maps-above-four-September-24-2026/main.pdf	0	Brownian-continuum-random-tree-limits-of-finite-Fortuin-Kasteleyn-maps-above-four-September-24-2026/build/main.tex	1	1	0	0	0	9	0	23	23	probability-and-statistical-mechanics/211-geometry-diffusion-and-spectra-of-random-planar-maps.md
Canonical-conformal-limits-of-subcritical-FK-planar-maps-September-24-2026	211	preprints/Canonical-conformal-limits-of-subcritical-FK-planar-maps-September-24-2026/main.pdf	0	Canonical-conformal-limits-of-subcritical-FK-planar-maps-September-24-2026/build/main.tex	1	1	0	0	0	19	1	95	95	probability-and-statistical-mechanics/211-geometry-diffusion-and-spectra-of-random-planar-maps.md
Metric-measure-limits-of-subcritical-FK-and-spanning-tree-planar-maps-September-24-2026	211	preprints/Metric-measure-limits-of-subcritical-FK-and-spanning-tree-planar-maps-September-24-2026/main.pdf	0	Metric-measure-limits-of-subcritical-FK-and-spanning-tree-planar-maps-September-24-2026/build/main.tex	1	1	0	0	0	36	1	177	182	probability-and-statistical-mechanics/211-geometry-diffusion-and-spectra-of-random-planar-maps.md
Random-Walks-on-Critical-FK-Ising-Maps-and-Liouville-Brownian-Motion-October-5-2026	211	preprints/Random-Walks-on-Critical-FK-Ising-Maps-and-Liouville-Brownian-Motion-October-5-2026/fk-ising-walk-limit.pdf	0	Random-Walks-on-Critical-FK-Ising-Maps-and-Liouville-Brownian-Motion-October-5-2026/build/main.tex	1	1	0	0	0	6	1	11	11	probability-and-statistical-mechanics/211-geometry-diffusion-and-spectra-of-random-planar-maps.md
Spectral-convergence-for-critical-FK-Ising-planar-maps-October-5-2026	211	preprints/Spectral-convergence-for-critical-FK-Ising-planar-maps-October-5-2026/spectral-convergence-critical-fk-ising-planar-maps.pdf	0	Spectral-convergence-for-critical-FK-Ising-planar-maps-October-5-2026/build/paper.tex	1	1	0	0	0	12	1	39	40	probability-and-statistical-mechanics/211-geometry-diffusion-and-spectra-of-random-planar-maps.md
The-critical-Liouville-quantum-sphere-and-geometric-limits-of-FK-maps-at-q-equals-4-September-24-2026	211	preprints/The-critical-Liouville-quantum-sphere-and-geometric-limits-of-FK-maps-at-q-equals-4-September-24-2026/main.pdf	0	The-critical-Liouville-quantum-sphere-and-geometric-limits-of-FK-maps-at-q-equals-4-September-24-2026/build/main.tex	1	1	0	0	0	18	1	130	133	probability-and-statistical-mechanics/211-geometry-diffusion-and-spectra-of-random-planar-maps.md
No-bigeodesics-in-planar-first-passage-percolation-September-24-2026	212	preprints/No-bigeodesics-in-planar-first-passage-percolation-September-24-2026/main.pdf	0	No-bigeodesics-in-planar-first-passage-percolation-September-24-2026/build/main.tex	1	1	0	0	0	13	0	32	33	probability-and-statistical-mechanics/212-no-bigeodesics-and-smooth-limit-shapes-in-planar-first-passage-percolation.md
Strict-convexity-and-differentiability-of-the-planar-exponential-first-passage-limit-shape-September-24-2026	212	preprints/Strict-convexity-and-differentiability-of-the-planar-exponential-first-passage-limit-shape-September-24-2026/main.pdf	1	Strict-convexity-and-differentiability-of-the-planar-exponential-first-passage-limit-shape-September-24-2026/build/main.tex	1	1	0	0	0	17	1	55	55	probability-and-statistical-mechanics/212-no-bigeodesics-and-smooth-limit-shapes-in-planar-first-passage-percolation.md
Critical-bond-and-site-percolation-on-the-cubic-lattice-September-24-2026	213	preprints/Critical-bond-and-site-percolation-on-the-cubic-lattice-September-24-2026/paper.pdf	1	Critical-bond-and-site-percolation-on-the-cubic-lattice-September-24-2026/build/critical-percolation-z3.tex	1	1	0	0	0	9	0	11	12	probability-and-statistical-mechanics/213-no-infinite-critical-clusters-on-quasi-transitive-graphs.md
No-percolation-at-criticality-on-quasi-transitive-graphs-September-24-2026	213	preprints/No-percolation-at-criticality-on-quasi-transitive-graphs-September-24-2026/paper.pdf	0	No-percolation-at-criticality-on-quasi-transitive-graphs-September-24-2026/build/main.tex	1	1	0	0	0	14	1	20	23	probability-and-statistical-mechanics/213-no-infinite-critical-clusters-on-quasi-transitive-graphs.md
Nonuniqueness-of-percolation-on-nonamenable-quasi-transitive-graphs-September-24-2026	214	preprints/Nonuniqueness-of-percolation-on-nonamenable-quasi-transitive-graphs-September-24-2026/paper.pdf	0	Nonuniqueness-of-percolation-on-nonamenable-quasi-transitive-graphs-September-24-2026/build/main.tex	1	1	0	0	0	15	1	46	46	probability-and-statistical-mechanics/214-benjamini-schramm-nonuniqueness-conjecture.md
An-Isolated-Particle-Pole-for-the-Two-Dimensional-O3-Spin-Field-October-4-2026	215	preprints/An-Isolated-Particle-Pole-for-the-Two-Dimensional-O3-Spin-Field-October-4-2026/o3-particle-pole.pdf	0	An-Isolated-Particle-Pole-for-the-Two-Dimensional-O3-Spin-Field-October-4-2026/build/main.tex	1	1	0	0	0	10	1	18	19	probability-and-statistical-mechanics/215-massive-continuum-limits-and-exact-mass-asymptotics-for-planar-o-n-models.md
Exact-mass-asymptotics-for-the-two-dimensional-O4-lattice-model-October-5-2026	215	preprints/Exact-mass-asymptotics-for-the-two-dimensional-O4-lattice-model-October-5-2026/exact-mass-o4.pdf	0	Exact-mass-asymptotics-for-the-two-dimensional-O4-lattice-model-October-5-2026/build/main.tex	1	1	0	0	0	11	2	49	53	probability-and-statistical-mechanics/215-massive-continuum-limits-and-exact-mass-asymptotics-for-planar-o-n-models.md
Exponential-decay-in-two-dimensional-classical-On-models-September-23-2026	215	preprints/Exponential-decay-in-two-dimensional-classical-On-models-September-23-2026/paper.pdf	1	Exponential-decay-in-two-dimensional-classical-On-models-September-23-2026/build/main.tex	1	1	0	0	0	4	1	13	14	probability-and-statistical-mechanics/215-massive-continuum-limits-and-exact-mass-asymptotics-for-planar-o-n-models.md
Sharp-mass-bounds-for-the-two-dimensional-O4-model-September-23-2026	215	preprints/Sharp-mass-bounds-for-the-two-dimensional-O4-model-September-23-2026/paper.pdf	0	Sharp-mass-bounds-for-the-two-dimensional-O4-model-September-23-2026/build/main.tex	1	1	0	0	0	20	1	34	37	probability-and-statistical-mechanics/215-massive-continuum-limits-and-exact-mass-asymptotics-for-planar-o-n-models.md
The-canonical-massive-continuum-limit-of-the-two-dimensional-O3-model-October-4-2026	215	preprints/The-canonical-massive-continuum-limit-of-the-two-dimensional-O3-model-October-4-2026/massive-continuum-o3.pdf	0	The-canonical-massive-continuum-limit-of-the-two-dimensional-O3-model-October-4-2026/build/main.tex	1	1	0	0	0	21	1	59	62	probability-and-statistical-mechanics/215-massive-continuum-limits-and-exact-mass-asymptotics-for-planar-o-n-models.md
BKT-universality-for-height-and-planar-spin-fields-September-24-2026	216	preprints/BKT-universality-for-height-and-planar-spin-fields-September-24-2026/paper.pdf	0	BKT-universality-for-height-and-planar-spin-fields-September-24-2026/build/paper.tex	1	1	0	0	0	11	1	85	89	probability-and-statistical-mechanics/216-critical-logarithmic-corrections-and-bkt-scaling-for-the-planar-xy-model.md
Critical-Center-Magnetization-in-the-Planar-XY-Model-October-5-2026	216	preprints/Critical-Center-Magnetization-in-the-Planar-XY-Model-October-5-2026/paper.pdf	0	Critical-Center-Magnetization-in-the-Planar-XY-Model-October-5-2026/build/main.tex	1	1	0	0	0	11	1	21	27	probability-and-statistical-mechanics/216-critical-logarithmic-corrections-and-bkt-scaling-for-the-planar-xy-model.md
Essential-Singularity-of-the-Correlation-Length-in-the-Planar-XY-Model-October-5-2026	216	preprints/Essential-Singularity-of-the-Correlation-Length-in-the-Planar-XY-Model-October-5-2026/paper.pdf	0	Essential-Singularity-of-the-Correlation-Length-in-the-Planar-XY-Model-October-5-2026/build/main.tex	1	1	0	0	0	10	0	31	31	probability-and-statistical-mechanics/216-critical-logarithmic-corrections-and-bkt-scaling-for-the-planar-xy-model.md
The-Critical-Spin-Field-of-the-Planar-XY-Model-October-5-2026	216	preprints/The-Critical-Spin-Field-of-the-Planar-XY-Model-October-5-2026/paper.pdf	0	The-Critical-Spin-Field-of-the-Planar-XY-Model-October-5-2026/build/main.tex	1	1	0	0	0	11	0	28	33	probability-and-statistical-mechanics/216-critical-logarithmic-corrections-and-bkt-scaling-for-the-planar-xy-model.md
The-critical-correlation-exponent-of-the-planar-XY-model-September-24-2026	216	preprints/The-critical-correlation-exponent-of-the-planar-XY-model-September-24-2026/paper.pdf	0	The-critical-correlation-exponent-of-the-planar-XY-model-September-24-2026/build/paper.tex	1	1	0	0	0	10	0	22	24	probability-and-statistical-mechanics/216-critical-logarithmic-corrections-and-bkt-scaling-for-the-planar-xy-model.md
The-critical-logarithmic-correction-for-the-planar-XY-model-October-5-2026	216	preprints/The-critical-logarithmic-correction-for-the-planar-XY-model-October-5-2026/paper.pdf	0	The-critical-logarithmic-correction-for-the-planar-XY-model-October-5-2026/build/paper.tex	1	1	0	0	0	9	0	22	24	probability-and-statistical-mechanics/216-critical-logarithmic-corrections-and-bkt-scaling-for-the-planar-xy-model.md
The-low-temperature-Sherrington-Kirkpatrick-fluctuation-scale-September-24-2026	217	preprints/The-low-temperature-Sherrington-Kirkpatrick-fluctuation-scale-September-24-2026/The-low-temperature-Sherrington-Kirkpatrick-fluctuation-scale-September-24-2026.pdf	0	The-low-temperature-Sherrington-Kirkpatrick-fluctuation-scale-September-24-2026/build/paper.tex	1	1	0	0	0	11	1	54	54	probability-and-statistical-mechanics/217-low-temperature-sherrington-kirkpatrick-fluctuation-law.md
The-low-temperature-Sherrington-Kirkpatrick-free-energy-limiting-law-September-24-2026	217	preprints/The-low-temperature-Sherrington-Kirkpatrick-free-energy-limiting-law-September-24-2026/The-low-temperature-Sherrington-Kirkpatrick-free-energy-limiting-law-September-24-2026.pdf	0	The-low-temperature-Sherrington-Kirkpatrick-free-energy-limiting-law-September-24-2026/build/main.tex	1	1	0	0	0	16	1	50	54	probability-and-statistical-mechanics/217-low-temperature-sherrington-kirkpatrick-fluctuation-law.md
Buffered-comparison-and-stopping-band-resolution-in-critical-Ising-September-23-2026	218	preprints/Buffered-comparison-and-stopping-band-resolution-in-critical-Ising-September-23-2026/paper.pdf	0	Buffered-comparison-and-stopping-band-resolution-in-critical-Ising-September-23-2026/build/main.tex	1	1	0	0	0	12	1	34	36	probability-and-statistical-mechanics/218-conformal-universality-for-weakly-interacting-and-disordered-ising-models.md
Conformal-universality-of-bulk-Ising-correlations-under-weak-interactions-September-23-2026	218	preprints/Conformal-universality-of-bulk-Ising-correlations-under-weak-interactions-September-23-2026/paper.pdf	0	Conformal-universality-of-bulk-Ising-correlations-under-weak-interactions-September-23-2026/build/main.tex	1	1	0	0	0	11	0	25	28	probability-and-statistical-mechanics/218-conformal-universality-for-weakly-interacting-and-disordered-ising-models.md
Logarithmic-Relative-Fluctuations-in-the-Weakly-Disordered-Planar-Ising-Model-October-5-2026	218	preprints/Logarithmic-Relative-Fluctuations-in-the-Weakly-Disordered-Planar-Ising-Model-October-5-2026/critical-relative-second-moment-weak-random-bond-ising.pdf	0	Logarithmic-Relative-Fluctuations-in-the-Weakly-Disordered-Planar-Ising-Model-October-5-2026/build/main.tex	1	1	0	0	0	14	0	37	38	probability-and-statistical-mechanics/218-conformal-universality-for-weakly-interacting-and-disordered-ising-models.md
Quenched-SLE3-Universality-for-the-Weak-Random-Bond-Ising-Model-October-5-2026	218	preprints/Quenched-SLE3-Universality-for-the-Weak-Random-Bond-Ising-Model-October-5-2026/quenched-sle3-weak-random-bond-ising.pdf	0	Quenched-SLE3-Universality-for-the-Weak-Random-Bond-Ising-Model-October-5-2026/build/main.tex	1	1	0	0	0	11	0	38	38	probability-and-statistical-mechanics/218-conformal-universality-for-weakly-interacting-and-disordered-ising-models.md
Quenched-SLE3-limits-for-general-weak-random-bond-Ising-models-October-5-2026	218	preprints/Quenched-SLE3-limits-for-general-weak-random-bond-Ising-models-October-5-2026/general-weak-random-bond-ising.pdf	0	Quenched-SLE3-limits-for-general-weak-random-bond-Ising-models-October-5-2026/build/main.tex	1	1	0	0	0	12	0	17	18	probability-and-statistical-mechanics/218-conformal-universality-for-weakly-interacting-and-disordered-ising-models.md
SLE3-universality-for-weak-finite-range-Ising-interactions-September-23-2026	218	preprints/SLE3-universality-for-weak-finite-range-Ising-interactions-September-23-2026/paper.pdf	0	SLE3-universality-for-weak-finite-range-Ising-interactions-September-23-2026/build/main.tex	1	1	0	0	0	11	1	42	45	probability-and-statistical-mechanics/218-conformal-universality-for-weakly-interacting-and-disordered-ising-models.md
Fixed-energy-universality-for-weak-Anderson-disorder-on-random-regular-graphs-October-5-2026	219	preprints/Fixed-energy-universality-for-weak-Anderson-disorder-on-random-regular-graphs-October-5-2026/fixed-energy-universality-weak-anderson-disorder-random-regular-graphs.pdf	0	Fixed-energy-universality-for-weak-Anderson-disorder-on-random-regular-graphs-October-5-2026/build/paper.tex	1	1	0	0	0	11	0	25	27	probability-and-statistical-mechanics/219-goe-universality-for-random-regular-graphs-with-weak-disorder.md
GOE-bulk-universality-for-fixed-degree-random-regular-graphs-September-23-2026	219	preprints/GOE-bulk-universality-for-fixed-degree-random-regular-graphs-September-23-2026/paper.pdf	0	GOE-bulk-universality-for-fixed-degree-random-regular-graphs-September-23-2026/build/main.tex	1	1	0	0	0	9	1	21	21	probability-and-statistical-mechanics/219-goe-universality-for-random-regular-graphs-with-weak-disorder.md
A-directional-zero-one-law-for-finite-range-dependent-random-environments-October-5-2026	220	preprints/A-directional-zero-one-law-for-finite-range-dependent-random-environments-October-5-2026/directional-zero-one-finite-range.pdf	0	A-directional-zero-one-law-for-finite-range-dependent-random-environments-October-5-2026/build/manuscript/main.tex	1	1	0	0	0	10	0	18	18	probability-and-statistical-mechanics/220-directional-zero-one-laws-and-ballisticity-in-random-environments.md
A-directional-zero-one-law-under-strict-ellipticity-September-23-2026	220	preprints/A-directional-zero-one-law-under-strict-ellipticity-September-23-2026/paper.pdf	0	A-directional-zero-one-law-under-strict-ellipticity-September-23-2026/build/main.tex	1	1	0	0	0	11	1	19	19	probability-and-statistical-mechanics/220-directional-zero-one-laws-and-ballisticity-in-random-environments.md
Directional-transience-implies-ballisticity-September-23-2026	220	preprints/Directional-transience-implies-ballisticity-September-23-2026/paper.pdf	1	Directional-transience-implies-ballisticity-September-23-2026/build/main.tex	1	1	0	0	0	12	1	37	37	probability-and-statistical-mechanics/220-directional-zero-one-laws-and-ballisticity-in-random-environments.md
The-Mezard-Parisi-formula-for-diluted-spin-glasses-September-23-2026	221	preprints/The-Mezard-Parisi-formula-for-diluted-spin-glasses-September-23-2026/paper.pdf	0	The-Mezard-Parisi-formula-for-diluted-spin-glasses-September-23-2026/build/main.tex	1	1	0	0	0	13	1	26	26	probability-and-statistical-mechanics/221-m-parisi-formula-for-diluted-spin-glasses.md
Microscopic-jamming-in-the-negative-spherical-perceptron-September-24-2026	222	preprints/Microscopic-jamming-in-the-negative-spherical-perceptron-September-24-2026/Microscopic-jamming-in-the-negative-spherical-perceptron-September-24-2026.pdf	0	Microscopic-jamming-in-the-negative-spherical-perceptron-September-24-2026/build/main.tex	1	1	0	0	0	1	0	69	70	probability-and-statistical-mechanics/222-perceptron-free-energies-and-microscopic-jamming.md
The-free-energy-of-the-Ising-random-perceptron-September-24-2026	222	preprints/The-free-energy-of-the-Ising-random-perceptron-September-24-2026/The-free-energy-of-the-Ising-random-perceptron-September-24-2026.pdf	0	The-free-energy-of-the-Ising-random-perceptron-September-24-2026/build/main.tex	1	1	0	0	0	10	1	29	30	probability-and-statistical-mechanics/222-perceptron-free-energies-and-microscopic-jamming.md
The-free-energy-of-the-spherical-random-perceptron-September-24-2026	222	preprints/The-free-energy-of-the-spherical-random-perceptron-September-24-2026/The-free-energy-of-the-spherical-random-perceptron-September-24-2026.pdf	0	The-free-energy-of-the-spherical-random-perceptron-September-24-2026/build/paper.tex	1	1	0	0	0	3	1	3	5	probability-and-statistical-mechanics/222-perceptron-free-energies-and-microscopic-jamming.md
The-spherical-perceptron-with-bi-orthogonally-invariant-disorder-September-24-2026	222	preprints/The-spherical-perceptron-with-bi-orthogonally-invariant-disorder-September-24-2026/The-spherical-perceptron-with-bi-orthogonally-invariant-disorder-September-24-2026.pdf	0	The-spherical-perceptron-with-bi-orthogonally-invariant-disorder-September-24-2026/build/paper.tex	1	1	0	0	0	3	0	7	10	probability-and-statistical-mechanics/222-perceptron-free-energies-and-microscopic-jamming.md
Conformal-Limits-of-Critical-Square-Lattice-Random-Cluster-Interfaces-October-5-2026	223	preprints/Conformal-Limits-of-Critical-Square-Lattice-Random-Cluster-Interfaces-October-5-2026/paper.pdf	0	Conformal-Limits-of-Critical-Square-Lattice-Random-Cluster-Interfaces-October-5-2026/build/main.tex	1	1	0	0	0	10	1	94	95	probability-and-statistical-mechanics/223-conformal-limits-of-square-lattice-random-cluster-interfaces.md
Natural-Occupation-Measures-for-Critical-Square-Lattice-FK-Interfaces-October-5-2026	223	preprints/Natural-Occupation-Measures-for-Critical-Square-Lattice-FK-Interfaces-October-5-2026/natural-occupation-measures-critical-square-lattice-fk-interfaces.pdf	0	Natural-Occupation-Measures-for-Critical-Square-Lattice-FK-Interfaces-October-5-2026/build/main.tex	1	1	0	0	0	27	3	159	168	probability-and-statistical-mechanics/223-conformal-limits-of-square-lattice-random-cluster-interfaces.md
Quenched-SLE-Universality-for-Weakly-Disordered-FK-Ising-Interfaces-October-5-2026	223	preprints/Quenched-SLE-Universality-for-Weakly-Disordered-FK-Ising-Interfaces-October-5-2026/quenched-fk-ising.pdf	0	Quenched-SLE-Universality-for-Weakly-Disordered-FK-Ising-Interfaces-October-5-2026/build/main.tex	1	1	0	0	0	11	0	29	29	probability-and-statistical-mechanics/223-conformal-limits-of-square-lattice-random-cluster-interfaces.md
Self-dual-random-cluster-interfaces-below-one-September-23-2026	223	preprints/Self-dual-random-cluster-interfaces-below-one-September-23-2026/paper.pdf	0	Self-dual-random-cluster-interfaces-below-one-September-23-2026/build/main.tex	1	1	0	0	0	27	1	115	115	probability-and-statistical-mechanics/223-conformal-limits-of-square-lattice-random-cluster-interfaces.md
Square-lattice-FK-interfaces-and-nested-loops-for-1-leq-q-lt-4-September-23-2026	223	preprints/Square-lattice-FK-interfaces-and-nested-loops-for-1-leq-q-lt-4-September-23-2026/paper.pdf	0	Square-lattice-FK-interfaces-and-nested-loops-for-1-leq-q-lt-4-September-23-2026/build/main.tex	1	1	0	0	0	14	1	66	67	probability-and-statistical-mechanics/223-conformal-limits-of-square-lattice-random-cluster-interfaces.md
Thermal-FK-Ising-interfaces-and-massive-SLE-October-5-2026	223	preprints/Thermal-FK-Ising-interfaces-and-massive-SLE-October-5-2026/paper.pdf	0	Thermal-FK-Ising-interfaces-and-massive-SLE-October-5-2026/build/main.tex	1	1	0	0	0	9	0	33	35	probability-and-statistical-mechanics/223-conformal-limits-of-square-lattice-random-cluster-interfaces.md
A-Pivotal-Amplitude-for-Voronoi-Percolation-from-Cardys-Formula-October-5-2026	224	preprints/A-Pivotal-Amplitude-for-Voronoi-Percolation-from-Cardys-Formula-October-5-2026/voronoi-pivotal-amplitude.pdf	0	A-Pivotal-Amplitude-for-Voronoi-Percolation-from-Cardys-Formula-October-5-2026/build/paper.tex	1	1	0	0	0	10	0	24	29	probability-and-statistical-mechanics/224-critical-and-near-critical-universality-for-voronoi-percolation.md
Cardys-formula-for-critical-Poisson-Voronoi-percolation-September-23-2026	224	preprints/Cardys-formula-for-critical-Poisson-Voronoi-percolation-September-23-2026/paper.pdf	0	Cardys-formula-for-critical-Poisson-Voronoi-percolation-September-23-2026/build/paper.tex	1	1	0	0	0	11	1	42	45	probability-and-statistical-mechanics/224-critical-and-near-critical-universality-for-voronoi-percolation.md
From-critical-crossings-to-quenched-near-critical-universality-in-Voronoi-percolation-October-5-2026	224	preprints/From-critical-crossings-to-quenched-near-critical-universality-in-Voronoi-percolation-October-5-2026/critical-crossings-quenched-near-critical-universality-voronoi-percolation.pdf	0	From-critical-crossings-to-quenched-near-critical-universality-in-Voronoi-percolation-October-5-2026/build/paper.tex	1	1	0	0	0	9	0	38	41	probability-and-statistical-mechanics/224-critical-and-near-critical-universality-for-voronoi-percolation.md
The-Gaussian-free-field-limit-of-the-balanced-six-vertex-model-with-variance-multiplier-1-over-arcsin-c-over-2-September-23-2026	225	preprints/The-Gaussian-free-field-limit-of-the-balanced-six-vertex-model-with-variance-multiplier-1-over-arcsin-c-over-2-September-23-2026/The-Gaussian-free-field-limit-of-the-balanced-six-vertex-model-with-variance-multiplier-1-over-arcsin-c-over-2-September-23-2026.pdf	0	The-Gaussian-free-field-limit-of-the-balanced-six-vertex-model-with-variance-multiplier-1-over-arcsin-c-over-2-September-23-2026/build/main.tex	1	1	0	0	0	12	1	51	51	probability-and-statistical-mechanics/225-gaussian-free-field-limits-for-the-balanced-six-vertex-model.md
The-curve-scaling-limit-of-half-plane-double-dimers-September-23-2026	226	preprints/The-curve-scaling-limit-of-half-plane-double-dimers-September-23-2026/paper.pdf	0	The-curve-scaling-limit-of-half-plane-double-dimers-September-23-2026/build/main.tex	1	1	0	0	0	8	0	22	24	probability-and-statistical-mechanics/226-double-dimer-cle-4-conjecture-in-the-half-plane.md
A-spectral-gap-throughout-the-high-temperature-Sherrington-Kirkpatrick-phase-September-24-2026	227	preprints/A-spectral-gap-throughout-the-high-temperature-Sherrington-Kirkpatrick-phase-September-24-2026/main.pdf	0	A-spectral-gap-throughout-the-high-temperature-Sherrington-Kirkpatrick-phase-September-24-2026/build/main.tex	1	1	0	0	0	12	0	25	26	probability-and-statistical-mechanics/227-dynamical-phase-transition-in-the-sherrington-kirkpatrick-model.md
A-typical-start-upper-bound-for-low-temperature-SK-Glauber-dynamics-September-24-2026	227	preprints/A-typical-start-upper-bound-for-low-temperature-SK-Glauber-dynamics-September-24-2026/paper.pdf	0	A-typical-start-upper-bound-for-low-temperature-SK-Glauber-dynamics-September-24-2026/build/paper.tex	1	1	0	0	0	10	0	8	8	probability-and-statistical-mechanics/227-dynamical-phase-transition-in-the-sherrington-kirkpatrick-model.md
Critical-mixing-in-the-Sherrington-Kirkpatrick-model-September-25-2026	227	preprints/Critical-mixing-in-the-Sherrington-Kirkpatrick-model-September-25-2026/paper.pdf	0	Critical-mixing-in-the-Sherrington-Kirkpatrick-model-September-25-2026/build/paper.tex	1	1	0	0	0	20	1	49	52	probability-and-statistical-mechanics/227-dynamical-phase-transition-in-the-sherrington-kirkpatrick-model.md
Critical-slowing-down-in-the-Sherrington-Kirkpatrick-model-September-24-2026	227	preprints/Critical-slowing-down-in-the-Sherrington-Kirkpatrick-model-September-24-2026/paper.pdf	1	Critical-slowing-down-in-the-Sherrington-Kirkpatrick-model-September-24-2026/build/paper.tex	1	1	0	0	0	9	1	25	26	probability-and-statistical-mechanics/227-dynamical-phase-transition-in-the-sherrington-kirkpatrick-model.md
Cutoff-throughout-the-high-temperature-Sherrington-Kirkpatrick-phase-September-24-2026	227	preprints/Cutoff-throughout-the-high-temperature-Sherrington-Kirkpatrick-phase-September-24-2026/paper.pdf	0	Cutoff-throughout-the-high-temperature-Sherrington-Kirkpatrick-phase-September-24-2026/build/paper.tex	1	1	0	0	0	23	1	93	95	probability-and-statistical-mechanics/227-dynamical-phase-transition-in-the-sherrington-kirkpatrick-model.md
Functional-universality-of-critical-SK-autocorrelations-October-5-2026	227	preprints/Functional-universality-of-critical-SK-autocorrelations-October-5-2026/critical-sk-autocorrelations.pdf	0	Functional-universality-of-critical-SK-autocorrelations-October-5-2026/build/main.tex	1	1	0	0	0	13	1	46	46	probability-and-statistical-mechanics/227-dynamical-phase-transition-in-the-sherrington-kirkpatrick-model.md
Stretched-exponential-barriers-for-typical-SK-initial-states-September-24-2026	227	preprints/Stretched-exponential-barriers-for-typical-SK-initial-states-September-24-2026/paper.pdf	0	Stretched-exponential-barriers-for-typical-SK-initial-states-September-24-2026/build/main.tex	1	1	0	0	0	16	0	25	26	probability-and-statistical-mechanics/227-dynamical-phase-transition-in-the-sherrington-kirkpatrick-model.md
Universality-of-critical-quench-autocorrelations-in-the-Sherrington-Kirkpatrick-model-October-5-2026	227	preprints/Universality-of-critical-quench-autocorrelations-in-the-Sherrington-Kirkpatrick-model-October-5-2026/main.pdf	0	Universality-of-critical-quench-autocorrelations-in-the-Sherrington-Kirkpatrick-model-October-5-2026/build/main.tex	1	1	0	0	0	11	1	45	48	probability-and-statistical-mechanics/227-dynamical-phase-transition-in-the-sherrington-kirkpatrick-model.md
A-continuum-temperature-singularity-for-a-radial-pair-potential-September-24-2026	228	preprints/A-continuum-temperature-singularity-for-a-radial-pair-potential-September-24-2026/paper.pdf	1	A-continuum-temperature-singularity-for-a-radial-pair-potential-September-24-2026/build/paper.tex	1	1	0	0	0	7	1	16	17	probability-and-statistical-mechanics/228-continuum-phase-transitions-for-radial-pair-potentials.md
A-radial-continuum-phase-transition-with-algebraic-decay-September-24-2026	228	preprints/A-radial-continuum-phase-transition-with-algebraic-decay-September-24-2026/paper.pdf	1	A-radial-continuum-phase-transition-with-algebraic-decay-September-24-2026/build/paper.tex	1	1	0	0	0	9	1	25	25	probability-and-statistical-mechanics/228-continuum-phase-transitions-for-radial-pair-potentials.md
A-Capacity-Criterion-for-Four-State-Potts-Reconstruction-on-Trees-October-5-2026	229	preprints/A-Capacity-Criterion-for-Four-State-Potts-Reconstruction-on-Trees-October-5-2026/four-state-capacity.pdf	0	A-Capacity-Criterion-for-Four-State-Potts-Reconstruction-on-Trees-October-5-2026/build/main.tex	1	1	0	0	0	1	1	2	4	probability-and-statistical-mechanics/229-sharp-three-and-four-state-reconstruction-thresholds.md
The-Reconstruction-Threshold-for-the-Ferromagnetic-Four-State-Potts-Model-October-5-2026	229	preprints/The-Reconstruction-Threshold-for-the-Ferromagnetic-Four-State-Potts-Model-October-5-2026/four-state-potts.pdf	0	The-Reconstruction-Threshold-for-the-Ferromagnetic-Four-State-Potts-Model-October-5-2026/build/main.tex	1	1	1	0	0	9	0	10	11	probability-and-statistical-mechanics/229-sharp-three-and-four-state-reconstruction-thresholds.md
The-exact-reconstruction-threshold-for-the-three-state-symmetric-channel-September-25-2026	229	preprints/The-exact-reconstruction-threshold-for-the-three-state-symmetric-channel-September-25-2026/paper.pdf	0	The-exact-reconstruction-threshold-for-the-three-state-symmetric-channel-September-25-2026/build/main.tex	1	1	1	0	0	13	1	23	23	probability-and-statistical-mechanics/229-sharp-three-and-four-state-reconstruction-thresholds.md
An-exact-Hausdorff-gauge-for-SLE-September-25-2026	230	preprints/An-exact-Hausdorff-gauge-for-SLE-September-25-2026/An-exact-Hausdorff-gauge-for-SLE-September-25-2026.pdf	0	An-exact-Hausdorff-gauge-for-SLE-September-25-2026/build/main.tex	1	1	0	0	0	12	1	19	20	probability-and-statistical-mechanics/230-exact-hausdorff-measure-for-sle.md
An-explicit-exact-Hausdorff-gauge-for-SLE-September-26-2026	230	preprints/An-explicit-exact-Hausdorff-gauge-for-SLE-September-26-2026/An-explicit-exact-Hausdorff-gauge-for-SLE-September-26-2026.pdf	0	An-explicit-exact-Hausdorff-gauge-for-SLE-September-26-2026/build/main.tex	1	1	0	0	0	14	1	27	27	probability-and-statistical-mechanics/230-exact-hausdorff-measure-for-sle.md
The-free-uniform-spanning-forest-is-a-factor-of-IID-September-25-2026	231	preprints/The-free-uniform-spanning-forest-is-a-factor-of-IID-September-25-2026/The-free-uniform-spanning-forest-is-a-factor-of-IID-September-25-2026.pdf	0	The-free-uniform-spanning-forest-is-a-factor-of-IID-September-25-2026/build/paper.tex	1	1	0	0	0	7	1	14	14	probability-and-statistical-mechanics/231-free-uniform-spanning-forest-is-a-factor-of-iid.md
Gaussian-free-field-limits-of-weighted-integer-Lipschitz-heights-September-25-2026	232	preprints/Gaussian-free-field-limits-of-weighted-integer-Lipschitz-heights-September-25-2026/paper.pdf	0	Gaussian-free-field-limits-of-weighted-integer-Lipschitz-heights-September-25-2026/build/main.tex	1	1	0	0	0	12	1	57	59	probability-and-statistical-mechanics/232-gaussian-fields-and-sle-interfaces-for-lipschitz-heights.md
The-Gaussian-free-field-limit-of-integer-Lipschitz-heights-with-two-arc-boundary-data-September-25-2026	232	preprints/The-Gaussian-free-field-limit-of-integer-Lipschitz-heights-with-two-arc-boundary-data-September-25-2026/paper.pdf	0	The-Gaussian-free-field-limit-of-integer-Lipschitz-heights-with-two-arc-boundary-data-September-25-2026/build/paper.tex	1	1	0	0	0	13	1	48	49	probability-and-statistical-mechanics/232-gaussian-fields-and-sle-interfaces-for-lipschitz-heights.md
Uniform-real-Lipschitz-surfaces-on-the-triangular-lattice-September-25-2026	232	preprints/Uniform-real-Lipschitz-surfaces-on-the-triangular-lattice-September-25-2026/paper.pdf	0	Uniform-real-Lipschitz-surfaces-on-the-triangular-lattice-September-25-2026/build/paper.tex	1	1	0	0	0	10	0	66	67	probability-and-statistical-mechanics/232-gaussian-fields-and-sle-interfaces-for-lipschitz-heights.md
The-joint-scaling-limit-of-critical-Ashkin-Teller-currents-September-25-2026	233	preprints/The-joint-scaling-limit-of-critical-Ashkin-Teller-currents-September-25-2026/main.pdf	0	The-joint-scaling-limit-of-critical-Ashkin-Teller-currents-September-25-2026/build/main.tex	1	1	0	0	0	11	1	61	60	probability-and-statistical-mechanics/233-joint-critical-ashkin-teller-scaling-limit.md
All-temperature-pressure-for-orthogonally-invariant-Ising-spin-glasses-September-25-2026	234	preprints/All-temperature-pressure-for-orthogonally-invariant-Ising-spin-glasses-September-25-2026/paper.pdf	0	All-temperature-pressure-for-orthogonally-invariant-Ising-spin-glasses-September-25-2026/build/invariant-sk.tex	1	1	0	0	0	9	0	35	36	probability-and-statistical-mechanics/234-all-temperature-pressure-for-orthogonally-invariant-ising-spin-glasses.md
A-Limiting-Satisfiability-Threshold-for-Every-Fixed-Clause-Size-September-25-2026	235	preprints/A-Limiting-Satisfiability-Threshold-for-Every-Fixed-Clause-Size-September-25-2026/article.pdf	0	A-Limiting-Satisfiability-Threshold-for-Every-Fixed-Clause-Size-September-25-2026/build/source/paper.tex	1	1	0	0	0	10	0	11	11	probability-and-statistical-mechanics/235-random-sat-thresholds-sharp-variance-and-computability.md
Computing-the-Random-3-SAT-Threshold-September-27-2026	235	preprints/Computing-the-Random-3-SAT-Threshold-September-27-2026/article.pdf	0	Computing-the-Random-3-SAT-Threshold-September-27-2026/build/paper.tex	1	1	0	0	0	11	1	31	31	probability-and-statistical-mechanics/235-random-sat-thresholds-sharp-variance-and-computability.md
Linear-Variance-of-the-Random-3-SAT-Hitting-Time-October-5-2026	235	preprints/Linear-Variance-of-the-Random-3-SAT-Hitting-Time-October-5-2026/linear-variance-of-the-random-3-sat-hitting-time.pdf	0	Linear-Variance-of-the-Random-3-SAT-Hitting-Time-October-5-2026/build/source/main.tex	1	1	0	0	0	1	1	9	11	probability-and-statistical-mechanics/235-random-sat-thresholds-sharp-variance-and-computability.md
Variance-of-the-Random-k-SAT-Hitting-Time-September-27-2026	235	preprints/Variance-of-the-Random-k-SAT-Hitting-Time-September-27-2026/article.pdf	0	Variance-of-the-Random-k-SAT-Hitting-Time-September-27-2026/build/source/paper.tex	1	1	0	0	0	12	1	29	29	probability-and-statistical-mechanics/235-random-sat-thresholds-sharp-variance-and-computability.md
The-sharp-factor-of-IID-threshold-for-the-free-Ising-model-on-regular-trees-September-26-2026	236	preprints/The-sharp-factor-of-IID-threshold-for-the-free-Ising-model-on-regular-trees-September-26-2026/article.pdf	1	The-sharp-factor-of-IID-threshold-for-the-free-Ising-model-on-regular-trees-September-26-2026/build/main.tex	1	1	0	0	0	11	1	23	26	probability-and-statistical-mechanics/236-factor-of-iid-threshold-for-free-ising-states-on-trees.md
Cap-selected-amplitudes-and-triangle-chords-for-honeycomb-walks-September-26-2026	237	preprints/Cap-selected-amplitudes-and-triangle-chords-for-honeycomb-walks-September-26-2026/main.pdf	0	Cap-selected-amplitudes-and-triangle-chords-for-honeycomb-walks-September-26-2026/build/main.tex	1	1	0	0	0	18	0	13	19	probability-and-statistical-mechanics/237-three-quarter-diameter-exponent-for-honeycomb-walks.md
Critical-honeycomb-chords-with-prescribed-boundary-endpoints-September-26-2026	237	preprints/Critical-honeycomb-chords-with-prescribed-boundary-endpoints-September-26-2026/main.pdf	0	Critical-honeycomb-chords-with-prescribed-boundary-endpoints-September-26-2026/build/main.tex	1	1	0	0	0	11	0	17	26	probability-and-statistical-mechanics/237-three-quarter-diameter-exponent-for-honeycomb-walks.md
Critical-strip-crossing-mass-on-the-honeycomb-lattice-September-26-2026	237	preprints/Critical-strip-crossing-mass-on-the-honeycomb-lattice-September-26-2026/main.pdf	0	Critical-strip-crossing-mass-on-the-honeycomb-lattice-September-26-2026/build/main.tex	1	1	0	0	0	14	0	12	12	probability-and-statistical-mechanics/237-three-quarter-diameter-exponent-for-honeycomb-walks.md
Cylinder-amplitudes-and-logarithmic-bridge-length-windows-on-the-honeycomb-lattice-September-26-2026	237	preprints/Cylinder-amplitudes-and-logarithmic-bridge-length-windows-on-the-honeycomb-lattice-September-26-2026/main.pdf	0	Cylinder-amplitudes-and-logarithmic-bridge-length-windows-on-the-honeycomb-lattice-September-26-2026/build/main.tex	1	1	0	0	0	18	0	17	20	probability-and-statistical-mechanics/237-three-quarter-diameter-exponent-for-honeycomb-walks.md
Cylinder-loop-weights-and-planar-nesting-September-26-2026	237	preprints/Cylinder-loop-weights-and-planar-nesting-September-26-2026/main.pdf	0	Cylinder-loop-weights-and-planar-nesting-September-26-2026/build/main.tex	1	1	0	0	0	11	0	50	51	probability-and-statistical-mechanics/237-three-quarter-diameter-exponent-for-honeycomb-walks.md
Disk-transfer-representations-and-confined-bridge-mass-September-26-2026	237	preprints/Disk-transfer-representations-and-confined-bridge-mass-September-26-2026/main.pdf	0	Disk-transfer-representations-and-confined-bridge-mass-September-26-2026/build/main.tex	1	1	0	0	0	11	0	10	14	probability-and-statistical-mechanics/237-three-quarter-diameter-exponent-for-honeycomb-walks.md
Marked-polygon-correlations-and-one-arc-bounds-September-26-2026	237	preprints/Marked-polygon-correlations-and-one-arc-bounds-September-26-2026/main.pdf	0	Marked-polygon-correlations-and-one-arc-bounds-September-26-2026/build/main.tex	1	1	0	0	0	11	0	27	29	probability-and-statistical-mechanics/237-three-quarter-diameter-exponent-for-honeycomb-walks.md
Mass-and-covering-exponents-for-fixed-length-honeycomb-walks-September-26-2026	237	preprints/Mass-and-covering-exponents-for-fixed-length-honeycomb-walks-September-26-2026/main.pdf	0	Mass-and-covering-exponents-for-fixed-length-honeycomb-walks-September-26-2026/build/main.tex	1	1	0	0	0	18	0	41	46	probability-and-statistical-mechanics/237-three-quarter-diameter-exponent-for-honeycomb-walks.md
Polynomial-vacuum-representations-and-bridge-mass-for-honeycomb-walks-September-26-2026	237	preprints/Polynomial-vacuum-representations-and-bridge-mass-for-honeycomb-walks-September-26-2026/main.pdf	0	Polynomial-vacuum-representations-and-bridge-mass-for-honeycomb-walks-September-26-2026/build/main.tex	1	1	0	0	0	17	0	23	28	probability-and-statistical-mechanics/237-three-quarter-diameter-exponent-for-honeycomb-walks.md
Radial-transfer-estimates-and-polygon-length-laws-for-honeycomb-walks-September-26-2026	237	preprints/Radial-transfer-estimates-and-polygon-length-laws-for-honeycomb-walks-September-26-2026/main.pdf	0	Radial-transfer-estimates-and-polygon-length-laws-for-honeycomb-walks-September-26-2026/build/main.tex	1	1	0	0	0	23	0	11	16	probability-and-statistical-mechanics/237-three-quarter-diameter-exponent-for-honeycomb-walks.md
Renewal-and-changes-of-law-for-critical-honeycomb-walks-September-26-2026	237	preprints/Renewal-and-changes-of-law-for-critical-honeycomb-walks-September-26-2026/main.pdf	0	Renewal-and-changes-of-law-for-critical-honeycomb-walks-September-26-2026/build/main.tex	1	1	0	0	0	15	0	62	64	probability-and-statistical-mechanics/237-three-quarter-diameter-exponent-for-honeycomb-walks.md
Signed-cylinder-propagation-and-marked-polygons-on-the-honeycomb-lattice-September-26-2026	237	preprints/Signed-cylinder-propagation-and-marked-polygons-on-the-honeycomb-lattice-September-26-2026/main.pdf	0	Signed-cylinder-propagation-and-marked-polygons-on-the-honeycomb-lattice-September-26-2026/build/main.tex	1	1	0	0	0	20	0	38	42	probability-and-statistical-mechanics/237-three-quarter-diameter-exponent-for-honeycomb-walks.md
Uniform-marked-polygon-estimates-and-sharp-finite-bridge-moments-September-26-2026	237	preprints/Uniform-marked-polygon-estimates-and-sharp-finite-bridge-moments-September-26-2026/main.pdf	0	Uniform-marked-polygon-estimates-and-sharp-finite-bridge-moments-September-26-2026/build/main.tex	1	1	0	0	0	19	0	28	33	probability-and-statistical-mechanics/237-three-quarter-diameter-exponent-for-honeycomb-walks.md
A-strict-four-row-permanent-inequality-and-permutation-moments-September-26-2026	238	preprints/A-strict-four-row-permanent-inequality-and-permutation-moments-September-26-2026/main.pdf	0	A-strict-four-row-permanent-inequality-and-permutation-moments-September-26-2026/build/main.tex	1	1	0	0	0	8	1	10	10	probability-and-statistical-mechanics/238-optimal-logarithmic-mixing-of-the-thorp-shuffle.md
Compatibility-entropy-and-the-spectrum-of-a-Thorp-sweep-September-26-2026	238	preprints/Compatibility-entropy-and-the-spectrum-of-a-Thorp-sweep-September-26-2026/paper.pdf	1	Compatibility-entropy-and-the-spectrum-of-a-Thorp-sweep-September-26-2026/build/main.tex	1	1	0	0	0	19	1	74	74	probability-and-statistical-mechanics/238-optimal-logarithmic-mixing-of-the-thorp-shuffle.md
Conditional-coordinate-sweeps-and-analytic-transfer-September-26-2026	238	preprints/Conditional-coordinate-sweeps-and-analytic-transfer-September-26-2026/main.pdf	1	Conditional-coordinate-sweeps-and-analytic-transfer-September-26-2026/build/main.tex	1	1	0	0	0	9	1	4	6	probability-and-statistical-mechanics/238-optimal-logarithmic-mixing-of-the-thorp-shuffle.md
Conditional-information-under-deterministic-coordinate-sweeps-September-26-2026	238	preprints/Conditional-information-under-deterministic-coordinate-sweeps-September-26-2026/main.pdf	0	Conditional-information-under-deterministic-coordinate-sweeps-September-26-2026/build/main.tex	1	1	0	0	0	19	0	64	64	probability-and-statistical-mechanics/238-optimal-logarithmic-mixing-of-the-thorp-shuffle.md
Conditional-permutations-in-a-revealed-switching-environment-September-26-2026	238	preprints/Conditional-permutations-in-a-revealed-switching-environment-September-26-2026/paper.pdf	0	Conditional-permutations-in-a-revealed-switching-environment-September-26-2026/build/main.tex	1	1	0	0	0	8	0	13	17	probability-and-statistical-mechanics/238-optimal-logarithmic-mixing-of-the-thorp-shuffle.md
From-partial-permutation-information-to-Fourier-bounds-September-26-2026	238	preprints/From-partial-permutation-information-to-Fourier-bounds-September-26-2026/main.pdf	0	From-partial-permutation-information-to-Fourier-bounds-September-26-2026/build/main.tex	1	1	0	0	0	20	0	76	69	probability-and-statistical-mechanics/238-optimal-logarithmic-mixing-of-the-thorp-shuffle.md
Optimal-order-mixing-of-the-Thorp-shuffle-September-26-2026	238	preprints/Optimal-order-mixing-of-the-Thorp-shuffle-September-26-2026/paper.pdf	0	Optimal-order-mixing-of-the-Thorp-shuffle-September-26-2026/build/main.tex	1	1	0	0	0	3	0	7	7	probability-and-statistical-mechanics/238-optimal-logarithmic-mixing-of-the-thorp-shuffle.md
Random-coordinate-frames-and-partial-permutation-laws-September-26-2026	238	preprints/Random-coordinate-frames-and-partial-permutation-laws-September-26-2026/main.pdf	0	Random-coordinate-frames-and-partial-permutation-laws-September-26-2026/build/main.tex	1	1	0	0	0	18	0	62	63	probability-and-statistical-mechanics/238-optimal-logarithmic-mixing-of-the-thorp-shuffle.md
Random-subspace-tests-and-trace-smoothing-for-coordinate-sweeps-September-26-2026	238	preprints/Random-subspace-tests-and-trace-smoothing-for-coordinate-sweeps-September-26-2026/paper.pdf	0	Random-subspace-tests-and-trace-smoothing-for-coordinate-sweeps-September-26-2026/build/main.tex	1	1	0	0	0	3	1	7	7	probability-and-statistical-mechanics/238-optimal-logarithmic-mixing-of-the-thorp-shuffle.md
Routing-densities-and-representation-contraction-for-Thorp-sweeps-September-26-2026	238	preprints/Routing-densities-and-representation-contraction-for-Thorp-sweeps-September-26-2026/paper.pdf	1	Routing-densities-and-representation-contraction-for-Thorp-sweeps-September-26-2026/build/main.tex	1	1	0	0	0	14	1	29	33	probability-and-statistical-mechanics/238-optimal-logarithmic-mixing-of-the-thorp-shuffle.md
Row-column-symmetry-and-contraction-of-coordinate-sweeps-September-26-2026	238	preprints/Row-column-symmetry-and-contraction-of-coordinate-sweeps-September-26-2026/paper.pdf	0	Row-column-symmetry-and-contraction-of-coordinate-sweeps-September-26-2026/build/main.tex	1	1	0	0	0	5	1	10	12	probability-and-statistical-mechanics/238-optimal-logarithmic-mixing-of-the-thorp-shuffle.md
Signed-tensor-densities-and-diagram-budgets-for-coordinate-sweeps-September-26-2026	238	preprints/Signed-tensor-densities-and-diagram-budgets-for-coordinate-sweeps-September-26-2026/paper.pdf	0	Signed-tensor-densities-and-diagram-budgets-for-coordinate-sweeps-September-26-2026/build/main.tex	1	1	0	0	0	15	1	29	34	probability-and-statistical-mechanics/238-optimal-logarithmic-mixing-of-the-thorp-shuffle.md
The-sharp-exponential-rate-of-singularity-for-symmetric-Bernoulli-matrices-October-3-2026	239	preprints/The-sharp-exponential-rate-of-singularity-for-symmetric-Bernoulli-matrices-October-3-2026/symmetric-bernoulli-singularity.pdf	0	The-sharp-exponential-rate-of-singularity-for-symmetric-Bernoulli-matrices-October-3-2026/build/main.tex	1	1	0	0	0	14	0	38	38	probability-and-statistical-mechanics/239-sharp-singularity-rates-for-symmetric-sign-matrices.md
The-sharp-singularity-rate-for-biased-symmetric-sign-matrices-October-4-2026	239	preprints/The-sharp-singularity-rate-for-biased-symmetric-sign-matrices-October-4-2026/biased-symmetric-sign-singularity.pdf	0	The-sharp-singularity-rate-for-biased-symmetric-sign-matrices-October-4-2026/build/main.tex	1	1	0	0	0	10	0	25	30	probability-and-statistical-mechanics/239-sharp-singularity-rates-for-symmetric-sign-matrices.md
A-CH-Obstruction-to-a-Prescribed-Categoricity-Threshold-September-24-2026	240	preprints/A-CH-Obstruction-to-a-Prescribed-Categoricity-Threshold-September-24-2026/paper.pdf	1	A-CH-Obstruction-to-a-Prescribed-Categoricity-Threshold-September-24-2026/build/paper.tex	1	1	0	0	0	10	1	29	29	mathematical-logic/240-shelahs-eventual-categoricity-conjecture.md
Eventual-Categoricity-for-Abstract-Elementary-Classes-September-24-2026	240	preprints/Eventual-Categoricity-for-Abstract-Elementary-Classes-September-24-2026/paper.pdf	0	Eventual-Categoricity-for-Abstract-Elementary-Classes-September-24-2026/build/main.tex	1	1	0	0	0	16	1	99	101	mathematical-logic/240-shelahs-eventual-categoricity-conjecture.md
Rigidity-of-the-Turing-degrees-September-24-2026	241	preprints/Rigidity-of-the-Turing-degrees-September-24-2026/paper.pdf	1	Rigidity-of-the-Turing-degrees-September-24-2026/build/main.tex	1	1	0	0	0	9	0	7	8	mathematical-logic/241-rigidity-of-the-turing-degrees.md
Single-fold-Diophantine-representations-September-24-2026	242	preprints/Single-fold-Diophantine-representations-September-24-2026/paper.pdf	1	Single-fold-Diophantine-representations-September-24-2026/build/main.tex	1	1	0	0	0	8	1	13	13	mathematical-logic/242-single-fold-diophantine-representations.md
Choiceless-polynomial-time-with-counting-does-not-capture-polynomial-time-September-23-2026	243	preprints/Choiceless-polynomial-time-with-counting-does-not-capture-polynomial-time-September-23-2026/paper.pdf	1	Choiceless-polynomial-time-with-counting-does-not-capture-polynomial-time-September-23-2026/build/main.tex	1	1	0	0	0	12	1	21	21	mathematical-logic/243-choiceless-counting-does-not-capture-polynomial-time.md
Witnessed-symmetric-choice-is-strictly-stronger-than-choiceless-polynomial-time-with-counting-September-24-2026	243	preprints/Witnessed-symmetric-choice-is-strictly-stronger-than-choiceless-polynomial-time-with-counting-September-24-2026/paper.pdf	0	Witnessed-symmetric-choice-is-strictly-stronger-than-choiceless-polynomial-time-with-counting-September-24-2026/build/main.tex	1	1	0	0	0	11	1	30	30	mathematical-logic/243-choiceless-counting-does-not-capture-polynomial-time.md
The-Partition-Principle-does-not-imply-Choice-September-24-2026	244	preprints/The-Partition-Principle-does-not-imply-Choice-September-24-2026/partition-principle-without-choice.pdf	1	The-Partition-Principle-does-not-imply-Choice-September-24-2026/build/main.tex	1	1	0	0	0	10	1	33	33	mathematical-logic/244-partition-principle-does-not-imply-choice.md
Weak-and-strong-normalization-in-pure-type-systems-September-25-2026	245	preprints/Weak-and-strong-normalization-in-pure-type-systems-September-25-2026/paper.pdf	0	Weak-and-strong-normalization-in-pure-type-systems-September-25-2026/build/paper.tex	1	1	0	0	0	11	1	59	59	mathematical-logic/245-barendregt-geuvers-klop-conjecture.md
A-Modulus-Proof-of-Cannons-Conjecture-September-23-2026	246	preprints/A-Modulus-Proof-of-Cannons-Conjecture-September-23-2026/paper.pdf	0	A-Modulus-Proof-of-Cannons-Conjecture-September-23-2026/build/main.tex	1	1	0	0	0	9	0	30	31	group-theory/246-cannons-conjecture.md
An-infinite-finitely-presented-periodic-group-September-23-2026	247	preprints/An-infinite-finitely-presented-periodic-group-September-23-2026/paper.pdf	0	An-infinite-finitely-presented-periodic-group-September-23-2026/build/paper.tex	1	1	0	0	0	8	0	41	42	group-theory/247-an-infinite-finitely-presented-residually-finite-2-group.md
An-infinite-finitely-presented-residually-finite-2-group-October-5-2026	247	preprints/An-infinite-finitely-presented-residually-finite-2-group-October-5-2026/residually-finite-torsion.pdf	0	An-infinite-finitely-presented-residually-finite-2-group-October-5-2026/build/main.tex	1	1	0	0	0	10	0	23	26	group-theory/247-an-infinite-finitely-presented-residually-finite-2-group.md
Thompsons-group-F-is-nonamenable-September-23-2026	248	preprints/Thompsons-group-F-is-nonamenable-September-23-2026/paper.pdf	1	Thompsons-group-F-is-nonamenable-September-23-2026/build/main.tex	1	1	0	0	0	7	1	9	10	group-theory/248-thompsons-group-f-is-nonamenable.md
A-finitely-generated-counterexample-to-the-Eilenberg-Ganea-conjecture-September-23-2026	249	preprints/A-finitely-generated-counterexample-to-the-Eilenberg-Ganea-conjecture-September-23-2026/paper.pdf	0	A-finitely-generated-counterexample-to-the-Eilenberg-Ganea-conjecture-September-23-2026/build/main.tex	1	1	0	0	0	8	1	14	15	group-theory/249-a-finitely-generated-counterexample-to-eilenberg-ganea.md
A-universal-group-of-type-F-infinity-September-23-2026	250	preprints/A-universal-group-of-type-F-infinity-September-23-2026/paper.pdf	1	A-universal-group-of-type-F-infinity-September-23-2026/build/main.tex	1	1	0	0	0	10	0	11	12	group-theory/250-boone-higman-conjecture-and-higher-finiteness.md
Finite-algebraic-envelopes-and-the-Boone-Higman-conjecture-September-23-2026	250	preprints/Finite-algebraic-envelopes-and-the-Boone-Higman-conjecture-September-23-2026/paper.pdf	0	Finite-algebraic-envelopes-and-the-Boone-Higman-conjecture-September-23-2026/build/paper.tex	1	1	0	0	0	9	1	21	24	group-theory/250-boone-higman-conjecture-and-higher-finiteness.md
Simple-F-infinity-overgroups-of-groups-with-decidable-word-problem-September-23-2026	250	preprints/Simple-F-infinity-overgroups-of-groups-with-decidable-word-problem-September-23-2026/paper.pdf	0	Simple-F-infinity-overgroups-of-groups-with-decidable-word-problem-September-23-2026/build/main.tex	1	1	0	0	0	6	1	21	25	group-theory/250-boone-higman-conjecture-and-higher-finiteness.md
Strong-Ulam-Stability-Characterizes-Amenability-October-5-2026	251	preprints/Strong-Ulam-Stability-Characterizes-Amenability-October-5-2026/strong-ulam-stability.pdf	0	Strong-Ulam-Stability-Characterizes-Amenability-October-5-2026/build/strong-ulam-stability.tex	1	1	0	0	0	1	0	8	9	group-theory/251-amenability-unitarizability-and-ulam-stability.md
Unitarizability-Implies-Amenability-for-Countable-Groups-September-23-2026	251	preprints/Unitarizability-Implies-Amenability-for-Countable-Groups-September-23-2026/paper.pdf	1	Unitarizability-Implies-Amenability-for-Countable-Groups-September-23-2026/build/main.tex	1	1	0	1	0	7	1	12	10	group-theory/251-amenability-unitarizability-and-ulam-stability.md
a-torsion-free-hyperbolic-group-that-is-not-residually-finite-September-23-2026	252	preprints/a-torsion-free-hyperbolic-group-that-is-not-residually-finite-September-23-2026/paper.pdf	1	a-torsion-free-hyperbolic-group-that-is-not-residually-finite-September-23-2026/build/paper.tex	1	1	0	0	0	5	1	11	13	group-theory/252-a-non-residually-finite-torsion-free-hyperbolic-group.md
An-Infinite-Finitely-Presented-Simple-Amenable-Group-September-23-2026	253	preprints/An-Infinite-Finitely-Presented-Simple-Amenable-Group-September-23-2026/paper.pdf	1	An-Infinite-Finitely-Presented-Simple-Amenable-Group-September-23-2026/build/main.tex	1	1	0	0	0	10	1	47	47	group-theory/253-an-infinite-finitely-presented-simple-amenable-group.md
An-Artin-group-with-no-geometric-CAT-0-action-September-23-2026	254	preprints/An-Artin-group-with-no-geometric-CAT-0-action-September-23-2026/paper.pdf	1	An-Artin-group-with-no-geometric-CAT-0-action-September-23-2026/build/main.tex	1	1	0	0	0	10	0	23	23	group-theory/254-classifying-spaces-and-geometric-obstructions-for-artin-groups.md
Harmonic-heights-and-the-Artin-K-pi-1-conjecture-September-23-2026	254	preprints/Harmonic-heights-and-the-Artin-K-pi-1-conjecture-September-23-2026/paper.pdf	1	Harmonic-heights-and-the-Artin-K-pi-1-conjecture-September-23-2026/build/main.tex	1	1	0	0	0	14	1	49	52	group-theory/254-classifying-spaces-and-geometric-obstructions-for-artin-groups.md
Parabolic-intersections-in-Artin-groups-September-23-2026	254	preprints/Parabolic-intersections-in-Artin-groups-September-23-2026/paper.pdf	0	Parabolic-intersections-in-Artin-groups-September-23-2026/build/paper.tex	1	1	0	0	0	10	1	55	56	group-theory/254-classifying-spaces-and-geometric-obstructions-for-artin-groups.md
quasi-isometric-recognition-of-virtually-polycyclic-groups-September-24-2026	255	preprints/quasi-isometric-recognition-of-virtually-polycyclic-groups-September-24-2026/paper.pdf	0	quasi-isometric-recognition-of-virtually-polycyclic-groups-September-24-2026/build/main.tex	1	1	0	0	0	14	1	47	47	group-theory/255-quasi-isometric-rigidity-of-virtually-polycyclic-groups.md
Nonsingular-systems-of-equations-over-arbitrary-groups-October-5-2026	256	preprints/Nonsingular-systems-of-equations-over-arbitrary-groups-October-5-2026/nonsingular-systems-over-arbitrary-groups.pdf	0	Nonsingular-systems-of-equations-over-arbitrary-groups-October-5-2026/build/main.tex	1	1	0	0	0	8	0	4	5	group-theory/256-howies-conjecture-on-equations-over-groups.md
The-Kervaire-Theorem-for-Groups-September-24-2026	256	preprints/The-Kervaire-Theorem-for-Groups-September-24-2026/The-Kervaire-Theorem-for-Groups-September-24-2026.pdf	0	The-Kervaire-Theorem-for-Groups-September-24-2026/build/paper.tex	1	1	0	0	0	6	1	5	5	group-theory/256-howies-conjecture-on-equations-over-groups.md
A-hyperbolic-group-with-no-geometric-CAT0-action-September-25-2026	257	preprints/A-hyperbolic-group-with-no-geometric-CAT0-action-September-25-2026/paper.pdf	1	A-hyperbolic-group-with-no-geometric-CAT0-action-September-25-2026/build/main.tex	1	1	0	0	0	12	1	31	31	group-theory/257-a-hyperbolic-group-with-no-geometric-cat-0-action.md
Baumslag-Solitar-free-one-relator-groups-are-hyperbolic-September-25-2026	258	preprints/Baumslag-Solitar-free-one-relator-groups-are-hyperbolic-September-25-2026/paper.pdf	0	Baumslag-Solitar-free-one-relator-groups-are-hyperbolic-September-25-2026/build/source/paper.tex	1	1	0	0	0	10	1	51	53	group-theory/258-gerstens-conjecture-for-one-relator-groups.md
Virtual-compact-specialness-of-hyperbolic-one-relator-groups-September-25-2026	258	preprints/Virtual-compact-specialness-of-hyperbolic-one-relator-groups-September-25-2026/paper.pdf	0	Virtual-compact-specialness-of-hyperbolic-one-relator-groups-September-25-2026/build/source/main.tex	1	1	0	0	0	20	0	135	135	group-theory/258-gerstens-conjecture-for-one-relator-groups.md
A-group-without-fixed-price-October-5-2026	259	preprints/A-group-without-fixed-price-October-5-2026/unequal-costs-rank-100-amalgam.pdf	0	A-group-without-fixed-price-October-5-2026/build/paper.tex	1	1	0	1	0	10	1	14	15	group-theory/259-a-group-without-fixed-price.md
A-Charged-Reduction-of-the-Spacetime-Penrose-Inequality-in-Spatial-Dimensions-at-Least-Four-October-5-2026	260	preprints/A-Charged-Reduction-of-the-Spacetime-Penrose-Inequality-in-Spatial-Dimensions-at-Least-Four-October-5-2026/paper.pdf	0	A-Charged-Reduction-of-the-Spacetime-Penrose-Inequality-in-Spatial-Dimensions-at-Least-Four-October-5-2026/build/paper.tex	1	1	0	0	0	15	1	63	65	mathematical-physics/260-spacetime-penrose-inequalities-and-rigidity.md
A-local-Penrose-inequality-for-conformal-perturbations-of-Schwarzschild-anti-de-Sitter-data-October-5-2026	260	preprints/A-local-Penrose-inequality-for-conformal-perturbations-of-Schwarzschild-anti-de-Sitter-data-October-5-2026/paper.pdf	0	A-local-Penrose-inequality-for-conformal-perturbations-of-Schwarzschild-anti-de-Sitter-data-October-5-2026/build/paper.tex	1	1	0	0	0	8	1	19	20	mathematical-physics/260-spacetime-penrose-inequalities-and-rigidity.md
Area-controlled-end-replacement-and-the-Bondi-Penrose-inequality-in-the-CKS-class-September-27-2026	260	preprints/Area-controlled-end-replacement-and-the-Bondi-Penrose-inequality-in-the-CKS-class-September-27-2026/paper.pdf	0	Area-controlled-end-replacement-and-the-Bondi-Penrose-inequality-in-the-CKS-class-September-27-2026/build/paper.tex	1	1	0	0	0	9	0	8	10	mathematical-physics/260-spacetime-penrose-inequalities-and-rigidity.md
Boundary-graph-deformations-for-the-spacetime-Penrose-inequality-September-27-2026	260	preprints/Boundary-graph-deformations-for-the-spacetime-Penrose-inequality-September-27-2026/paper.pdf	0	Boundary-graph-deformations-for-the-spacetime-Penrose-inequality-September-27-2026/build/paper.tex	1	1	0	0	0	20	1	82	85	mathematical-physics/260-spacetime-penrose-inequalities-and-rigidity.md
Conformal-flow-and-the-Riemannian-Penrose-inequality-with-minimizing-frontiers-September-27-2026	260	preprints/Conformal-flow-and-the-Riemannian-Penrose-inequality-with-minimizing-frontiers-September-27-2026/paper.pdf	0	Conformal-flow-and-the-Riemannian-Penrose-inequality-with-minimizing-frontiers-September-27-2026/build/paper.tex	1	1	0	0	0	15	1	23	23	mathematical-physics/260-spacetime-penrose-inequalities-and-rigidity.md
Electromagnetic-tails-and-the-Kerr-Newman-Penrose-inequality-October-5-2026	260	preprints/Electromagnetic-tails-and-the-Kerr-Newman-Penrose-inequality-October-5-2026/paper.pdf	0	Electromagnetic-tails-and-the-Kerr-Newman-Penrose-inequality-October-5-2026/build/paper.tex	1	1	0	0	0	7	1	12	12	mathematical-physics/260-spacetime-penrose-inequalities-and-rigidity.md
Equality-and-rigidity-in-the-spacetime-Penrose-inequality-September-27-2026	260	preprints/Equality-and-rigidity-in-the-spacetime-Penrose-inequality-September-27-2026/paper.pdf	0	Equality-and-rigidity-in-the-spacetime-Penrose-inequality-September-27-2026/build/paper.tex	1	1	0	0	0	24	1	91	103	mathematical-physics/260-spacetime-penrose-inequalities-and-rigidity.md
Spacetime-Penrose-inequalities-enclosing-area-charge-and-rigidity-October-5-2026	260	preprints/Spacetime-Penrose-inequalities-enclosing-area-charge-and-rigidity-October-5-2026/paper.pdf	0	Spacetime-Penrose-inequalities-enclosing-area-charge-and-rigidity-October-5-2026/build/paper.tex	1	1	0	0	0	47	1	175	182	mathematical-physics/260-spacetime-penrose-inequalities-and-rigidity.md
The-Kerr-Newman-Penrose-Inequality-for-Axisymmetric-Electrovacuum-Exteriors-October-5-2026	260	preprints/The-Kerr-Newman-Penrose-Inequality-for-Axisymmetric-Electrovacuum-Exteriors-October-5-2026/paper.pdf	0	The-Kerr-Newman-Penrose-Inequality-for-Axisymmetric-Electrovacuum-Exteriors-October-5-2026/build/main.tex	1	1	0	0	0	12	1	44	46	mathematical-physics/260-spacetime-penrose-inequalities-and-rigidity.md
The-Penrose-inequality-for-maximal-asymptotically-hyperbolic-initial-data-October-5-2026	260	preprints/The-Penrose-inequality-for-maximal-asymptotically-hyperbolic-initial-data-October-5-2026/paper.pdf	0	The-Penrose-inequality-for-maximal-asymptotically-hyperbolic-initial-data-October-5-2026/build/paper.tex	1	1	0	0	0	12	1	35	40	mathematical-physics/260-spacetime-penrose-inequalities-and-rigidity.md
The-nonmaximal-anti-de-Sitter-Penrose-Inequality-and-original-data-rigidity-October-5-2026	260	preprints/The-nonmaximal-anti-de-Sitter-Penrose-Inequality-and-original-data-rigidity-October-5-2026/paper.pdf	0	The-nonmaximal-anti-de-Sitter-Penrose-Inequality-and-original-data-rigidity-October-5-2026/build/main.tex	1	1	0	0	0	19	1	106	109	mathematical-physics/260-spacetime-penrose-inequalities-and-rigidity.md
The-spacetime-Penrose-inequality-and-enclosing-area-September-27-2026	260	preprints/The-spacetime-Penrose-inequality-and-enclosing-area-September-27-2026/paper.pdf	0	The-spacetime-Penrose-inequality-and-enclosing-area-September-27-2026/build/paper.tex	1	1	0	0	0	11	1	49	51	mathematical-physics/260-spacetime-penrose-inequalities-and-rigidity.md
The-spacetime-Penrose-inequality-with-charge-and-original-data-rigidity-October-5-2026	260	preprints/The-spacetime-Penrose-inequality-with-charge-and-original-data-rigidity-October-5-2026/paper.pdf	0	The-spacetime-Penrose-inequality-with-charge-and-original-data-rigidity-October-5-2026/build/paper.tex	1	1	0	0	0	14	1	68	68	mathematical-physics/260-spacetime-penrose-inequalities-and-rigidity.md
Absolutely-Continuous-Spectrum-for-Weak-Disorder-Anderson-Models-in-Dimensions-at-Least-Three-September-23-2026	261	preprints/Absolutely-Continuous-Spectrum-for-Weak-Disorder-Anderson-Models-in-Dimensions-at-Least-Three-September-23-2026/paper.pdf	0	Absolutely-Continuous-Spectrum-for-Weak-Disorder-Anderson-Models-in-Dimensions-at-Least-Three-September-23-2026/build/paper.tex	1	1	0	0	0	11	1	40	41	mathematical-physics/261-localization-and-delocalization-in-the-anderson-model.md
Pure-Point-Spectrum-for-the-Two-Dimensional-Anderson-Model-at-Every-Positive-Disorder-September-23-2026	261	preprints/Pure-Point-Spectrum-for-the-Two-Dimensional-Anderson-Model-at-Every-Positive-Disorder-September-23-2026/paper.pdf	0	Pure-Point-Spectrum-for-the-Two-Dimensional-Anderson-Model-at-Every-Positive-Disorder-September-23-2026/build/paper.tex	1	1	0	0	0	13	0	40	44	mathematical-physics/261-localization-and-delocalization-in-the-anderson-model.md
Equality-cases-in-the-sharp-one-dimensional-matrix-Lieb-Thirring-inequality-October-5-2026	262	preprints/Equality-cases-in-the-sharp-one-dimensional-matrix-Lieb-Thirring-inequality-October-5-2026/sharp-one-dimensional-lieb-thirring-inequalities-matrix-potentials.pdf	0	Equality-cases-in-the-sharp-one-dimensional-matrix-Lieb-Thirring-inequality-October-5-2026/build/main.tex	1	1	0	0	0	11	0	10	13	mathematical-physics/262-sharp-one-dimensional-lieb-thirring-inequalities.md
Sharp-One-Dimensional-Lieb-Thirring-Constants-September-23-2026	262	preprints/Sharp-One-Dimensional-Lieb-Thirring-Constants-September-23-2026/paper.pdf	1	Sharp-One-Dimensional-Lieb-Thirring-Constants-September-23-2026/build/main.tex	1	1	0	0	0	9	1	14	15	mathematical-physics/262-sharp-one-dimensional-lieb-thirring-inequalities.md
Sharp-one-dimensional-Lieb-Thirring-inequalities-for-matrix-potentials-October-5-2026	262	preprints/Sharp-one-dimensional-Lieb-Thirring-inequalities-for-matrix-potentials-October-5-2026/sharp-matrix-lieb-thirring.pdf	0	Sharp-one-dimensional-Lieb-Thirring-inequalities-for-matrix-potentials-October-5-2026/build/main.tex	1	1	0	0	0	11	0	9	9	mathematical-physics/262-sharp-one-dimensional-lieb-thirring-inequalities.md
Generalized-ionization-energies-for-full-Coulomb-atoms-September-24-2026	263	preprints/Generalized-ionization-energies-for-full-Coulomb-atoms-September-24-2026/paper.pdf	1	Generalized-ionization-energies-for-full-Coulomb-atoms-September-24-2026/build/paper.tex	1	1	0	0	0	10	1	12	13	mathematical-physics/263-ionization-and-generalized-ionization-conjectures.md
Generalized-outer-electron-radii-of-neutral-Coulomb-atoms-September-24-2026	263	preprints/Generalized-outer-electron-radii-of-neutral-Coulomb-atoms-September-24-2026/paper.pdf	0	Generalized-outer-electron-radii-of-neutral-Coulomb-atoms-September-24-2026/build/paper.tex	1	1	0	0	0	10	0	12	14	mathematical-physics/263-ionization-and-generalized-ionization-conjectures.md
Uniform-excess-charge-for-Coulomb-molecules-and-the-outer-radius-of-neutral-atoms-September-24-2026	263	preprints/Uniform-excess-charge-for-Coulomb-molecules-and-the-outer-radius-of-neutral-atoms-September-24-2026/paper.pdf	0	Uniform-excess-charge-for-Coulomb-molecules-and-the-outer-radius-of-neutral-atoms-September-24-2026/build/main.tex	1	1	0	0	0	18	1	51	52	mathematical-physics/263-ionization-and-generalized-ionization-conjectures.md
Generic-C1-Future-Inextendibility-Near-Rotating-Subextremal-Kerr-Spacetimes-September-23-2026	264	preprints/Generic-C1-Future-Inextendibility-Near-Rotating-Subextremal-Kerr-Spacetimes-September-23-2026/paper.pdf	0	Generic-C1-Future-Inextendibility-Near-Rotating-Subextremal-Kerr-Spacetimes-September-23-2026/build/main.tex	1	1	0	0	0	14	1	32	34	mathematical-physics/264-strong-cosmic-censorship-near-two-ended-kerr-data.md
Generic-Future-Inextendibility-with-Square-Integrable-Connection-Near-a-Fixed-Kerr-Spacetime-September-23-2026	264	preprints/Generic-Future-Inextendibility-with-Square-Integrable-Connection-Near-a-Fixed-Kerr-Spacetime-September-23-2026/paper.pdf	0	Generic-Future-Inextendibility-with-Square-Integrable-Connection-Near-a-Fixed-Kerr-Spacetime-September-23-2026/build/main.tex	1	1	0	0	0	12	1	20	21	mathematical-physics/264-strong-cosmic-censorship-near-two-ended-kerr-data.md
Quantitative-Near-Kerr-Evolution-and-Generic-C2-Future-Inextendibility-September-23-2026	264	preprints/Quantitative-Near-Kerr-Evolution-and-Generic-C2-Future-Inextendibility-September-23-2026/paper.pdf	0	Quantitative-Near-Kerr-Evolution-and-Generic-C2-Future-Inextendibility-September-23-2026/build/main.tex	1	1	0	0	0	17	1	76	76	mathematical-physics/264-strong-cosmic-censorship-near-two-ended-kerr-data.md
A-two-dimensional-area-law-from-a-global-spectral-gap-September-24-2026	265	preprints/A-two-dimensional-area-law-from-a-global-spectral-gap-September-24-2026/paper.pdf	0	A-two-dimensional-area-law-from-a-global-spectral-gap-September-24-2026/build/main.tex	1	1	0	0	0	13	1	34	36	mathematical-physics/265-two-dimensional-gapped-area-law.md
Polynomial-PEPS-approximation-of-gapped-square-grid-ground-states-September-24-2026	265	preprints/Polynomial-PEPS-approximation-of-gapped-square-grid-ground-states-September-24-2026/paper.pdf	0	Polynomial-PEPS-approximation-of-gapped-square-grid-ground-states-September-24-2026/build/main.tex	1	1	0	0	0	13	1	16	19	mathematical-physics/265-two-dimensional-gapped-area-law.md
Exact-Fourier-certificates-for-complex-Hadamard-matrices-of-order-six-September-24-2026	266	preprints/Exact-Fourier-certificates-for-complex-Hadamard-matrices-of-order-six-September-24-2026/Exact-Fourier-certificates-for-complex-Hadamard-matrices-of-order-six-September-24-2026.pdf	0	Exact-Fourier-certificates-for-complex-Hadamard-matrices-of-order-six-September-24-2026/build/paper.tex	1	1	1	0	0	8	1	14	14	mathematical-physics/266-exactly-three-mutually-unbiased-bases-in-dimension-six.md
The-maximum-number-of-mutually-unbiased-bases-in-dimension-six-September-24-2026	266	preprints/The-maximum-number-of-mutually-unbiased-bases-in-dimension-six-September-24-2026/The-maximum-number-of-mutually-unbiased-bases-in-dimension-six-September-24-2026.pdf	0	The-maximum-number-of-mutually-unbiased-bases-in-dimension-six-September-24-2026/build/paper.tex	1	1	0	0	0	12	1	57	57	mathematical-physics/266-exactly-three-mutually-unbiased-bases-in-dimension-six.md
A-density-uniform-condensate-bound-for-dilute-Bose-gases-September-27-2026	267	preprints/A-density-uniform-condensate-bound-for-dilute-Bose-gases-September-27-2026/paper.pdf	0	A-density-uniform-condensate-bound-for-dilute-Bose-gases-September-27-2026/build/main.tex	1	1	0	0	0	14	1	18	20	mathematical-physics/267-positive-temperature-bose-einstein-condensation-and-quantum-depletion.md
Bose-Einstein-condensation-at-positive-temperature-in-the-dilute-hard-sphere-gas-October-5-2026	267	preprints/Bose-Einstein-condensation-at-positive-temperature-in-the-dilute-hard-sphere-gas-October-5-2026/positive-temperature-hard-spheres.pdf	0	Bose-Einstein-condensation-at-positive-temperature-in-the-dilute-hard-sphere-gas-October-5-2026/build/main.tex	1	1	0	0	0	12	1	32	34	mathematical-physics/267-positive-temperature-bose-einstein-condensation-and-quantum-depletion.md
Ground-state-condensation-in-the-dilute-hard-sphere-gas-September-24-2026	267	preprints/Ground-state-condensation-in-the-dilute-hard-sphere-gas-September-24-2026/paper.pdf	0	Ground-state-condensation-in-the-dilute-hard-sphere-gas-September-24-2026/build/main.tex	1	1	0	0	0	11	1	37	38	mathematical-physics/267-positive-temperature-bose-einstein-condensation-and-quantum-depletion.md
Quantum-Depletion-and-Momentum-Distribution-in-the-Dilute-Hard-Sphere-Bose-Gas-October-5-2026	267	preprints/Quantum-Depletion-and-Momentum-Distribution-in-the-Dilute-Hard-Sphere-Bose-Gas-October-5-2026/Quantum-Depletion-in-the-Dilute-Hard-Sphere-Bose-Gas.pdf	0	Quantum-Depletion-and-Momentum-Distribution-in-the-Dilute-Hard-Sphere-Bose-Gas-October-5-2026/build/main.tex	1	1	0	0	0	14	0	40	47	mathematical-physics/267-positive-temperature-bose-einstein-condensation-and-quantum-depletion.md
Quantum-Depletion-for-Fixed-Bounded-Repulsive-Potentials-October-5-2026	267	preprints/Quantum-Depletion-for-Fixed-Bounded-Repulsive-Potentials-October-5-2026/fixed-repulsion-quantum-depletion.pdf	0	Quantum-Depletion-for-Fixed-Bounded-Repulsive-Potentials-October-5-2026/build/source/main.tex	1	1	0	0	0	10	1	20	23	mathematical-physics/267-positive-temperature-bose-einstein-condensation-and-quantum-depletion.md
A-boundary-field-gap-for-the-spin-one-Heisenberg-chain-September-24-2026	268	preprints/A-boundary-field-gap-for-the-spin-one-Heisenberg-chain-September-24-2026/paper.pdf	0	A-boundary-field-gap-for-the-spin-one-Heisenberg-chain-September-24-2026/build/main.tex	1	1	1	0	0	10	1	16	18	mathematical-physics/268-spin-one-haldane-gap.md
The-periodic-spin-one-Haldane-gap-September-24-2026	268	preprints/The-periodic-spin-one-Haldane-gap-September-24-2026/paper.pdf	0	The-periodic-spin-one-Haldane-gap-September-24-2026/build/main.tex	1	1	1	0	0	10	1	16	17	mathematical-physics/268-spin-one-haldane-gap.md
A-Fock-space-inequality-and-the-Laughlin-spectral-gap-September-24-2026	269	preprints/A-Fock-space-inequality-and-the-Laughlin-spectral-gap-September-24-2026/A-Fock-space-inequality-and-the-Laughlin-spectral-gap-September-24-2026.pdf	1	A-Fock-space-inequality-and-the-Laughlin-spectral-gap-September-24-2026/build/main.tex	1	1	1	0	0	10	1	13	13	mathematical-physics/269-laughlin-gap-and-stability-under-scalar-disorder.md
Uniform-Stability-of-the-Spherical-Laughlin-Gap-October-5-2026	269	preprints/Uniform-Stability-of-the-Spherical-Laughlin-Gap-October-5-2026/uniform-stability-spherical-laughlin-gap.pdf	0	Uniform-Stability-of-the-Spherical-Laughlin-Gap-October-5-2026/build/paper.tex	1	1	1	0	0	201	0	46	47	mathematical-physics/269-laughlin-gap-and-stability-under-scalar-disorder.md
Positive-eigenvalues-of-the-relative-SU-2-BFSS-Hamiltonian-October-5-2026	270	preprints/Positive-eigenvalues-of-the-relative-SU-2-BFSS-Hamiltonian-October-5-2026/positive-eigenvalues-relative-su2-bfss.pdf	0	Positive-eigenvalues-of-the-relative-SU-2-BFSS-Hamiltonian-October-5-2026/build/positive-eigenvalues-relative-su2-bfss.tex	1	1	0	0	0	1	0	9	9	mathematical-physics/270-threshold-and-positive-energy-bound-states-of-the-bfss-model.md
The-unique-threshold-bound-state-of-the-SU-N-BFSS-model-September-24-2026	270	preprints/The-unique-threshold-bound-state-of-the-SU-N-BFSS-model-September-24-2026/paper.pdf	0	The-unique-threshold-bound-state-of-the-SU-N-BFSS-model-September-24-2026/build/manuscript/main.tex	1	1	0	0	0	9	1	31	31	mathematical-physics/270-threshold-and-positive-energy-bound-states-of-the-bfss-model.md
Blochs-Law-for-Finite-Range-Heisenberg-Ferromagnets-in-Three-Dimensions-October-5-2026	271	preprints/Blochs-Law-for-Finite-Range-Heisenberg-Ferromagnets-in-Three-Dimensions-October-5-2026/bloch-law-heisenberg.pdf	0	Blochs-Law-for-Finite-Range-Heisenberg-Ferromagnets-in-Three-Dimensions-October-5-2026/build/main.tex	1	1	0	0	0	9	0	29	30	mathematical-physics/271-blochs-law-and-spontaneous-ferromagnetic-order.md
Spontaneous-magnetization-in-the-quantum-Heisenberg-ferromagnet-September-24-2026	271	preprints/Spontaneous-magnetization-in-the-quantum-Heisenberg-ferromagnet-September-24-2026/paper.pdf	0	Spontaneous-magnetization-in-the-quantum-Heisenberg-ferromagnet-September-24-2026/build/source/main.tex	1	1	0	0	0	11	1	34	34	mathematical-physics/271-blochs-law-and-spontaneous-ferromagnetic-order.md
The-first-lattice-correction-to-Blochs-law-October-5-2026	271	preprints/The-first-lattice-correction-to-Blochs-law-October-5-2026/first-lattice-correction-bloch-law.pdf	0	The-first-lattice-correction-to-Blochs-law-October-5-2026/build/main.tex	1	1	0	0	0	13	0	21	24	mathematical-physics/271-blochs-law-and-spontaneous-ferromagnetic-order.md
The-spherical-magnetization-law-for-the-three-dimensional-quantum-Heisenberg-ferromagnet-October-5-2026	271	preprints/The-spherical-magnetization-law-for-the-three-dimensional-quantum-Heisenberg-ferromagnet-October-5-2026/spherical-magnetization.pdf	0	The-spherical-magnetization-law-for-the-three-dimensional-quantum-Heisenberg-ferromagnet-October-5-2026/build/main.tex	1	1	0	0	0	11	1	28	30	mathematical-physics/271-blochs-law-and-spontaneous-ferromagnetic-order.md
Entanglement-with-zero-distillable-secret-key-in-local-dimension-ten-September-27-2026	272	preprints/Entanglement-with-zero-distillable-secret-key-in-local-dimension-ten-September-27-2026/paper.pdf	0	Entanglement-with-zero-distillable-secret-key-in-local-dimension-ten-September-27-2026/build/source/main.tex	1	1	1	0	0	14	0	29	30	mathematical-physics/272-entanglement-without-secret-key-and-the-ppt-square-conjecture.md
The-entropy-photon-number-inequality-September-24-2026	273	preprints/The-entropy-photon-number-inequality-September-24-2026/paper.pdf	0	The-entropy-photon-number-inequality-September-24-2026/build/main.tex	1	1	0	0	0	9	0	15	17	mathematical-physics/273-entropy-photon-number-inequality.md
Product-projection-localization-and-the-QAC0-parity-lower-bound-September-24-2026	274	preprints/Product-projection-localization-and-the-QAC0-parity-lower-bound-September-24-2026/paper.pdf	1	Product-projection-localization-and-the-QAC0-parity-lower-bound-September-24-2026/build/main.tex	1	1	0	0	0	10	0	11	11	mathematical-physics/274-moores-parity-conjecture-for-qac-0.md
Regular-trajectories-pruning-and-quantum-parity-September-24-2026	274	preprints/Regular-trajectories-pruning-and-quantum-parity-September-24-2026/paper.pdf	1	Regular-trajectories-pruning-and-quantum-parity-September-24-2026/build/paper.tex	1	1	0	0	0	9	1	13	13	mathematical-physics/274-moores-parity-conjecture-for-qac-0.md
Continuum-Coulomb-hardness-with-binary-nuclear-charges-September-24-2026	275	preprints/Continuum-Coulomb-hardness-with-binary-nuclear-charges-September-24-2026/Continuum-Coulomb-hardness-with-binary-nuclear-charges-September-24-2026.pdf	0	Continuum-Coulomb-hardness-with-binary-nuclear-charges-September-24-2026/build/paper.tex	1	1	0	0	0	8	1	26	28	mathematical-physics/275-qma-hardness-of-continuum-coulomb-energy.md
QMA-hardness-of-continuum-Coulomb-energy-with-unit-nuclear-charges-September-24-2026	275	preprints/QMA-hardness-of-continuum-Coulomb-energy-with-unit-nuclear-charges-September-24-2026/QMA-hardness-of-continuum-Coulomb-energy-with-unit-nuclear-charges-September-24-2026.pdf	0	QMA-hardness-of-continuum-Coulomb-energy-with-unit-nuclear-charges-September-24-2026/build/paper.tex	1	1	0	0	0	11	0	5	6	mathematical-physics/275-qma-hardness-of-continuum-coulomb-energy.md
Classical-capacity-and-entropy-inequalities-for-generalized-amplitude-damping-September-24-2026	276	preprints/Classical-capacity-and-entropy-inequalities-for-generalized-amplitude-damping-September-24-2026/paper.pdf	1	Classical-capacity-and-entropy-inequalities-for-generalized-amplitude-damping-September-24-2026/build/paper.tex	1	1	0	0	0	9	0	16	14	mathematical-physics/276-classical-capacity-of-generalized-amplitude-damping.md
Threshold-parallel-repetition-for-finite-dimensional-entangled-games-September-25-2026	277	preprints/Threshold-parallel-repetition-for-finite-dimensional-entangled-games-September-25-2026/paper.pdf	1	Threshold-parallel-repetition-for-finite-dimensional-entangled-games-September-25-2026/build/main.tex	1	1	0	0	0	8	1	11	12	mathematical-physics/277-threshold-repetition-for-entangled-games.md
A-Coulomb-Ground-State-Density-without-Kohn-Sham-Ensemble-Representation-September-25-2026	278	preprints/A-Coulomb-Ground-State-Density-without-Kohn-Sham-Ensemble-Representation-September-25-2026/paper.pdf	0	A-Coulomb-Ground-State-Density-without-Kohn-Sham-Ensemble-Representation-September-25-2026/build/main.tex	1	1	0	0	0	10	0	27	27	mathematical-physics/278-failure-of-kohn-sham-ensemble-representation.md
Exact-quantum-factoring-over-a-fixed-finite-gate-set-September-25-2026	279	preprints/Exact-quantum-factoring-over-a-fixed-finite-gate-set-September-25-2026/main.pdf	0	Exact-quantum-factoring-over-a-fixed-finite-gate-set-September-25-2026/build/main.tex	1	1	0	0	0	10	0	12	12	mathematical-physics/279-exact-quantum-factoring-over-a-fixed-finite-gate-set.md
Strongly-rational-unitary-vertex-operator-algebras-and-conformal-nets-September-25-2026	280	preprints/Strongly-rational-unitary-vertex-operator-algebras-and-conformal-nets-September-25-2026/paper.pdf	0	Strongly-rational-unitary-vertex-operator-algebras-and-conformal-nets-September-25-2026/build/main.tex	1	1	0	0	0	10	0	19	22	mathematical-physics/280-strong-locality-for-strongly-rational-unitary-vertex-operator-algebras.md
Full-support-of-the-zero-temperature-Sherrington-Kirkpatrick-order-parameter-September-27-2026	281	preprints/Full-support-of-the-zero-temperature-Sherrington-Kirkpatrick-order-parameter-September-27-2026/main.pdf	0	Full-support-of-the-zero-temperature-Sherrington-Kirkpatrick-order-parameter-September-27-2026/build/main.tex	1	1	0	0	0	11	1	18	18	mathematical-physics/281-qaoa-optimality-for-the-sk-model.md
QAOA-attains-the-SK-ground-state-energy-in-the-thermodynamic-first-limit-September-25-2026	281	preprints/QAOA-attains-the-SK-ground-state-energy-in-the-thermodynamic-first-limit-September-25-2026/QAOA-attains-the-SK-ground-state-energy-in-the-thermodynamic-first-limit-September-25-2026.pdf	0	QAOA-attains-the-SK-ground-state-energy-in-the-thermodynamic-first-limit-September-25-2026/build/main.tex	1	1	0	0	0	10	0	33	33	mathematical-physics/281-qaoa-optimality-for-the-sk-model.md
Scale-and-conformal-symmetry-in-four-dimensional-operational-quantum-field-theory-September-26-2026	282	preprints/Scale-and-conformal-symmetry-in-four-dimensional-operational-quantum-field-theory-September-26-2026/main.pdf	0	Scale-and-conformal-symmetry-in-four-dimensional-operational-quantum-field-theory-September-26-2026/build/main.tex	1	1	0	0	0	9	1	57	61	mathematical-physics/282-scale-to-conformal-enhancement-in-four-dimensional-qft.md
Polynomial-Time-Unitary-Synthesis-from-a-Boolean-Oracle-October-5-2026	283	preprints/Polynomial-Time-Unitary-Synthesis-from-a-Boolean-Oracle-October-5-2026/paper.pdf	0	Polynomial-Time-Unitary-Synthesis-from-a-Boolean-Oracle-October-5-2026/build/main.tex	1	1	0	0	0	10	0	16	16	mathematical-physics/283-polynomial-time-constant-error-unitary-synthesis-from-a-boolean-oracle.md
A-Nearly-Quartic-Separation-Between-Randomized-and-Quantum-Query-Complexity-October-5-2026	284	preprints/A-Nearly-Quartic-Separation-Between-Randomized-and-Quantum-Query-Complexity-October-5-2026/quartic-query-separation.pdf	0	A-Nearly-Quartic-Separation-Between-Randomized-and-Quantum-Query-Complexity-October-5-2026/build/main.tex	1	1	0	0	0	9	1	12	13	mathematical-physics/284-optimal-randomized-quantum-query-exponent.md
A-Torsion-Free-Counterexample-to-Reduced-Baum-Connes-Injectivity-September-23-2026	285	preprints/A-Torsion-Free-Counterexample-to-Reduced-Baum-Connes-Injectivity-September-23-2026/paper.pdf	0	A-Torsion-Free-Counterexample-to-Reduced-Baum-Connes-Injectivity-September-23-2026/build/main.tex	1	1	0	0	0	10	1	58	58	operator-algebras/285-counterexamples-to-baum-connes-and-kadison-kaplansky.md
A-Torsion-Free-Counterexample-to-the-Kadison-Kaplansky-Projection-Conjecture-September-23-2026	285	preprints/A-Torsion-Free-Counterexample-to-the-Kadison-Kaplansky-Projection-Conjecture-September-23-2026/paper.pdf	0	A-Torsion-Free-Counterexample-to-the-Kadison-Kaplansky-Projection-Conjecture-September-23-2026/build/paper.tex	1	1	0	0	0	14	1	52	55	operator-algebras/285-counterexamples-to-baum-connes-and-kadison-kaplansky.md
An-Irrational-Trace-Counterexample-to-Reduced-Baum-Connes-September-23-2026	285	preprints/An-Irrational-Trace-Counterexample-to-Reduced-Baum-Connes-September-23-2026/paper.pdf	0	An-Irrational-Trace-Counterexample-to-Reduced-Baum-Connes-September-23-2026/build/paper.tex	1	1	0	0	0	9	1	16	16	operator-algebras/285-counterexamples-to-baum-connes-and-kadison-kaplansky.md
Arithmeticity-of-twisted-finite-correspondences-for-lattices-over-local-fields-September-23-2026	286	preprints/Arithmeticity-of-twisted-finite-correspondences-for-lattices-over-local-fields-September-23-2026/paper.pdf	0	Arithmeticity-of-twisted-finite-correspondences-for-lattices-over-local-fields-September-23-2026/build/main.tex	1	1	0	0	0	16	1	130	128	operator-algebras/286-arithmetic-rigidity-of-lattice-von-neumann-algebras.md
The-arithmetic-category-and-stable-recovery-of-lattice-factors-September-23-2026	286	preprints/The-arithmetic-category-and-stable-recovery-of-lattice-factors-September-23-2026/paper.pdf	0	The-arithmetic-category-and-stable-recovery-of-lattice-factors-September-23-2026/build/paper.tex	1	1	0	0	0	7	1	20	22	operator-algebras/286-arithmetic-rigidity-of-lattice-von-neumann-algebras.md
An-isomorphism-of-the-free-group-factors-September-23-2026	287	preprints/An-isomorphism-of-the-free-group-factors-September-23-2026/An-isomorphism-of-the-free-group-factors-September-23-2026.pdf	0	An-isomorphism-of-the-free-group-factors-September-23-2026/build/main.tex	1	1	0	0	0	8	1	16	16	operator-algebras/287-all-nonabelian-free-group-factors-are-isomorphic.md
Kadisons-similarity-theorem-through-uniform-derivation-estimates-September-23-2026	288	preprints/Kadisons-similarity-theorem-through-uniform-derivation-estimates-September-23-2026/paper.pdf	0	Kadisons-similarity-theorem-through-uniform-derivation-estimates-September-23-2026/build/main.tex	1	1	0	0	0	10	1	23	24	operator-algebras/288-kadisons-similarity-conjecture.md
Close-Separable-Cstar-Algebras-Without-Spatial-Conjugacy-October-5-2026	289	preprints/Close-Separable-Cstar-Algebras-Without-Spatial-Conjugacy-October-5-2026/paper.pdf	0	Close-Separable-Cstar-Algebras-Without-Spatial-Conjugacy-October-5-2026/build/main.tex	1	1	0	0	0	2	0	10	10	operator-algebras/289-strong-kadison-kastler-conjecture.md
Near-Inclusions-of-von-Neumann-Algebras-Without-Small-Spatial-Embeddings-October-5-2026	289	preprints/Near-Inclusions-of-von-Neumann-Algebras-Without-Small-Spatial-Embeddings-October-5-2026/near-inclusions.pdf	0	Near-Inclusions-of-von-Neumann-Algebras-Without-Small-Spatial-Embeddings-October-5-2026/build/main.tex	1	1	0	0	0	5	1	5	5	operator-algebras/289-strong-kadison-kastler-conjecture.md
Universal-strong-Kadison-Kastler-stability-September-23-2026	289	preprints/Universal-strong-Kadison-Kastler-stability-September-23-2026/paper.pdf	0	Universal-strong-Kadison-Kastler-stability-September-23-2026/build/main.tex	1	1	0	0	0	12	1	48	51	operator-algebras/289-strong-kadison-kastler-conjecture.md
Bounded-recovery-for-modular-spectral-averages-September-23-2026	290	preprints/Bounded-recovery-for-modular-spectral-averages-September-23-2026/Bounded-recovery-for-modular-spectral-averages-September-23-2026.pdf	1	Bounded-recovery-for-modular-spectral-averages-September-23-2026/build/paper.tex	1	1	0	0	0	8	1	12	12	operator-algebras/290-connes-bicentralizer-conjecture-and-relative-bicentralizers.md
Expected-amenable-subalgebras-preserving-core-commutants-September-23-2026	290	preprints/Expected-amenable-subalgebras-preserving-core-commutants-September-23-2026/Expected-amenable-subalgebras-preserving-core-commutants-September-23-2026.pdf	0	Expected-amenable-subalgebras-preserving-core-commutants-September-23-2026/build/paper.tex	1	1	0	0	0	1	0	9	10	operator-algebras/290-connes-bicentralizer-conjecture-and-relative-bicentralizers.md
Cuntz-comparison-and-Jiang-Su-absorption-September-23-2026	291	preprints/Cuntz-comparison-and-Jiang-Su-absorption-September-23-2026/paper.pdf	0	Cuntz-comparison-and-Jiang-Su-absorption-September-23-2026/build/paper.tex	1	1	0	0	0	16	0	46	46	operator-algebras/291-toms-winter-and-equivariant-jiang-su-stability.md
Equivariant-Jiang-Su-Stability-for-Amenable-Actions-in-the-Unital-Stably-Finite-Case-October-5-2026	291	preprints/Equivariant-Jiang-Su-Stability-for-Amenable-Actions-in-the-Unital-Stably-Finite-Case-October-5-2026/paper.pdf	0	Equivariant-Jiang-Su-Stability-for-Amenable-Actions-in-the-Unital-Stably-Finite-Case-October-5-2026/build/paper.tex	1	1	0	0	0	7	0	11	12	operator-algebras/291-toms-winter-and-equivariant-jiang-su-stability.md
Nuclear-dimension-and-Jiang-Su-stability-without-elementary-subquotients-September-23-2026	291	preprints/Nuclear-dimension-and-Jiang-Su-stability-without-elementary-subquotients-September-23-2026/paper.pdf	0	Nuclear-dimension-and-Jiang-Su-stability-without-elementary-subquotients-September-23-2026/build/paper.tex	1	1	0	0	0	12	0	33	38	operator-algebras/291-toms-winter-and-equivariant-jiang-su-stability.md
Tracial-projection-methods-and-uniform-property-Gamma-September-23-2026	291	preprints/Tracial-projection-methods-and-uniform-property-Gamma-September-23-2026/paper.pdf	1	Tracial-projection-methods-and-uniform-property-Gamma-September-23-2026/build/main.tex	1	1	0	0	0	18	1	48	50	operator-algebras/291-toms-winter-and-equivariant-jiang-su-stability.md
An-explicit-obstruction-to-nuclear-norm-ultrapower-embeddings-September-23-2026	292	preprints/An-explicit-obstruction-to-nuclear-norm-ultrapower-embeddings-September-23-2026/paper.pdf	0	An-explicit-obstruction-to-nuclear-norm-ultrapower-embeddings-September-23-2026/build/paper.tex	1	1	0	0	0	8	1	10	11	operator-algebras/292-a-counterexample-to-kirchbergs-norm-ultrapower-embedding-problem.md
Backward-intertwiners-and-a-transitive-commutant-September-27-2026	293	preprints/Backward-intertwiners-and-a-transitive-commutant-September-27-2026/paper.pdf	1	Backward-intertwiners-and-a-transitive-commutant-September-27-2026/build/paper.tex	1	1	0	0	0	11	1	9	10	operator-algebras/293-a-counterexample-to-the-hyperinvariant-subspace-problem.md
Invariant-projection-counterexamples-for-every-irrational-rotation-September-27-2026	293	preprints/Invariant-projection-counterexamples-for-every-irrational-rotation-September-27-2026/paper.pdf	0	Invariant-projection-counterexamples-for-every-irrational-rotation-September-27-2026/build/paper.tex	1	1	0	0	0	16	1	27	30	operator-algebras/293-a-counterexample-to-the-hyperinvariant-subspace-problem.md
A-counterexample-to-Kaplanskys-quasitrace-conjecture-September-23-2026	294	preprints/A-counterexample-to-Kaplanskys-quasitrace-conjecture-September-23-2026/paper.pdf	1	A-counterexample-to-Kaplanskys-quasitrace-conjecture-September-23-2026/build/paper.tex	1	1	0	0	0	10	0	7	8	operator-algebras/294-a-counterexample-to-kaplanskys-quasitrace-conjecture.md
Vanishing-of-higher-bounded-Hochschild-cohomology-September-23-2026	295	preprints/Vanishing-of-higher-bounded-Hochschild-cohomology-September-23-2026/paper.pdf	0	Vanishing-of-higher-bounded-Hochschild-cohomology-September-23-2026/build/paper.tex	1	1	0	0	0	9	1	16	17	operator-algebras/295-kadison-ringrose-cohomology-conjecture.md
Relative-generation-and-the-generator-problem-for-finite-factors-September-23-2026	296	preprints/Relative-generation-and-the-generator-problem-for-finite-factors-September-23-2026/paper.pdf	1	Relative-generation-and-the-generator-problem-for-finite-factors-September-23-2026/build/main.tex	1	1	0	0	0	7	1	13	15	operator-algebras/296-generator-problem-for-finite-factors.md
A-counterexample-to-Naimarks-problem-in-ZFC-September-24-2026	297	preprints/A-counterexample-to-Naimarks-problem-in-ZFC-September-24-2026/naimark-counterexample-zfc.pdf	0	A-counterexample-to-Naimarks-problem-in-ZFC-September-24-2026/build/main.tex	1	1	0	0	0	7	1	24	25	operator-algebras/297-a-zfc-counterexample-to-naimarks-problem.md
A-finite-entropy-separation-of-microstates-and-nonmicrostates-free-entropy-September-25-2026	298	preprints/A-finite-entropy-separation-of-microstates-and-nonmicrostates-free-entropy-September-25-2026/paper.pdf	0	A-finite-entropy-separation-of-microstates-and-nonmicrostates-free-entropy-September-25-2026/build/paper.tex	1	1	0	0	0	8	0	9	9	operator-algebras/298-a-counterexample-to-voiculescus-free-entropy-equality-conjecture.md
The-Kirchberg-Rordam-character-criterion-September-25-2026	299	preprints/The-Kirchberg-Rordam-character-criterion-September-25-2026/paper.pdf	1	The-Kirchberg-Rordam-character-criterion-September-25-2026/build/paper.tex	1	1	0	0	0	9	0	18	18	operator-algebras/299-kirchberg-r-rdam-character-criterion.md
Approximation-Paving-over-Arbitrary-Maximal-Abelian-Subalgebras-September-25-2026	300	preprints/Approximation-Paving-over-Arbitrary-Maximal-Abelian-Subalgebras-September-25-2026/Approximation-Paving-over-Arbitrary-Maximal-Abelian-Subalgebras-September-25-2026.pdf	0	Approximation-Paving-over-Arbitrary-Maximal-Abelian-Subalgebras-September-25-2026/build/source/main.tex	1	1	0	0	0	11	0	27	27	operator-algebras/300-popa-vaes-quadratic-strong-operator-paving-conjecture.md
Quadratic-Strong-Operator-Paving-over-Arbitrary-Maximal-Abelian-Subalgebras-September-25-2026	300	preprints/Quadratic-Strong-Operator-Paving-over-Arbitrary-Maximal-Abelian-Subalgebras-September-25-2026/Quadratic-Strong-Operator-Paving-over-Arbitrary-Maximal-Abelian-Subalgebras-September-25-2026.pdf	0	Quadratic-Strong-Operator-Paving-over-Arbitrary-Maximal-Abelian-Subalgebras-September-25-2026/build/source/main.tex	1	1	0	0	0	11	0	29	29	operator-algebras/300-popa-vaes-quadratic-strong-operator-paving-conjecture.md
The-trace-cone-classifies-Razak-Jacelon-stabilizations-September-25-2026	301	preprints/The-trace-cone-classifies-Razak-Jacelon-stabilizations-September-25-2026/The-trace-cone-classifies-Razak-Jacelon-stabilizations-September-25-2026.pdf	0	The-trace-cone-classifies-Razak-Jacelon-stabilizations-September-25-2026/build/paper.tex	1	1	0	0	0	11	1	43	45	operator-algebras/301-classification-by-trace-cones-after-razak-jacelon-stabilization.md
Filtered-products-and-boundary-preserving-compression-in-complex-cobordism-September-25-2026	302	preprints/Filtered-products-and-boundary-preserving-compression-in-complex-cobordism-September-25-2026/paper.pdf	0	Filtered-products-and-boundary-preserving-compression-in-complex-cobordism-September-25-2026/build/paper.tex	1	1	0	0	0	6	1	16	17	operator-algebras/302-phillips-toms-formula-for-minimal-integer-actions.md
Radius-of-comparison-equals-half-the-mean-dimension-September-25-2026	302	preprints/Radius-of-comparison-equals-half-the-mean-dimension-September-25-2026/paper.pdf	0	Radius-of-comparison-equals-half-the-mean-dimension-September-25-2026/build/paper.tex	1	1	0	0	0	8	1	9	11	operator-algebras/302-phillips-toms-formula-for-minimal-integer-actions.md
Weak-pure-infiniteness-and-O-infinity-absorption-September-25-2026	303	preprints/Weak-pure-infiniteness-and-O-infinity-absorption-September-25-2026/paper.pdf	0	Weak-pure-infiniteness-and-O-infinity-absorption-September-25-2026/build/manuscript.tex	1	1	0	0	0	12	1	38	38	operator-algebras/303-from-ordinary-to-strong-pure-infiniteness.md
The-Hilbert-Smith-conjecture-in-every-finite-dimension-September-23-2026	304	preprints/The-Hilbert-Smith-conjecture-in-every-finite-dimension-September-23-2026/paper.pdf	0	The-Hilbert-Smith-conjecture-in-every-finite-dimension-September-23-2026/build/main.tex	1	1	0	0	0	9	1	40	40	topology/304-hilbert-smith-conjecture-in-every-dimension.md
A-PD4-group-without-an-aspherical-manifold-model-September-24-2026	305	preprints/A-PD4-group-without-an-aspherical-manifold-model-September-24-2026/paper.pdf	0	A-PD4-group-without-an-aspherical-manifold-model-September-24-2026/build/paper.tex	1	1	0	0	0	6	0	18	20	topology/305-counterexamples-to-disk-embedding-and-walls-manifold-conjecture.md
A-boundary-only-obstruction-to-four-dimensional-disk-embedding-September-24-2026	305	preprints/A-boundary-only-obstruction-to-four-dimensional-disk-embedding-September-24-2026/paper.pdf	0	A-boundary-only-obstruction-to-four-dimensional-disk-embedding-September-24-2026/build/paper.tex	1	1	0	0	0	11	1	37	37	topology/305-counterexamples-to-disk-embedding-and-walls-manifold-conjecture.md
A-marked-tensor-obstruction-to-four-dimensional-disk-embedding-September-24-2026	305	preprints/A-marked-tensor-obstruction-to-four-dimensional-disk-embedding-September-24-2026/paper.pdf	0	A-marked-tensor-obstruction-to-four-dimensional-disk-embedding-September-24-2026/build/paper.tex	1	1	0	0	0	12	1	30	31	topology/305-counterexamples-to-disk-embedding-and-walls-manifold-conjecture.md
Purely-Cosmetic-Surgery-on-Knots-in-the-Three-Sphere-September-23-2026	306	preprints/Purely-Cosmetic-Surgery-on-Knots-in-the-Three-Sphere-September-23-2026/paper.pdf	0	Purely-Cosmetic-Surgery-on-Knots-in-the-Three-Sphere-September-23-2026/build/main.tex	1	1	0	0	0	14	1	105	108	topology/306-purely-cosmetic-surgery-conjecture-for-knots-in-s-3.md
A-counterexample-to-the-coarse-Novikov-conjecture-September-23-2026	307	preprints/A-counterexample-to-the-coarse-Novikov-conjecture-September-23-2026/paper.pdf	0	A-counterexample-to-the-coarse-Novikov-conjecture-September-23-2026/build/main.tex	1	1	0	0	0	8	1	4	5	topology/307-failure-of-rational-injectivity-for-maximal-coarse-assembly.md
Failure-of-rational-injectivity-for-maximal-coarse-assembly-October-5-2026	307	preprints/Failure-of-rational-injectivity-for-maximal-coarse-assembly-October-5-2026/paper.pdf	0	Failure-of-rational-injectivity-for-maximal-coarse-assembly-October-5-2026/build/main.tex	1	1	0	0	0	9	0	16	16	topology/307-failure-of-rational-injectivity-for-maximal-coarse-assembly.md
A-finite-Smith-Toda-complex-V4-at-the-prime-1009-September-23-2026	308	preprints/A-finite-Smith-Toda-complex-V4-at-the-prime-1009-September-23-2026/paper.pdf	0	A-finite-Smith-Toda-complex-V4-at-the-prime-1009-September-23-2026/build/main.tex	1	1	0	0	0	10	1	35	35	topology/308-smith-toda-complexes-at-every-height-with-varying-primes.md
Finite-Smith-Toda-Complexes-at-Varying-Primes-September-23-2026	308	preprints/Finite-Smith-Toda-Complexes-at-Varying-Primes-September-23-2026/paper.pdf	0	Finite-Smith-Toda-Complexes-at-Varying-Primes-September-23-2026/build/main.tex	1	1	0	0	0	12	1	51	51	topology/308-smith-toda-complexes-at-every-height-with-varying-primes.md
The-Kervaire-Invariant-Problem-at-the-Prime-Three-September-24-2026	309	preprints/The-Kervaire-Invariant-Problem-at-the-Prime-Three-September-24-2026/paper.pdf	0	The-Kervaire-Invariant-Problem-at-the-Prime-Three-September-24-2026/build/paper.tex	1	1	0	0	0	12	0	70	71	topology/309-kervaire-invariant-problem-at-the-prime-three.md
Rational-homology-and-Quillens-conjecture-September-24-2026	310	preprints/Rational-homology-and-Quillens-conjecture-September-24-2026/paper.pdf	0	Rational-homology-and-Quillens-conjecture-September-24-2026/build/paper.tex	1	1	0	0	0	13	1	29	34	topology/310-quillens-conjecture-in-rational-homology.md
Stabilizer-Orbits-and-Thick-Tensor-Ideals-of-Dualizable-Kn-Local-Spectra-September-24-2026	311	preprints/Stabilizer-Orbits-and-Thick-Tensor-Ideals-of-Dualizable-Kn-Local-Spectra-September-24-2026/paper.pdf	0	Stabilizer-Orbits-and-Thick-Tensor-Ideals-of-Dualizable-Kn-Local-Spectra-September-24-2026/build/paper.tex	1	1	0	0	0	8	1	27	29	topology/311-chais-invariant-ideal-conjecture.md
The-Grothendieck-homotopy-hypothesis-via-elementary-expansions-September-24-2026	312	preprints/The-Grothendieck-homotopy-hypothesis-via-elementary-expansions-September-24-2026/paper.pdf	1	The-Grothendieck-homotopy-hypothesis-via-elementary-expansions-September-24-2026/build/paper.tex	1	1	0	0	0	9	1	22	19	topology/312-grothendieck-homotopy-hypothesis.md
Finite-generation-for-the-Kn-local-sphere-September-24-2026	313	preprints/Finite-generation-for-the-Kn-local-sphere-September-24-2026/Finite-generation-for-the-Kn-local-sphere-September-24-2026.pdf	0	Finite-generation-for-the-Kn-local-sphere-September-24-2026/build/main.tex	1	1	0	0	0	16	1	59	58	topology/313-finite-generation-for-the-k-n-local-sphere.md
Cyclic-Length-and-Chromatic-Fixed-Point-Loss-September-24-2026	314	preprints/Cyclic-Length-and-Chromatic-Fixed-Point-Loss-September-24-2026/Cyclic-Length-and-Chromatic-Fixed-Point-Loss-September-24-2026.pdf	0	Cyclic-Length-and-Chromatic-Fixed-Point-Loss-September-24-2026/build/paper.tex	1	1	0	0	0	11	0	29	29	topology/314-chromatic-smith-fixed-point-problem-for-finite-p-groups.md
The-Singer-conjecture-in-dimension-four-September-25-2026	315	preprints/The-Singer-conjecture-in-dimension-four-September-25-2026/paper.pdf	0	The-Singer-conjecture-in-dimension-four-September-25-2026/build/paper.tex	1	1	0	0	0	13	1	50	50	topology/315-four-dimensional-singer-conjecture.md
The-Stable-Hurewicz-Image-of-the-Sphere-at-Two-September-25-2026	316	preprints/The-Stable-Hurewicz-Image-of-the-Sphere-at-Two-September-25-2026/paper.pdf	0	The-Stable-Hurewicz-Image-of-the-Sphere-at-Two-September-25-2026/build/paper.tex	1	1	0	0	0	9	1	30	30	topology/316-curtiss-conjecture.md
Thomason-Model-Structures-in-Every-Strict-Higher-Dimension-September-25-2026	317	preprints/Thomason-Model-Structures-in-Every-Strict-Higher-Dimension-September-25-2026/paper.pdf	0	Thomason-Model-Structures-in-Every-Strict-Higher-Dimension-September-25-2026/build/paper.tex	1	1	0	0	0	10	1	26	27	topology/317-thomason-model-structures-in-every-strict-higher-dimension.md
A-rational-obstruction-to-strong-chromatic-splitting-at-height-three-September-25-2026	318	preprints/A-rational-obstruction-to-strong-chromatic-splitting-at-height-three-September-25-2026/paper.pdf	0	A-rational-obstruction-to-strong-chromatic-splitting-at-height-three-September-25-2026/build/main.tex	1	1	0	0	0	14	1	26	26	topology/318-chromatic-splitting-counterexamples-and-filtrations.md
Counterexamples-to-weak-chromatic-splitting-sphere-kernels-and-descent-exponents-September-27-2026	318	preprints/Counterexamples-to-weak-chromatic-splitting-sphere-kernels-and-descent-exponents-September-27-2026/paper.pdf	0	Counterexamples-to-weak-chromatic-splitting-sphere-kernels-and-descent-exponents-September-27-2026/build/main.tex	1	1	0	0	0	14	1	30	33	topology/318-chromatic-splitting-counterexamples-and-filtrations.md
Failure-of-finite-assembly-for-a-chromatic-overlap-at-the-prime-three-September-25-2026	318	preprints/Failure-of-finite-assembly-for-a-chromatic-overlap-at-the-prime-three-September-25-2026/paper.pdf	0	Failure-of-finite-assembly-for-a-chromatic-overlap-at-the-prime-three-September-25-2026/build/paper.tex	1	1	0	0	0	12	1	48	48	topology/318-chromatic-splitting-counterexamples-and-filtrations.md
Filtered-chromatic-splitting-at-generic-primes-September-25-2026	318	preprints/Filtered-chromatic-splitting-at-generic-primes-September-25-2026/paper.pdf	0	Filtered-chromatic-splitting-at-generic-primes-September-25-2026/build/paper.tex	1	1	0	0	0	14	1	70	71	topology/318-chromatic-splitting-counterexamples-and-filtrations.md
The-height-three-chromatic-overlap-an-explicit-filtration-and-its-attachments-September-27-2026	318	preprints/The-height-three-chromatic-overlap-an-explicit-filtration-and-its-attachments-September-27-2026/paper.pdf	0	The-height-three-chromatic-overlap-an-explicit-filtration-and-its-attachments-September-27-2026/build/paper.tex	1	1	0	0	0	15	1	83	83	topology/318-chromatic-splitting-counterexamples-and-filtrations.md
Counterexamples-to-the-Hahn-Wilson-conjecture-at-height-two-September-26-2026	319	preprints/Counterexamples-to-the-Hahn-Wilson-conjecture-at-height-two-September-26-2026/paper.pdf	0	Counterexamples-to-the-Hahn-Wilson-conjecture-at-height-two-September-26-2026/build/main.tex	1	1	0	0	0	10	0	59	59	topology/319-counterexamples-to-the-hahn-wilson-conjecture-at-height-two.md
Nonhomeomorphic-closed-aspherical-four-manifolds-with-the-same-homotopy-type-October-4-2026	320	preprints/Nonhomeomorphic-closed-aspherical-four-manifolds-with-the-same-homotopy-type-October-4-2026/paper.pdf	0	Nonhomeomorphic-closed-aspherical-four-manifolds-with-the-same-homotopy-type-October-4-2026/build/paper.tex	1	1	0	0	0	12	0	50	55	topology/320-a-four-dimensional-counterexample-to-borel-rigidity.md
A-Counterexample-to-Walls-D2-Problem-October-6-2026	321	preprints/A-Counterexample-to-Walls-D2-Problem-October-6-2026/wall-d2-counterexample.pdf	0	A-Counterexample-to-Walls-D2-Problem-October-6-2026/build/main.tex	1	1	0	0	0	7	1	7	7	topology/321-a-counterexample-to-walls-finite-d-2-conjecture.md
A-positive-solution-to-Tingleys-problem-September-23-2026	322	preprints/A-positive-solution-to-Tingleys-problem-September-23-2026/paper.pdf	1	A-positive-solution-to-Tingleys-problem-September-23-2026/build/main.tex	1	1	0	0	0	2	0	12	12	functional-analysis/322-tingleys-sphere-isometry-problem.md
Relative-independence-of-the-separable-quotient-problem-September-23-2026	323	preprints/Relative-independence-of-the-separable-quotient-problem-September-23-2026/paper.pdf	0	Relative-independence-of-the-separable-quotient-problem-September-23-2026/build/main.tex	1	1	0	0	0	11	1	31	33	functional-analysis/323-relative-independence-of-the-separable-quotient-problem.md
Bi-Lipschitz-Absorption-of-c0-Without-a-Linear-Copy-of-c0-September-26-2026	324	preprints/Bi-Lipschitz-Absorption-of-c0-Without-a-Linear-Copy-of-c0-September-26-2026/paper.pdf	1	Bi-Lipschitz-Absorption-of-c0-Without-a-Linear-Copy-of-c0-September-26-2026/build/main.tex	1	1	0	0	0	10	1	21	21	functional-analysis/324-lipschitz-equivalence-without-linear-isomorphism.md
Lipschitz-Equivalent-Separable-Banach-Spaces-Need-Not-Be-Linearly-Isomorphic-September-24-2026	324	preprints/Lipschitz-Equivalent-Separable-Banach-Spaces-Need-Not-Be-Linearly-Isomorphic-September-24-2026/paper.pdf	1	Lipschitz-Equivalent-Separable-Banach-Spaces-Need-Not-Be-Linearly-Isomorphic-September-24-2026/build/main.tex	1	1	0	0	0	8	1	11	13	functional-analysis/324-lipschitz-equivalence-without-linear-isomorphism.md
A-direct-proof-of-the-complete-Crouzeix-inequality-September-26-2026	325	preprints/A-direct-proof-of-the-complete-Crouzeix-inequality-September-26-2026/paper.pdf	1	A-direct-proof-of-the-complete-Crouzeix-inequality-September-26-2026/build/main.tex	1	1	0	0	0	3	0	7	7	functional-analysis/325-complete-crouzeix-conjecture.md
The-complete-Crouzeix-theorem-September-23-2026	325	preprints/The-complete-Crouzeix-theorem-September-23-2026/paper.pdf	1	The-complete-Crouzeix-theorem-September-23-2026/build/main.tex	1	1	0	0	0	3	0	10	11	functional-analysis/325-complete-crouzeix-conjecture.md
The-cotype-cotype-conjecture-under-the-approximation-property-September-23-2026	326	preprints/The-cotype-cotype-conjecture-under-the-approximation-property-September-23-2026/paper.pdf	1	The-cotype-cotype-conjecture-under-the-approximation-property-September-23-2026/build/main.tex	1	1	0	0	0	8	0	11	11	functional-analysis/326-cotype-cotype-conjecture-under-the-approximation-property.md
Nontrivial-Markov-Type-Forces-Superreflexivity-September-23-2026	327	preprints/Nontrivial-Markov-Type-Forces-Superreflexivity-September-23-2026/paper.pdf	1	Nontrivial-Markov-Type-Forces-Superreflexivity-September-23-2026/build/main.tex	1	1	0	0	0	3	0	8	8	functional-analysis/327-markov-type-characterizes-superreflexivity.md
Fixed-Points-of-Nonexpansive-Maps-in-Reflexive-Banach-Spaces-September-24-2026	328	preprints/Fixed-Points-of-Nonexpansive-Maps-in-Reflexive-Banach-Spaces-September-24-2026/paper.pdf	1	Fixed-Points-of-Nonexpansive-Maps-in-Reflexive-Banach-Spaces-September-24-2026/build/paper.tex	1	1	0	0	0	9	1	13	13	functional-analysis/328-fixed-points-of-nonexpansive-maps-in-reflexive-banach-spaces.md
Counterexamples-to-the-duality-conjecture-for-metric-entropy-September-24-2026	329	preprints/Counterexamples-to-the-duality-conjecture-for-metric-entropy-September-24-2026/main.pdf	1	Counterexamples-to-the-duality-conjecture-for-metric-entropy-September-24-2026/build/paper.tex	1	1	0	0	0	8	1	9	9	functional-analysis/329-a-counterexample-to-pietschs-metric-entropy-duality-conjecture.md
Failure-of-Bounded-Approximation-in-a-Lipschitz-Free-Space-over-a-Uniformly-Discrete-Metric-Space-September-26-2026	330	preprints/Failure-of-Bounded-Approximation-in-a-Lipschitz-Free-Space-over-a-Uniformly-Discrete-Metric-Space-September-26-2026/main.pdf	0	Failure-of-Bounded-Approximation-in-a-Lipschitz-Free-Space-over-a-Uniformly-Discrete-Metric-Space-September-26-2026/build/common.tex	1	1	0	0	0	9	0	10	11	functional-analysis/330-a-negative-answer-to-kaltons-lipschitz-free-approximation-question.md
Asymptotic-midpoint-uniform-convexity-and-unbounded-diamond-distortion-in-a-reflexive-tree-space-September-27-2026	331	preprints/Asymptotic-midpoint-uniform-convexity-and-unbounded-diamond-distortion-in-a-reflexive-tree-space-September-27-2026/manuscript.pdf	1	Asymptotic-midpoint-uniform-convexity-and-unbounded-diamond-distortion-in-a-reflexive-tree-space-September-27-2026/build/preamble.tex	1	1	0	0	0	12	1	8	7	functional-analysis/331-asymptotic-midpoint-uniform-convexity-without-asymptotically-uniformly-convex-renorming.md
Diamond-distortion-from-midpoint-and-tree-energies-September-27-2026	331	preprints/Diamond-distortion-from-midpoint-and-tree-energies-September-27-2026/manuscript.pdf	1	Diamond-distortion-from-midpoint-and-tree-energies-September-27-2026/build/preamble.tex	1	1	0	0	0	10	1	27	28	functional-analysis/331-asymptotic-midpoint-uniform-convexity-without-asymptotically-uniformly-convex-renorming.md
Exact-asymptotic-moduli-in-a-Daugavet-subspace-of-L1-September-27-2026	331	preprints/Exact-asymptotic-moduli-in-a-Daugavet-subspace-of-L1-September-27-2026/manuscript.pdf	1	Exact-asymptotic-moduli-in-a-Daugavet-subspace-of-L1-September-27-2026/build/main.tex	1	1	0	0	0	5	1	9	8	functional-analysis/331-asymptotic-midpoint-uniform-convexity-without-asymptotically-uniformly-convex-renorming.md
Independent-products-in-real-L1-asymptotic-midpoint-convexity-without-AUC-renormings-September-27-2026	331	preprints/Independent-products-in-real-L1-asymptotic-midpoint-convexity-without-AUC-renormings-September-27-2026/manuscript.pdf	1	Independent-products-in-real-L1-asymptotic-midpoint-convexity-without-AUC-renormings-September-27-2026/build/main.tex	1	1	0	0	0	7	1	5	6	functional-analysis/331-asymptotic-midpoint-uniform-convexity-without-asymptotically-uniformly-convex-renorming.md
Midpoint-convexity-from-bounded-tree-potentials-and-path-costs-September-27-2026	331	preprints/Midpoint-convexity-from-bounded-tree-potentials-and-path-costs-September-27-2026/manuscript.pdf	1	Midpoint-convexity-from-bounded-tree-potentials-and-path-costs-September-27-2026/build/main.tex	1	1	0	0	0	9	1	49	48	functional-analysis/331-asymptotic-midpoint-uniform-convexity-without-asymptotically-uniformly-convex-renorming.md
Midpoint-convexity-from-two-recursive-potentials-September-27-2026	331	preprints/Midpoint-convexity-from-two-recursive-potentials-September-27-2026/manuscript.pdf	1	Midpoint-convexity-from-two-recursive-potentials-September-27-2026/build/main.tex	1	1	0	0	0	8	1	17	17	functional-analysis/331-asymptotic-midpoint-uniform-convexity-without-asymptotically-uniformly-convex-renorming.md
Midpoint-lenses-in-segment-spaces-September-27-2026	331	preprints/Midpoint-lenses-in-segment-spaces-September-27-2026/manuscript.pdf	1	Midpoint-lenses-in-segment-spaces-September-27-2026/build/preamble.tex	1	1	0	0	0	27	1	75	73	functional-analysis/331-asymptotic-midpoint-uniform-convexity-without-asymptotically-uniformly-convex-renorming.md
Metric-Markov-Cotype-Two-of-l1-October-5-2026	332	preprints/Metric-Markov-Cotype-Two-of-l1-October-5-2026/l1-markov-cotype.pdf	0	Metric-Markov-Cotype-Two-of-l1-October-5-2026/build/main.tex	1	1	0	0	0	1	1	7	7	functional-analysis/332-metric-markov-cotype-two-for-1.md
Smooth-isometric-immersions-of-closed-surfaces-into-Euclidean-four-space-September-23-2026	333	preprints/Smooth-isometric-immersions-of-closed-surfaces-into-Euclidean-four-space-September-23-2026/paper.pdf	0	Smooth-isometric-immersions-of-closed-surfaces-into-Euclidean-four-space-September-23-2026/build/main.tex	1	1	0	0	0	11	1	12	16	differential-geometry/333-smooth-isometric-immersions-of-surfaces-into-r-4.md
A-Smooth-Metric-with-No-Local-Isometric-Immersion-into-Three-Space-September-24-2026	334	preprints/A-Smooth-Metric-with-No-Local-Isometric-Immersion-into-Three-Space-September-24-2026/paper.pdf	1	A-Smooth-Metric-with-No-Local-Isometric-Immersion-into-Three-Space-September-24-2026/build/main.tex	1	1	0	0	0	9	1	10	11	differential-geometry/334-a-smooth-surface-metric-with-no-local-immersion-in-r-3.md
An-integral-scalar-curvature-bound-for-real-simplicial-volume-October-5-2026	335	preprints/An-integral-scalar-curvature-bound-for-real-simplicial-volume-October-5-2026/v126-proof.pdf	0	An-integral-scalar-curvature-bound-for-real-simplicial-volume-October-5-2026/build/main.tex	1	1	0	0	0	9	0	20	21	differential-geometry/335-gromovs-integral-scalar-curvature-inequality.md
Positive-scalar-curvature-forces-rational-inessentiality-September-23-2026	335	preprints/Positive-scalar-curvature-forces-rational-inessentiality-September-23-2026/paper.pdf	0	Positive-scalar-curvature-forces-rational-inessentiality-September-23-2026/build/main.tex	1	1	0	0	0	11	1	23	23	differential-geometry/335-gromovs-integral-scalar-curvature-inequality.md
Positive-scalar-curvature-and-uniform-codimension-two-width-September-23-2026	336	preprints/Positive-scalar-curvature-and-uniform-codimension-two-width-September-23-2026/paper.pdf	0	Positive-scalar-curvature-and-uniform-codimension-two-width-September-23-2026/build/main.tex	1	1	0	0	0	15	1	56	58	differential-geometry/336-spectral-scalar-curvature-and-codimension-two-width.md
Spectral-scalar-curvature-and-Urysohn-width-in-dimension-three-October-5-2026	336	preprints/Spectral-scalar-curvature-and-Urysohn-width-in-dimension-three-October-5-2026/spectral-urysohn-three-manifolds.pdf	0	Spectral-scalar-curvature-and-Urysohn-width-in-dimension-three-October-5-2026/build/main.tex	1	1	0	0	0	8	0	11	12	differential-geometry/336-spectral-scalar-curvature-and-codimension-two-width.md
Spectral-scalar-curvature-and-uniform-Urysohn-width-October-5-2026	336	preprints/Spectral-scalar-curvature-and-uniform-Urysohn-width-October-5-2026/main.pdf	0	Spectral-scalar-curvature-and-uniform-Urysohn-width-October-5-2026/build/main.tex	1	1	0	0	0	7	1	8	10	differential-geometry/336-spectral-scalar-curvature-and-codimension-two-width.md
Generalized-Cartan-Hadamard-isoperimetry-and-Euclidean-equality-rigidity-September-23-2026	337	preprints/Generalized-Cartan-Hadamard-isoperimetry-and-Euclidean-equality-rigidity-September-23-2026/paper.pdf	0	Generalized-Cartan-Hadamard-isoperimetry-and-Euclidean-equality-rigidity-September-23-2026/build/main.tex	1	1	0	0	0	14	1	25	26	differential-geometry/337-cartan-hadamard-isoperimetry-and-cat-0-fillings.md
Sharp-integral-fillings-in-CAT(0)-spaces-September-23-2026	337	preprints/Sharp-integral-fillings-in-CAT(0)-spaces-September-23-2026/paper.pdf	0	Sharp-integral-fillings-in-CAT(0)-spaces-September-23-2026/build/main.tex	1	1	0	0	0	12	1	28	28	differential-geometry/337-cartan-hadamard-isoperimetry-and-cat-0-fillings.md
Uniformization-of-complete-Kahler-manifolds-with-positive-bisectional-curvature-September-23-2026	338	preprints/Uniformization-of-complete-Kahler-manifolds-with-positive-bisectional-curvature-September-23-2026/paper.pdf	0	Uniformization-of-complete-Kahler-manifolds-with-positive-bisectional-curvature-September-23-2026/build/main.tex	1	1	0	0	0	12	0	29	32	differential-geometry/338-yaus-uniformization-conjecture.md
Entropy-equality-and-local-symmetry-in-negative-curvature-September-23-2026	339	preprints/Entropy-equality-and-local-symmetry-in-negative-curvature-September-23-2026/paper.pdf	0	Entropy-equality-and-local-symmetry-in-negative-curvature-September-23-2026/build/main.tex	1	1	0	0	0	9	1	68	68	differential-geometry/339-katoks-entropy-rigidity-conjecture.md
A-counterexample-to-the-nearby-Lagrangian-conjecture-September-23-2026	340	preprints/A-counterexample-to-the-nearby-Lagrangian-conjecture-September-23-2026/paper.pdf	0	A-counterexample-to-the-nearby-Lagrangian-conjecture-September-23-2026/build/main.tex	1	1	0	0	0	10	1	16	17	differential-geometry/340-a-counterexample-to-the-nearby-lagrangian-conjecture.md
Deforming-hypersymplectic-four-manifolds-to-hyperkahler-triples-September-23-2026	341	preprints/Deforming-hypersymplectic-four-manifolds-to-hyperkahler-triples-September-23-2026/paper.pdf	0	Deforming-hypersymplectic-four-manifolds-to-hyperkahler-triples-September-23-2026/build/main.tex	1	1	0	0	0	14	1	54	54	differential-geometry/341-donaldsons-hypersymplectic-deformation-conjecture.md
Taming-implies-compatibility-on-four-manifolds-September-23-2026	342	preprints/Taming-implies-compatibility-on-four-manifolds-September-23-2026/paper.pdf	1	Taming-implies-compatibility-on-four-manifolds-September-23-2026/build/main.tex	1	1	0	0	0	9	1	14	14	differential-geometry/342-donaldsons-tamed-to-compatible-conjecture.md
Symplectic-Ball-Packings-in-Higher-Dimensions-September-23-2026	343	preprints/Symplectic-Ball-Packings-in-Higher-Dimensions-September-23-2026/paper.pdf	0	Symplectic-Ball-Packings-in-Higher-Dimensions-September-23-2026/build/main.tex	1	1	0	0	0	12	0	25	24	differential-geometry/343-sharp-symplectic-ball-packing-criteria-in-higher-dimensions.md
The-metric-Blaschke-theorem-September-23-2026	344	preprints/The-metric-Blaschke-theorem-September-23-2026/paper.pdf	0	The-metric-Blaschke-theorem-September-23-2026/build/paper.tex	1	1	0	0	0	13	1	26	27	differential-geometry/344-metric-blaschke-conjecture.md
Infinitely-many-closed-geodesic-images-on-every-Riemannian-sphere-September-24-2026	345	preprints/Infinitely-many-closed-geodesic-images-on-every-Riemannian-sphere-September-24-2026/paper.pdf	0	Infinitely-many-closed-geodesic-images-on-every-Riemannian-sphere-September-24-2026/build/paper.tex	1	1	0	0	0	14	1	37	37	differential-geometry/345-infinitely-many-closed-geodesics-on-spheres-and-three-manifolds.md
A-Codimension-One-Bound-for-the-Singular-Set-of-a-Stationary-Integral-Varifold-October-5-2026	346	preprints/A-Codimension-One-Bound-for-the-Singular-Set-of-a-Stationary-Integral-Varifold-October-5-2026/varifold-singular-dimension.pdf	0	A-Codimension-One-Bound-for-the-Singular-Set-of-a-Stationary-Integral-Varifold-October-5-2026/build/main.tex	1	1	0	0	0	10	1	11	14	differential-geometry/346-sharp-singular-set-bounds-for-stationary-integral-varifolds.md
Almost-everywhere-regularity-of-stationary-integral-varifolds-September-23-2026	346	preprints/Almost-everywhere-regularity-of-stationary-integral-varifolds-September-23-2026/paper.pdf	0	Almost-everywhere-regularity-of-stationary-integral-varifolds-September-23-2026/build/paper.tex	1	1	0	0	0	13	1	33	33	differential-geometry/346-sharp-singular-set-bounds-for-stationary-integral-varifolds.md
A-degenerate-counterexample-to-the-critical-number-Arnold-bound-September-23-2026	347	preprints/A-degenerate-counterexample-to-the-critical-number-Arnold-bound-September-23-2026/paper.pdf	1	A-degenerate-counterexample-to-the-critical-number-Arnold-bound-September-23-2026/build/main.tex	1	1	0	0	0	8	0	8	8	differential-geometry/347-counterexamples-to-strong-forms-of-arnolds-fixed-point-conjecture.md
A-nondegenerate-counterexample-to-the-Morse-number-Arnold-bound-September-23-2026	347	preprints/A-nondegenerate-counterexample-to-the-Morse-number-Arnold-bound-September-23-2026/paper.pdf	0	A-nondegenerate-counterexample-to-the-Morse-number-Arnold-bound-September-23-2026/build/main.tex	1	1	0	0	0	7	1	9	10	differential-geometry/347-counterexamples-to-strong-forms-of-arnolds-fixed-point-conjecture.md
Hamiltonian-Fixed-Points-Below-the-Stable-Morse-Number-October-5-2026	347	preprints/Hamiltonian-Fixed-Points-Below-the-Stable-Morse-Number-October-5-2026/paper.pdf	0	Hamiltonian-Fixed-Points-Below-the-Stable-Morse-Number-October-5-2026/build/main.tex	1	1	0	0	0	10	0	12	12	differential-geometry/347-counterexamples-to-strong-forms-of-arnolds-fixed-point-conjecture.md
Hamiltonian-Fixed-Points-Below-the-Stable-Morse-Number-in-Dimension-Twenty-Two-October-5-2026	347	preprints/Hamiltonian-Fixed-Points-Below-the-Stable-Morse-Number-in-Dimension-Twenty-Two-October-5-2026/hamiltonian-fixed-points-below-stable-morse-number.pdf	0	Hamiltonian-Fixed-Points-Below-the-Stable-Morse-Number-in-Dimension-Twenty-Two-October-5-2026/build/main.tex	1	1	0	0	0	8	0	12	12	differential-geometry/347-counterexamples-to-strong-forms-of-arnolds-fixed-point-conjecture.md
Sharpness-of-the-Cyclic-Integral-Floer-Bound-Below-the-Stable-Morse-Number-October-5-2026	347	preprints/Sharpness-of-the-Cyclic-Integral-Floer-Bound-Below-the-Stable-Morse-Number-October-5-2026/sharp-cyclic-integral-floer-bound-below-stable-morse-number.pdf	0	Sharpness-of-the-Cyclic-Integral-Floer-Bound-Below-the-Stable-Morse-Number-October-5-2026/build/main.tex	1	1	0	0	0	6	1	10	10	differential-geometry/347-counterexamples-to-strong-forms-of-arnolds-fixed-point-conjecture.md
An-L2-Einstein-Gap-for-Nonnegatively-Curved-Four-Manifolds-October-5-2026	348	preprints/An-L2-Einstein-Gap-for-Nonnegatively-Curved-Four-Manifolds-October-5-2026/einstein-gap.pdf	0	An-L2-Einstein-Gap-for-Nonnegatively-Curved-Four-Manifolds-October-5-2026/build/source/main.tex	1	1	0	0	0	1	1	11	12	differential-geometry/348-nonnegatively-curved-einstein-four-manifolds-and-a-topological-gap.md
Positively-curved-Einstein-four-manifolds-September-23-2026	348	preprints/Positively-curved-Einstein-four-manifolds-September-23-2026/paper.pdf	0	Positively-curved-Einstein-four-manifolds-September-23-2026/build/paper.tex	1	1	1	0	1	14	0	42	43	differential-geometry/348-nonnegatively-curved-einstein-four-manifolds-and-a-topological-gap.md
Zero-Plane-Rigidity-for-Einstein-Four-Manifolds-October-4-2026	348	preprints/Zero-Plane-Rigidity-for-Einstein-Four-Manifolds-October-4-2026/einstein-boundary.pdf	0	Zero-Plane-Rigidity-for-Einstein-Four-Manifolds-October-4-2026/build/paper.tex	1	1	1	0	1	11	0	32	34	differential-geometry/348-nonnegatively-curved-einstein-four-manifolds-and-a-topological-gap.md
The-Solomon-Yau-least-volume-theorem-September-23-2026	349	preprints/The-Solomon-Yau-least-volume-theorem-September-23-2026/paper.pdf	0	The-Solomon-Yau-least-volume-theorem-September-23-2026/build/paper.tex	1	1	0	0	0	8	1	27	28	differential-geometry/349-solomon-yau-least-volume-conjecture.md
Power-law-violations-of-Yaus-nodal-upper-bound-September-23-2026	350	preprints/Power-law-violations-of-Yaus-nodal-upper-bound-September-23-2026/paper.pdf	1	Power-law-violations-of-Yaus-nodal-upper-bound-September-23-2026/build/main.tex	1	1	0	0	0	6	1	15	15	differential-geometry/350-yaus-nodal-conjecture-surfaces-and-counterexamples.md
Sharp-nodal-length-on-smooth-surfaces-September-23-2026	350	preprints/Sharp-nodal-length-on-smooth-surfaces-September-23-2026/paper.pdf	0	Sharp-nodal-length-on-smooth-surfaces-September-23-2026/build/paper.tex	1	1	0	0	0	9	0	18	19	differential-geometry/350-yaus-nodal-conjecture-surfaces-and-counterexamples.md
Smooth-counterexamples-to-Yaus-nodal-upper-bound-in-dimensions-three-and-four-September-23-2026	350	preprints/Smooth-counterexamples-to-Yaus-nodal-upper-bound-in-dimensions-three-and-four-September-23-2026/paper.pdf	1	Smooth-counterexamples-to-Yaus-nodal-upper-bound-in-dimensions-three-and-four-September-23-2026/build/paper.tex	1	1	0	0	0	12	0	37	37	differential-geometry/350-yaus-nodal-conjecture-surfaces-and-counterexamples.md
A-closed-Ricci-flow-with-bounded-scalar-curvature-and-finite-time-curvature-blowup-September-24-2026	351	preprints/A-closed-Ricci-flow-with-bounded-scalar-curvature-and-finite-time-curvature-blowup-September-24-2026/paper.pdf	0	A-closed-Ricci-flow-with-bounded-scalar-curvature-and-finite-time-curvature-blowup-September-24-2026/build/paper.tex	1	1	0	0	0	10	0	17	17	differential-geometry/351-scalar-curvature-detects-four-dimensional-ricci-flow-singularities.md
Bounded-scalar-curvature-and-smooth-extension-of-four-dimensional-Ricci-flow-September-24-2026	351	preprints/Bounded-scalar-curvature-and-smooth-extension-of-four-dimensional-Ricci-flow-September-24-2026/paper.pdf	0	Bounded-scalar-curvature-and-smooth-extension-of-four-dimensional-Ricci-flow-September-24-2026/build/paper.tex	1	1	0	0	0	10	1	26	30	differential-geometry/351-scalar-curvature-detects-four-dimensional-ricci-flow-singularities.md
Path-selection-and-an-elliptic-inequality-on-degenerating-Ricci-flat-trees-September-24-2026	351	preprints/Path-selection-and-an-elliptic-inequality-on-degenerating-Ricci-flat-trees-September-24-2026/paper.pdf	0	Path-selection-and-an-elliptic-inequality-on-degenerating-Ricci-flat-trees-September-24-2026/build/paper.tex	1	1	0	0	0	10	1	26	26	differential-geometry/351-scalar-curvature-detects-four-dimensional-ricci-flow-singularities.md
A-finite-time-singularity-of-Calabi-flow-on-projective-space-September-24-2026	352	preprints/A-finite-time-singularity-of-Calabi-flow-on-projective-space-September-24-2026/paper.pdf	0	A-finite-time-singularity-of-Calabi-flow-on-projective-space-September-24-2026/build/main.tex	1	1	1	0	0	10	1	20	22	differential-geometry/352-finite-time-singularity-of-calabi-flow.md
Smooth-Nonquadratic-Affine-Maximal-Graph-in-Dimension-Ten-October-5-2026	353	preprints/Smooth-Nonquadratic-Affine-Maximal-Graph-in-Dimension-Ten-October-5-2026/affine-maximal-dimension-ten.pdf	0	Smooth-Nonquadratic-Affine-Maximal-Graph-in-Dimension-Ten-October-5-2026/build/source/main.tex	1	1	0	0	0	1	1	6	6	differential-geometry/353-sharp-dimension-threshold-for-affine-bernstein-rigidity.md
The-affine-Bernstein-theorem-in-dimensions-three-through-nine-September-24-2026	353	preprints/The-affine-Bernstein-theorem-in-dimensions-three-through-nine-September-24-2026/main.pdf	0	The-affine-Bernstein-theorem-in-dimensions-three-through-nine-September-24-2026/build/main.tex	1	1	0	0	0	7	1	18	19	differential-geometry/353-sharp-dimension-threshold-for-affine-bernstein-rigidity.md
The-Isoperimetric-Conjecture-for-the-Cubic-Flat-Three-Torus-September-24-2026	354	preprints/The-Isoperimetric-Conjecture-for-the-Cubic-Flat-Three-Torus-September-24-2026/article.pdf	0	The-Isoperimetric-Conjecture-for-the-Cubic-Flat-Three-Torus-September-24-2026/build/paper.tex	1	1	0	0	0	11	0	25	26	differential-geometry/354-isoperimetric-regions-in-the-cubic-three-torus.md
Tangent-flow-uniqueness-2026-09-24	355	preprints/Tangent-flow-uniqueness-2026-09-24/paper.pdf	0	Tangent-flow-uniqueness-2026-09-24/build/paper.tex	1	1	0	0	0	14	1	49	48	differential-geometry/355-unique-tangent-flows-at-the-first-surface-singularity.md
Giglis-distributional-curvature-characterization-of-Alexandrov-spaces-September-24-2026	356	preprints/Giglis-distributional-curvature-characterization-of-Alexandrov-spaces-September-24-2026/main.pdf	0	Giglis-distributional-curvature-characterization-of-Alexandrov-spaces-September-24-2026/build/main.tex	1	1	0	0	0	9	1	39	40	differential-geometry/356-giglis-characterization-of-alexandrov-curvature.md
Weak-Hessian-bounds-along-every-geodesic-in-RCD-spaces-September-24-2026	356	preprints/Weak-Hessian-bounds-along-every-geodesic-in-RCD-spaces-September-24-2026/weak-hessian-geodesics.pdf	1	Weak-Hessian-bounds-along-every-geodesic-in-RCD-spaces-September-24-2026/build/main.tex	1	1	0	0	0	7	1	4	4	differential-geometry/356-giglis-characterization-of-alexandrov-curvature.md
Bi-Lipschitz-Coordinates-at-Regular-Points-of-Noncollapsed-RCD-Spaces-September-25-2026	357	preprints/Bi-Lipschitz-Coordinates-at-Regular-Points-of-Noncollapsed-RCD-Spaces-September-25-2026/paper.pdf	0	Bi-Lipschitz-Coordinates-at-Regular-Points-of-Noncollapsed-RCD-Spaces-September-25-2026/build/source/paper.tex	1	1	0	0	0	5	1	27	27	differential-geometry/357-bi-lipschitz-coordinates-at-every-regular-rcd-point.md
A-Three-Manifold-Without-Conjugate-Points-and-Without-a-Nonpositively-Curved-Metric-September-24-2026	358	preprints/A-Three-Manifold-Without-Conjugate-Points-and-Without-a-Nonpositively-Curved-Metric-September-24-2026/paper.pdf	1	A-Three-Manifold-Without-Conjugate-Points-and-Without-a-Nonpositively-Curved-Metric-September-24-2026/build/main.tex	1	1	0	0	0	9	1	17	17	differential-geometry/358-a-three-manifold-with-no-conjugate-points-and-no-nonpositively-curved-metric.md
A-negatively-pinched-Kahler-threefold-without-bounded-holomorphic-coordinates-September-25-2026	359	preprints/A-negatively-pinched-Kahler-threefold-without-bounded-holomorphic-coordinates-September-25-2026/paper.pdf	1	A-negatively-pinched-Kahler-threefold-without-bounded-holomorphic-coordinates-September-25-2026/build/main.tex	1	1	0	0	0	11	1	27	27	differential-geometry/359-negative-k-ahler-curvature-without-bounded-holomorphic-coordinates.md
One-sided-negative-sectional-curvature-and-the-holomorphic-Liouville-property-September-25-2026	359	preprints/One-sided-negative-sectional-curvature-and-the-holomorphic-Liouville-property-September-25-2026/paper.pdf	0	One-sided-negative-sectional-curvature-and-the-holomorphic-Liouville-property-September-25-2026/build/main.tex	1	1	0	0	0	11	1	27	27	differential-geometry/359-negative-k-ahler-curvature-without-bounded-holomorphic-coordinates.md
Global-Support-and-Convex-Injectivity-Domains-under-Weak-MTW-September-25-2026	360	preprints/Global-Support-and-Convex-Injectivity-Domains-under-Weak-MTW-September-25-2026/paper.pdf	1	Global-Support-and-Convex-Injectivity-Domains-under-Weak-MTW-September-25-2026/build/main.tex	1	1	0	0	0	6	1	19	21	differential-geometry/360-villanis-convexity-conjecture-and-regular-optimal-transport.md
Uniform-Bi-Holder-Transport-from-Weak-MTW-September-25-2026	360	preprints/Uniform-Bi-Holder-Transport-from-Weak-MTW-September-25-2026/paper.pdf	1	Uniform-Bi-Holder-Transport-from-Weak-MTW-September-25-2026/build/main.tex	1	1	0	0	0	7	1	25	34	differential-geometry/360-villanis-convexity-conjecture-and-regular-optimal-transport.md
A-Three-Dimensional-Counterexample-to-Integer-Degree-Harmonic-Dimension-Comparison-September-26-2026	361	preprints/A-Three-Dimensional-Counterexample-to-Integer-Degree-Harmonic-Dimension-Comparison-September-26-2026/paper.pdf	0	A-Three-Dimensional-Counterexample-to-Integer-Degree-Harmonic-Dimension-Comparison-September-26-2026/build/paper.tex	1	1	0	0	0	10	0	13	13	differential-geometry/361-counterexamples-to-yaus-harmonic-dimension-bound.md
A-counterexample-to-integer-degree-harmonic-dimension-comparison-September-25-2026	361	preprints/A-counterexample-to-integer-degree-harmonic-dimension-comparison-September-25-2026/paper.pdf	1	A-counterexample-to-integer-degree-harmonic-dimension-comparison-September-25-2026/build/paper.tex	1	1	1	0	0	11	0	14	14	differential-geometry/361-counterexamples-to-yaus-harmonic-dimension-bound.md
Global-classical-solutions-of-the-three-dimensional-relativistic-Vlasov-Maxwell-system-September-23-2026	362	preprints/Global-classical-solutions-of-the-three-dimensional-relativistic-Vlasov-Maxwell-system-September-23-2026/paper.pdf	1	Global-classical-solutions-of-the-three-dimensional-relativistic-Vlasov-Maxwell-system-September-23-2026/build/main.tex	1	1	0	0	0	14	1	21	24	partial-differential-equations/362-global-smoothness-for-relativistic-vlasov-maxwell.md
Nonuniqueness-for-the-periodic-hard-sphere-Boltzmann-equation-September-23-2026	363	preprints/Nonuniqueness-for-the-periodic-hard-sphere-Boltzmann-equation-September-23-2026/paper.pdf	0	Nonuniqueness-for-the-periodic-hard-sphere-Boltzmann-equation-September-23-2026/build/paper.tex	1	1	0	0	0	13	1	32	34	partial-differential-equations/363-boltzmann-nonuniqueness-with-exact-local-conservation.md
Nonuniqueness-with-local-conservation-for-the-hard-sphere-Boltzmann-equation-October-5-2026	363	preprints/Nonuniqueness-with-local-conservation-for-the-hard-sphere-Boltzmann-equation-October-5-2026/paper.pdf	0	Nonuniqueness-with-local-conservation-for-the-hard-sphere-Boltzmann-equation-October-5-2026/build/main.tex	1	1	0	0	0	16	1	48	50	partial-differential-equations/363-boltzmann-nonuniqueness-with-exact-local-conservation.md
Hard-sphere-fluctuations-on-the-regular-Boltzmann-lifespan-September-23-2026	364	preprints/Hard-sphere-fluctuations-on-the-regular-Boltzmann-lifespan-September-23-2026/paper.pdf	0	Hard-sphere-fluctuations-on-the-regular-Boltzmann-lifespan-September-23-2026/build/main.tex	1	1	0	0	0	10	1	40	41	partial-differential-equations/364-kinetic-limits-and-fluctuations-over-the-boltzmann-lifespan.md
The-Boltzmann-Grad-limit-for-stable-radial-potentials-on-regular-kinetic-intervals-September-23-2026	364	preprints/The-Boltzmann-Grad-limit-for-stable-radial-potentials-on-regular-kinetic-intervals-September-23-2026/paper.pdf	0	The-Boltzmann-Grad-limit-for-stable-radial-potentials-on-regular-kinetic-intervals-September-23-2026/build/paper.tex	1	1	0	0	0	9	1	35	37	partial-differential-equations/364-kinetic-limits-and-fluctuations-over-the-boltzmann-lifespan.md
Determination-of-a-metric-and-a-unitary-connection-from-one-boundary-patch-October-5-2026	365	preprints/Determination-of-a-metric-and-a-unitary-connection-from-one-boundary-patch-October-5-2026/paper.pdf	0	Determination-of-a-metric-and-a-unitary-connection-from-one-boundary-patch-October-5-2026/build/paper.tex	1	1	0	0	0	9	1	30	30	partial-differential-equations/365-joint-metric-and-connection-recovery-from-one-boundary-patch.md
Nonuniqueness-for-Bounded-Measurable-Scalar-Conductivities-in-Three-Dimensions-September-23-2026	365	preprints/Nonuniqueness-for-Bounded-Measurable-Scalar-Conductivities-in-Three-Dimensions-September-23-2026/paper.pdf	1	Nonuniqueness-for-Bounded-Measurable-Scalar-Conductivities-in-Three-Dimensions-September-23-2026/build/paper.tex	1	1	0	0	0	5	0	17	18	partial-differential-equations/365-joint-metric-and-connection-recovery-from-one-boundary-patch.md
Smooth-Anisotropic-Uniqueness-in-the-Calderon-Problem-from-One-Boundary-Patch-September-24-2026	365	preprints/Smooth-Anisotropic-Uniqueness-in-the-Calderon-Problem-from-One-Boundary-Patch-September-24-2026/paper.pdf	0	Smooth-Anisotropic-Uniqueness-in-the-Calderon-Problem-from-One-Boundary-Patch-September-24-2026/build/paper.tex	1	1	0	0	0	12	1	24	24	partial-differential-equations/365-joint-metric-and-connection-recovery-from-one-boundary-patch.md
Interior-regularity-of-planar-Mumford-Shah-minimizers-September-24-2026	366	preprints/Interior-regularity-of-planar-Mumford-Shah-minimizers-September-24-2026/Interior-regularity-of-planar-Mumford-Shah-minimizers-September-24-2026.pdf	0	Interior-regularity-of-planar-Mumford-Shah-minimizers-September-24-2026/build/main.tex	1	1	0	0	0	8	1	9	11	partial-differential-equations/366-planar-mumford-shah-regularity-conjecture.md
The-critical-dimension-for-one-phase-Bernoulli-minimizers-September-24-2026	367	preprints/The-critical-dimension-for-one-phase-Bernoulli-minimizers-September-24-2026/The-critical-dimension-for-one-phase-Bernoulli-minimizers-September-24-2026.pdf	0	The-critical-dimension-for-one-phase-Bernoulli-minimizers-September-24-2026/build/paper.tex	1	1	1	0	0	12	0	25	27	partial-differential-equations/367-critical-dimension-for-the-one-phase-bernoulli-problem.md
Strong-diffeomorphic-approximation-in-three-dimensions-for-1-le-p-le-2-September-24-2026	368	preprints/Strong-diffeomorphic-approximation-in-three-dimensions-for-1-le-p-le-2-September-24-2026/main.pdf	0	Strong-diffeomorphic-approximation-in-three-dimensions-for-1-le-p-le-2-September-24-2026/build/main.tex	1	1	0	0	0	6	1	33	33	partial-differential-equations/368-three-dimensional-ball-evans-approximation-problem.md
Strong-diffeomorphic-approximation-in-three-dimensions-for-p-gt-2-September-24-2026	368	preprints/Strong-diffeomorphic-approximation-in-three-dimensions-for-p-gt-2-September-24-2026/main.pdf	0	Strong-diffeomorphic-approximation-in-three-dimensions-for-p-gt-2-September-24-2026/build/main.tex	1	1	0	0	0	8	1	68	68	partial-differential-equations/368-three-dimensional-ball-evans-approximation-problem.md
Strict-hot-spots-and-absence-of-interior-critical-points-on-smooth-simply-connected-planar-domains-September-24-2026	369	preprints/Strict-hot-spots-and-absence-of-interior-critical-points-on-smooth-simply-connected-planar-domains-September-24-2026/main.pdf	0	Strict-hot-spots-and-absence-of-interior-critical-points-on-smooth-simply-connected-planar-domains-September-24-2026/build/main.tex	1	1	0	0	0	8	1	18	18	partial-differential-equations/369-hot-spots-conjecture-for-simply-connected-planar-domains.md
The-Subcritical-Henon-Lane-Emden-Conjecture-September-24-2026	370	preprints/The-Subcritical-Henon-Lane-Emden-Conjecture-September-24-2026/paper.pdf	1	The-Subcritical-Henon-Lane-Emden-Conjecture-September-24-2026/build/main.tex	1	1	0	0	0	7	1	12	13	partial-differential-equations/370-subcritical-lane-emden-and-h-lane-emden-conjectures.md
Stable-Self-Similar-Blowup-for-a-Supercritical-Defocusing-Schrodinger-Equation-on-the-Torus-September-24-2026	371	preprints/Stable-Self-Similar-Blowup-for-a-Supercritical-Defocusing-Schrodinger-Equation-on-the-Torus-September-24-2026/paper.pdf	0	Stable-Self-Similar-Blowup-for-a-Supercritical-Defocusing-Schrodinger-Equation-on-the-Torus-September-24-2026/build/main.tex	1	1	1	0	0	9	1	38	39	partial-differential-equations/371-stable-blowup-for-a-defocusing-schr-odinger-equation.md
Global-Uniqueness-for-the-Smooth-Isotropic-Elasticity-Inverse-Problem-September-24-2026	372	preprints/Global-Uniqueness-for-the-Smooth-Isotropic-Elasticity-Inverse-Problem-September-24-2026/article.pdf	0	Global-Uniqueness-for-the-Smooth-Isotropic-Elasticity-Inverse-Problem-September-24-2026/build/main.tex	1	1	0	0	0	7	1	15	15	partial-differential-equations/372-global-uniqueness-in-smooth-isotropic-elasticity.md
A-counterexample-to-the-Monge-ansatz-for-the-three-marginal-Coulomb-cost-September-25-2026	373	preprints/A-counterexample-to-the-Monge-ansatz-for-the-three-marginal-Coulomb-cost-September-25-2026/paper.pdf	0	A-counterexample-to-the-Monge-ansatz-for-the-three-marginal-Coulomb-cost-September-25-2026/build/paper.tex	1	1	0	0	0	9	1	7	8	partial-differential-equations/373-nonattainment-in-three-marginal-coulomb-transport.md
Sharp-One-Third-Stability-of-Brenier-Maps-September-25-2026	374	preprints/Sharp-One-Third-Stability-of-Brenier-Maps-September-25-2026/article.pdf	0	Sharp-One-Third-Stability-of-Brenier-Maps-September-25-2026/build/source/main.tex	1	1	0	0	0	7	1	11	11	partial-differential-equations/374-sharp-one-third-stability-of-optimal-transport-maps.md
De-Giorgis-conjecture-in-dimension-eight-September-26-2026	375	preprints/De-Giorgis-conjecture-in-dimension-eight-September-26-2026/article.pdf	0	De-Giorgis-conjecture-in-dimension-eight-September-26-2026/build/main.tex	1	1	0	0	0	12	1	43	45	partial-differential-equations/375-de-giorgis-conjecture-in-dimension-eight.md
A-Fixed-Particle-Test-for-Computation-in-a-Forced-Viscous-Flow-September-27-2026	376	preprints/A-Fixed-Particle-Test-for-Computation-in-a-Forced-Viscous-Flow-September-27-2026/manuscript.pdf	0	A-Fixed-Particle-Test-for-Computation-in-a-Forced-Viscous-Flow-September-27-2026/build/main.tex	1	1	0	0	0	3	0	4	5	partial-differential-equations/376-universal-computation-in-forced-navier-stokes-flows.md
Computation-under-Rapidly-Vanishing-Navier-Stokes-Forcing-September-27-2026	376	preprints/Computation-under-Rapidly-Vanishing-Navier-Stokes-Forcing-September-27-2026/manuscript.pdf	0	Computation-under-Rapidly-Vanishing-Navier-Stokes-Forcing-September-27-2026/build/main.tex	1	1	0	0	0	5	0	4	9	partial-differential-equations/376-universal-computation-in-forced-navier-stokes-flows.md
Finite-Instructions-and-Solenoidal-Shear-Flows-September-27-2026	376	preprints/Finite-Instructions-and-Solenoidal-Shear-Flows-September-27-2026/manuscript.pdf	0	Finite-Instructions-and-Solenoidal-Shear-Flows-September-27-2026/build/main.tex	1	1	0	0	0	1	0	6	7	partial-differential-equations/376-universal-computation-in-forced-navier-stokes-flows.md
Geometric-Programs-for-Solenoidal-Forcing-September-27-2026	376	preprints/Geometric-Programs-for-Solenoidal-Forcing-September-27-2026/manuscript.pdf	0	Geometric-Programs-for-Solenoidal-Forcing-September-27-2026/build/main.tex	1	1	0	0	0	10	0	6	7	partial-differential-equations/376-universal-computation-in-forced-navier-stokes-flows.md
Incompressible-Box-Transport-and-Finite-Computation-September-27-2026	376	preprints/Incompressible-Box-Transport-and-Finite-Computation-September-27-2026/manuscript.pdf	0	Incompressible-Box-Transport-and-Finite-Computation-September-27-2026/build/main.tex	1	1	0	0	0	16	1	73	73	partial-differential-equations/376-universal-computation-in-forced-navier-stokes-flows.md
Prefix-Instructions-and-Incompressible-Flows-September-27-2026	376	preprints/Prefix-Instructions-and-Incompressible-Flows-September-27-2026/manuscript.pdf	0	Prefix-Instructions-and-Incompressible-Flows-September-27-2026/build/main.tex	1	1	0	0	0	11	1	37	38	partial-differential-equations/376-universal-computation-in-forced-navier-stokes-flows.md
Scalar-Potentials-and-Slow-Clocks-for-Forced-Fluid-Computation-September-27-2026	376	preprints/Scalar-Potentials-and-Slow-Clocks-for-Forced-Fluid-Computation-September-27-2026/manuscript.pdf	0	Scalar-Potentials-and-Slow-Clocks-for-Forced-Fluid-Computation-September-27-2026/build/main.tex	1	1	0	0	0	9	1	12	14	partial-differential-equations/376-universal-computation-in-forced-navier-stokes-flows.md
Universal-Computation-with-Eventually-Stationary-Navier-Stokes-Forcing-September-27-2026	376	preprints/Universal-Computation-with-Eventually-Stationary-Navier-Stokes-Forcing-September-27-2026/manuscript.pdf	0	Universal-Computation-with-Eventually-Stationary-Navier-Stokes-Forcing-September-27-2026/build/main.tex	1	1	0	0	0	1	1	9	9	partial-differential-equations/376-universal-computation-in-forced-navier-stokes-flows.md
Velocity-Field-Detection-of-Computation-in-Forced-Navier-Stokes-Flows-September-27-2026	376	preprints/Velocity-Field-Detection-of-Computation-in-Forced-Navier-Stokes-Flows-September-27-2026/manuscript.pdf	0	Velocity-Field-Detection-of-Computation-in-Forced-Navier-Stokes-Flows-September-27-2026/build/main.tex	1	1	0	0	0	3	1	4	6	partial-differential-equations/376-universal-computation-in-forced-navier-stokes-flows.md
Uniform-Interior-C1alpha-Estimates-for-Infinity-Harmonic-Functions-October-4-2026	377	preprints/Uniform-Interior-C1alpha-Estimates-for-Infinity-Harmonic-Functions-October-4-2026/interior-c1-infinity-harmonic.pdf	0	Uniform-Interior-C1alpha-Estimates-for-Infinity-Harmonic-Functions-October-4-2026/build/manuscript/main.tex	1	1	0	0	0	12	0	27	28	partial-differential-equations/377-interior-c-1-regularity-for-infinity-harmonic-functions.md
