name	role	fams	fam_title_fams	ms_title_dirs	env_title_fams	decl	body_fams	bib_fams	cap	mid	low	variants	page
aamand	citation	1					1	1	1	0	0	Aamand	
aanderaa	citation	1					0	1	0	0	0		
aaronson	citation	3					2	2	11	4	0	Aaronson	
abbe	citation	4					4	4	10	5	0	Abbe	
abdedou	citation	1					1	1	1	0	0	Abdedou	
abdi	citation	2					2	2	5	1	0	Abdi	
abdulali	citation	1					1	1	8	6	0	Abdulali|Abdulali's	
abhinandan	citation	1					0	1	0	0	0		
abhyankar	subject	6				OAI.AbhyankarSathaye.exists_noncoordinate_polynomial|OAI.AbhyankarSathaye.CommutingDerivations.commuting_derivations_with_ordinary_extras	6	0	56	49	22	Abhyankar	names/abhyankar.md
abiad	citation	1					1	1	2	0	0	Abiad	
abouzaid	citation	2					2	2	10	3	0	Abouzaid|Abouzaid's	
abraham	citation	1					1	1	3	0	0	Abraham	
abrahamsen	citation	1					0	1	0	0	0		
abramovich	citation	8					4	8	7	6	0	Abramovich	
abrego	citation	1					1	1	1	1	0	Abrego	
abreu	citation	3					3	3	8	6	0	Abreu|Abreu's	
abu-khazneh	citation	1					0	1	0	0	0		
accardi	citation	1					0	1	0	0	0		
achinger	citation	1					0	1	0	0	1		
achlioptas	citation	1					1	1	1	0	0	Achlioptas	
acquistapace	citation	1					1	1	1	0	0	Acquistapace	
adajar	citation	1					1	1	2	0	0	Adajar	
adamczak	citation	1					0	1	0	0	2		
adamek	citation	1					0	1	0	0	0		
adamo	citation	1					0	1	0	0	0		
adams	subject	14			302|308|309|318		11	7	160	123	7	Adams|Adams's	names/adams.md
addington	citation	1					1	1	6	2	0	Addington|Addington's	
adeogun	citation	1					1	1	2	0	0	Adeogun	
adhikari	citation	1					1	1	3	0	0	Adhikari	
adiprasito	citation	2					2	2	2	1	0	Adiprasito	
affleck	citation	1					1	1	3	1	0	Affleck	
agama	citation	1					1	1	2	1	0	Agama's|Agama	
agarwal	citation	3					3	3	4	1	0	Agarwal	
aggarwal	citation	1					1	1	1	1	0	Aggarwal	
agler	citation	1					0	1	0	0	0		
agmon	citation	4					4	2	12	8	3	Agmon	
agnoletto	citation	1					1	1	2	0	0	Agnoletto	
agol	citation	4					4	2	23	0	0	Agol|Agol's	
agoston	citation	1					0	1	0	0	0		
agrawal	citation	4					3	2	6	3	0	Agrawal	
aharoni	subject	4			181		4	4	19	11	3	Aharoni|Aharoni's	names/aharoni.md
ahlberg	subject	2			212		2	2	18	5	0	Ahlberg	names/ahlberg.md
ahlfors	subject	12			081		12	5	43	23	0	Ahlfors	names/ahlfors.md
ahlswede	citation	3					2	2	3	2	0	Ahlswede|Ahlswede's	
ahmadinejad	citation	1					1	1	1	0	0	Ahmadinejad	
aichholzer	citation	1					1	1	3	2	0	Aichholzer	
aichinger	citation	1					0	1	0	0	0		
aidekon	citation	1					0	1	0	0	0		
ailon	citation	1					1	1	2	0	4	Ailon's|Ailon	
aizenman	citation	19					18	15	78	43	1	Aizenman	
ajtai	citation	7					7	7	21	11	0	Ajtai	
akbari	citation	1					1	1	2	0	0	Akbari	
akbas	citation	1					1	1	2	1	0	Akbas	
akbulut	citation	1					0	1	0	0	0		
akemann	citation	4					4	2	18	7	0	Akemann|Akemann's	
akhmedov	citation	1					1	1	3	2	0	Akhmedov|Akhmedov's	
akian	citation	1					0	1	0	0	0		
al-mniny	citation	1					0	1	0	0	0		
al-zaleq	citation	1					0	1	0	0	0		
alanis-lopez	citation	1					0	1	0	0	0		
alaoui	citation	5					4	1	31	22	0	Alaoui	
alarcon	citation	1					1	1	1	0	0	Alarcon	
alazard	citation	1					0	1	0	0	0		
albach	citation	1					1	1	2	0	0	Albach's|Albach	
albanese	subject	12			057|058|067		12	1	243	212	42	Albanese	names/albanese.md
albergo	citation	1					0	1	0	0	2		
alberti	citation	3					2	3	8	8	0	Alberti	
alberts	citation	1					1	1	1	1	0	Alberts	
albiac	citation	2					2	1	3	0	0	Albiac	
albin	citation	3					2	2	4	2	0	Albin	
aldaz	citation	2					2	2	3	0	0	Aldaz	
aldous	citation	6					6	2	26	14	3	Aldous|Aldous's	
aleksandrov	citation	3					3	1	6	3	0	Aleksandrov	
alekseev	citation	1					1	1	1	1	0	Alekseev	
alekseevskii	citation	1					1	1	1	1	0	Alekseevskii	
alekseyev	citation	1					1	1	3	2	2	Alekseyev	
aleliunas	citation	1					1	1	1	0	0	Aleliunas	
aleman	citation	1					1	1	1	0	0	Aleman	
alessandrini	citation	1					1	1	2	1	0	Alessandrini	
alexander	citation	29					28	3	63	32	0	Alexander	
alexandrov	subject	5	356	Giglis-distributional-curvature-characterization-of-Alexandrov-spaces-September-24-2026	356|360		5	0	39	33	2	Alexandrov|Alexandrov's	names/alexandrov.md
alexeev	citation	2					2	2	11	0	0	Alexeev	
alford	citation	1					1	1	2	2	0	Alford	
aliaga	citation	1					1	1	2	2	0	Aliaga	
alicki	citation	1					1	1	1	1	0	Alicki	
alishahi	citation	1					1	1	1	1	0	Alishahi	
allamigeon	citation	1					0	1	0	0	0		
allard	citation	5					5	4	28	14	2	Allard|Allard's	
allegretto	citation	1					1	1	2	2	0	Allegretto	
allen	citation	9					9	3	23	9	3	Allen	
allender	citation	1					1	1	2	1	0	Allender	
allouche	citation	1					0	1	0	0	0		
alman	citation	2					2	2	12	4	3	Alman	
almeida	citation	1					0	1	0	0	0		
almgren	citation	3					3	2	18	13	0	Almgren|Almgren's	
alon	citation	18					15	13	52	27	2	Alon|Alon's	
aloni	citation	1					1	1	2	2	0	Aloni	
alonso	citation	1					1	1	1	1	0	Alonso	
alpeev	citation	1					1	1	6	1	0	Alpeev	
alper	citation	1					0	1	0	0	0		
alperin	subject	3	202	The-Blockwise-Alperin-Weight-Conjecture-September-23-2026	202		3	2	25	18	0	Alperin|Alperin's	names/alperin.md
alpert	citation	2					2	1	10	4	0	Alpert|Alpert's	
alpoge	citation	1					1	1	4	2	0	Alpoge	
alspach	citation	1					1	1	2	1	0	Alspach	
altschuler	citation	2					1	2	1	0	1	Altschuler	
alzaleq	citation	1					0	1	0	0	0		
ambainis	citation	3					2	3	7	6	0	Ambainis	
ambro	citation	5					5	5	61	21	0	Ambro|Ambro's	
ambrose	citation	3					2	1	5	3	0	Ambrose|Ambrose's	
ambrosio	citation	11					7	10	20	16	5	Ambrosio	
ambrozio	citation	1					1	1	4	2	0	Ambrozio|Ambrozio's	
ambrus	citation	1					1	1	2	1	0	Ambrus	
ambuhl	citation	1					0	1	0	0	0		
amerik	citation	1					1	1	1	1	0	Amerik	
amico	citation	2					2	1	5	5	0	Amico	
amini	citation	1					1	1	2	2	0	Amini	
amireddy	citation	2					2	2	4	3	0	Amireddy	
amitsur	subject	8			318		7	3	43	34	16	Amitsur	names/amitsur.md
ampere	subject	10			051		10	0	29	26	0	Ampere	names/ampere.md
anand	citation	4					3	3	3	1	0	Anand	
anantharaman	citation	3					2	1	4	0	1	Anantharaman	
anantharaman-delaroche	citation	1					0	1	0	0	0		
anari	citation	4					3	4	26	10	1	Anari	
ancona	citation	1					1	1	1	0	0	Ancona	
anderson	subject	11	261	Absolutely-Continuous-Spectrum-for-Weak-Disorder-Anderson-Models-in-Dimensions-at-Least-Three-September-23-2026|Fixed-energy-universality-for-weak-Anderson-disorder-on-random-regular-graphs-October-5-2026|Pure-Point-Spectrum-for-the-Two-Dimensional-Anderson-Model-at-Every-Positive-Disorder-September-23-2026			11	6	78	47	0	Anderson|Anderson's	names/anderson.md
andersson	citation	4					3	4	6	6	0	Andersson	
ando	citation	3					3	2	7	2	0	Ando	
andoni	citation	2					2	1	14	8	3	Andoni	
andre	citation	7					7	4	78	38	0	Andre|Andre's	
andreatta	citation	2					1	2	1	0	0	Andreatta	
andreotti	citation	3					2	3	2	2	0	Andreotti	
andres	citation	1					1	1	1	1	0	Andres	
andrews	citation	3					1	3	1	0	0	Andrews	
angehrn	citation	1					1	1	5	3	0	Angehrn	
angel	citation	2					2	2	5	2	0	Angel	
anghel	citation	1					1	1	7	1	0	Anghel|Anghel's	
anni	citation	1					0	1	0	0	0		
anosov	subject	3			339		3	2	7	6	0	Anosov|Anosov's	names/anosov.md
anschutz	citation	2					2	2	13	2	3	Anschutz	
anscombe	citation	1					0	1	0	0	0		
anselone	citation	1					0	1	0	0	0		
anshelevich	citation	1					0	1	0	0	1		
anshu	citation	2					2	2	11	5	0	Anshu	
ansorena	citation	2					2	1	2	1	0	Ansorena	
antezana	citation	1					1	1	2	0	0	Antezana	
antinucci	citation	1					1	1	4	0	0	Antinucci	
antoine	citation	5					5	2	10	4	0	Antoine	
antolin	citation	2					2	1	2	0	0	Antolin	
antonelli	citation	2					1	2	1	0	1	Antonelli	
antonini	citation	1					1	1	1	0	0	Antonini	
antoniuk	citation	1					1	1	2	2	0	Antoniuk	
antonov	citation	1					1	1	4	3	0	Antonov|Antonov's	
antunovic	citation	1					1	1	1	0	0	Antunovic	
apery	citation	1					1	1	3	2	0	Apery|Apery's	
appel	citation	1					1	1	1	1	0	Appel	
ara	citation	4					4	3	30	10	0	Ara|Ara's	
arad	citation	2					2	2	8	4	0	Arad	
araki	citation	7					6	2	23	18	0	Araki	
arala	citation	1					1	1	2	2	0	Arala	
arana-herrera	citation	1					0	1	0	0	0		
araujo	citation	6					2	5	2	1	0	Araujo	
ardakov	citation	1					0	1	0	0	0		
arens	citation	2					2	1	5	4	0	Arens	
aretakis	citation	1					0	1	0	0	0		
arguz	citation	1					1	1	1	0	0	Arguz	
argyros	citation	2					2	2	3	2	0	Argyros	
arias	citation	2					2	1	2	1	0	Arias	
arias-castro	citation	1					0	1	0	0	0		
arias-de-reyna	citation	1					0	1	0	0	0		
arinkin	citation	2					2	1	17	8	0	Arinkin	
arkhipov	citation	2					2	1	9	5	0	Arkhipov	
arman	citation	1					1	1	1	0	0	Arman	
armand	citation	2					2	1	3	0	0	Armand	
armoni	citation	1					1	1	1	1	0	Armoni	
armstrong	citation	2					1	1	2	0	0	Armstrong	
arnaud	citation	4					4	1	7	3	0	Arnaud	
arnold	subject	9	347	A-degenerate-counterexample-to-the-critical-number-Arnold-bound-September-23-2026|A-nondegenerate-counterexample-to-the-Morse-number-Arnold-bound-September-23-2026	059	OAI.ArnoldCounterexample.main	8	2	75	50	4	Arnold|Arnold's	names/arnold.md
arnoux	citation	1					1	1	1	1	0	Arnoux	
arnowitt	citation	1					0	1	0	0	0		
aronov	citation	2					2	2	2	1	0	Aronov	
aronow	citation	1					1	1	4	3	0	Aronow	
aronson	citation	1					1	1	2	2	0	Aronson	
aronszajn	citation	4					4	3	12	3	0	Aronszajn|Aronszajn's	
arora	citation	6					4	6	15	11	0	Arora|Arora's	
arratia	citation	2					1	2	2	1	0	Arratia	
artebani	citation	1					0	1	0	0	0		
arthur	subject	8	014	Global-Arthur-Enhancements-of-Cuspidal-Excursion-Parameters-October-5-2026|Ramanujan-Arthur-Decompositions-of-Cuspidal-Functions-at-Full-Finite-Level-September-24-2026|Rationality-of-the-Canonical-Unramified-Arthur-Filtration-September-24-2026	014		5	5	77	53	12	Arthur|Arthur's	names/arthur.md
artin	subject	34	029|254	An-Artin-group-with-no-geometric-CAT-0-action-September-23-2026|Harmonic-heights-and-the-Artin-K-pi-1-conjecture-September-23-2026|Parabolic-intersections-in-Artin-groups-September-23-2026	004|006|254|318	OAI.ArtinCAT0.main|OAI.HarmonicArtin.salvetti_cover_contractible	32	6	404	319	36	Artin|Artin's	names/artin.md
artinian	subject	16		Commuting-Division-Coefficient-Forms-and-the-Artinian-Eisenbud-Green-Harris-Conjecture-September-23-2026|The-Artinian-Lex-Plus-Powers-Betti-Theorem-September-23-2026	200		16	0	81	71	2	Artinian	names/artinian.md
artstein	citation	4					4	1	9	4	0	Artstein	
artstein-avidan	citation	2					0	2	0	0	0		
artuso	citation	1					0	1	0	0	0		
aru	citation	5					3	4	11	6	0	Aru|ARu	
arvanitakis	citation	1					0	1	0	0	0		
arveson	citation	7					7	4	25	9	0	Arveson|Arveson's	
arvind	citation	2					2	1	5	1	0	Arvind	
arya	citation	1					1	1	4	3	0	Arya	
arzhantseva	citation	1					1	1	2	2	1	Arzhantseva	
asadpour	citation	1					0	1	0	0	0		
asano	citation	1					1	1	4	4	0	Asano|Asano's	
aschbacher	citation	4					3	3	18	9	1	Aschbacher|Aschbacher's	
aschenbrenner	citation	2					2	2	5	3	0	Aschenbrenner	
ascoli	citation	26					26	1	45	40	0	Ascoli	
ashkin	subject	1	233	The-joint-scaling-limit-of-critical-Ashkin-Teller-currents-October-6-2026			1	1	10	8	0	Ashkin	names/ashkin.md
aspinwall	citation	1					1	1	4	2	0	Aspinwall|Aspinwall's	
aspuru-guzik	citation	1					0	1	0	0	0		
assani	citation	1					1	1	8	4	0	Assani	
asselle	citation	1					1	1	1	0	0	Asselle	
astala	citation	5					2	3	6	3	0	Astala	
atar	citation	1					1	1	1	0	0	Atar	
athanasiadis	citation	1					1	1	1	0	0	Athanasiadis	
athreya	citation	1					1	1	1	1	0	Athreya	
atiyah	subject	19			032		16	10	95	67	6	Atiyah|Atiyah's	names/atiyah.md
atkin	citation	3					3	1	28	24	0	Atkin	
atobe	citation	1					0	1	0	0	0		
atserias	citation	1					1	1	1	1	0	Atserias	
atzmon	citation	1					1	1	1	0	0	Atzmon	
aubert	citation	1					0	1	0	0	0		
aubin	citation	6					6	3	20	17	0	Aubin	
auel	citation	1					1	1	1	0	0	Auel	
auffinger	citation	6					6	4	30	16	0	Auffinger	
auinger	citation	1					1	1	5	4	0	Auinger	
aumann	citation	1					1	1	3	0	0	Aumann	
aurenhammer	citation	1					1	1	2	2	0	Aurenhammer	
auroux	citation	1					0	1	0	0	0		
auslander	subject	4	199	An-explicit-counterexample-to-the-Auslander-Reiten-conjecture-September-23-2026			4	1	26	24	0	Auslander|Auslander's	names/auslander.md
austin	citation	7					5	7	31	12	0	Austin|Austin's	
austrin	citation	2					2	2	8	4	0	Austrin	
authors	citation	54					18	41	29	16	13	Authors	
avila	citation	1					1	1	4	3	0	Avila	
avizienis	citation	1					1	1	1	1	0	Avizienis	
avramidi	citation	1					1	1	1	0	0	Avramidi	
awerbuch	citation	1					1	1	1	1	0	Awerbuch	
azar	citation	1					1	1	3	2	0	Azar	
azuma	citation	4					3	2	11	7	8	Azuma	
azzam	citation	1					0	1	0	0	0		
babai	citation	5					5	3	5	2	0	Babai	
babaioff	citation	1					1	1	1	1	0	Babaioff	
babichenko	citation	1					1	1	4	3	0	Babichenko	
baccari	citation	1					0	1	0	0	0		
bacharach	subject	1			200		1	0	7	5	1	Bacharach	names/bacharach.md
bacher	citation	1					0	1	0	0	0		
backhausz	citation	2					2	2	10	8	0	Backhausz	
backurs	citation	1					1	1	1	1	0	Backurs	
baddeley	citation	1					1	1	6	4	0	Baddeley	
bafna	citation	1					1	1	1	0	0	Bafna	
bahri	citation	1					0	1	0	0	0		
bai	citation	5					5	2	31	13	0	Bai|Bai's	
baik	citation	2					2	1	4	1	0	Baik	
baily	citation	5					5	3	11	9	0	Baily	
baire	subject	25			264		25	0	89	79	8	Baire|Baire's	names/baire.md
bakalov	citation	1					0	1	0	0	0		
baker	citation	12					11	4	31	24	0	Baker	
bakker	citation	6					5	5	17	11	1	Bakker	
bakry	citation	6					5	4	14	11	3	Bakry	
bal	citation	1					1	1	1	0	0	Bal	
balaji	citation	1					1	1	1	0	0	Balaji	
baldoni	citation	1					0	1	0	0	0		
baldwin	citation	1					1	1	2	2	0	Baldwin	
balister	citation	1					1	1	6	1	0	Balister	
ballard	citation	1					1	1	1	1	0	Ballard	
ballmann	citation	2					2	2	4	0	0	Ballmann	
balmer	citation	5					5	3	32	20	2	Balmer|Balmer's	
balnojan	citation	1					0	1	0	0	0		
balodis	citation	1					1	1	1	1	0	Balodis	
balog	citation	5					5	3	8	6	0	Balog	
balogh	citation	1					1	1	2	1	0	Balogh	
bamler	citation	2					2	2	9	4	0	Bamler|Bamler's	
banach	subject	71	144|328	Fixed-Points-of-Nonexpansive-Maps-in-Reflexive-Banach-Spaces-September-24-2026|Lipschitz-Equivalent-Separable-Banach-Spaces-Need-Not-Be-Linearly-Isomorphic-September-24-2026	098|313	OAI.CompactBanach.main	71	0	411	367	8	Banach|Banach's	names/banach.md
banakh	citation	2					2	1	11	4	0	Banakh	
banaschewski	citation	1					1	1	1	0	0	Banaschewski	
banaszczyk	citation	2					2	1	9	7	0	Banaszczyk|Banaszczyk's	
bandeira	citation	3					3	3	9	3	0	Bandeira	
bando	citation	2					2	1	5	4	0	Bando|Bando's	
bandtlow	citation	1					0	1	0	0	0		
bandyopadhyay	citation	1					0	1	0	0	0		
banerjee	citation	2					2	1	3	1	0	Banerjee	
bang	subject	1	100				1	1	9	6	0	Bang|Bang's	names/bang.md
bangert	citation	2					2	2	3	3	0	Bangert|Bangert's	
baniabedalruhman	citation	1					1	1	1	1	0	Baniabedalruhman	
banica	citation	1					1	1	4	2	0	Banica	
banihashem	citation	1					1	1	2	1	0	Banihashem	
bansal	citation	8					5	6	8	6	0	Bansal	
banuelos	citation	1					1	1	2	1	0	Banuelos	
bar-yossef	citation	2					0	2	0	0	0		
barahona	citation	1					1	1	1	0	0	Barahona	
barak	citation	4					4	2	15	10	0	Barak	
baraniuk	citation	1					0	1	0	0	0		
baranovsky	citation	1					0	1	0	0	0		
barany	citation	2					2	2	6	4	0	Barany|Barany's	
barat	citation	2					2	2	2	0	0	Barat	
bardwell-evans	citation	1					0	1	0	0	0		
barg	citation	1					1	1	2	2	0	Barg	
bargmann	citation	4					4	1	14	13	12	Bargmann	
barker	subject	1			179		1	0	14	12	5	Barker	names/barker.md
barlet	citation	4					4	3	15	7	0	Barlet|Barlet's	
barlotti	citation	1					1	1	2	1	0	Barlotti	
barnes	citation	1					1	1	1	0	0	Barnes	
barnet-lamb	citation	2					0	2	0	0	0		
barnette	subject	1	180				1	0	8	7	0	Barnette's|Barnette	names/barnette.md
barnum	citation	1					1	1	1	1	0	Barnum	
barr	citation	1					0	1	0	0	7		
barra	citation	1					1	1	1	1	0	Barra	
barraud	citation	1					1	1	2	1	0	Barraud's|Barraud	
barrett	citation	2					2	2	16	6	0	Barrett|Barrett's	
barrios	citation	1					0	1	0	0	0		
barroero	citation	1					1	1	3	2	0	Barroero	
barsky	citation	2					2	2	4	4	0	Barsky	
bartal	citation	2					1	1	2	1	0	Bartal	
bartels	citation	3					2	1	5	1	0	Bartels	
barth	citation	3					2	1	2	1	0	Barth	
barthe	citation	4					2	3	5	2	0	Barthe	
barthel	subject	8			318		8	6	33	18	0	Barthel	names/barthel.md
bartlett	citation	3					0	3	0	0	0		
bartnik	citation	2					2	2	28	16	0	Bartnik|Bartnik's	
barto	citation	1					0	1	0	0	0		
bartolo	citation	1					0	1	0	0	0		
barvinok	citation	3					3	2	8	0	0	Barvinok	
barzegar	citation	1					1	1	1	1	0	Barzegar	
basile	citation	1					1	1	1	0	0	Basile	
bass	subject	16	207	The-Bass-trace-conjecture-for-complex-group-rings-September-24-2026|The-l1-Bass-Conjecture-for-Discrete-Groups-October-5-2026		OAI.BassTrace.RightProjective.bassTraceModules_vanishing_and_support	16	4	64	47	10	Bass|Bass's	names/bass.md
basset	citation	1					1	1	2	1	0	Basset	
bassily	citation	1					1	1	1	1	0	Bassily	
basterra	citation	5					3	3	3	1	1	Basterra	
basti	citation	1					1	1	10	2	0	Basti	
basu	citation	4					3	4	3	2	0	Basu	
bataineh	citation	1					0	1	0	0	0		
bate	citation	3					2	2	5	3	0	Bate	
bateman	citation	2					2	2	8	4	0	Bateman|Bateman's	
bates	citation	2					2	1	5	4	0	Bates	
batista	citation	1					1	1	1	0	0	Batista	
batson	citation	1					0	1	0	0	0		
batu	citation	2					2	2	6	0	0	Batu	
baudier	citation	2					2	1	24	5	0	Baudier|Baudier's	
bauer	citation	7					5	4	13	1	0	Bauer|Bauer's	
bauerschmidt	citation	5					5	3	34	11	0	Bauerschmidt	
baum	subject	6	285	A-Torsion-Free-Counterexample-to-Reduced-Baum-Connes-Injectivity-September-23-2026|An-Irrational-Trace-Counterexample-to-Reduced-Baum-Connes-September-23-2026			4	3	33	27	0	Baum	names/baum.md
baumann	citation	1					0	1	0	0	0		
baumslag	subject	3		Baumslag-Solitar-free-one-relator-groups-are-hyperbolic-September-25-2026			3	2	29	26	0	Baumslag	names/baumslag.md
bautin	citation	1					1	1	2	1	0	Bautin's|Bautin	
bavarian	citation	1					1	1	1	0	0	Bavarian	
baxter	citation	4					4	1	62	53	0	Baxter|Baxter's	
bayati	citation	2					2	1	3	0	1	Bayati	
bayer	citation	4					4	4	16	14	0	Bayer|Bayer's	
bayes	subject	15			229		15	0	37	14	5	Bayes|Bayes's	names/bayes.md
bazzanella	citation	1					1	1	1	0	0	Bazzanella	
bazzi	citation	1					1	1	2	2	0	Bazzi's|Bazzi	
beals	citation	1					1	1	1	0	0	Beals	
beaudry	citation	2					2	2	18	8	1	Beaudry	
beauville	citation	11					11	5	71	30	0	Beauville|Beauville's	
beck	citation	4					4	2	7	4	4	Beck|Beck's	
beckenbach	citation	1					1	1	2	2	0	Beckenbach	
becker	citation	1					1	1	1	1	0	Becker	
beckner	citation	2					2	1	9	5	0	Beckner	
beelen	citation	1					0	1	0	0	0		
beffara	citation	4					4	3	15	6	1	Beffara	
behague	citation	1					1	1	1	1	0	Behague	
behera	citation	2					2	2	2	2	0	Behera	
behncke	citation	1					1	1	2	1	0	Behncke	
behrend	citation	11					9	7	22	13	2	Behrend|Behrend's	
behrens	citation	3					2	2	7	2	0	Behrens	
behzad	citation	1					1	1	1	1	0	Behzad	
beig	citation	1					1	1	1	1	0	Beig	
beigel	citation	2					2	2	3	2	0	Beigel	
beigi	citation	2					2	1	5	0	0	Beigi	
beikmohammadi	citation	1					1	1	2	2	0	Beikmohammadi	
beilinson	citation	9					7	4	33	18	0	Beilinson|Beilinson's	
beirami	citation	1					1	1	3	3	0	Beirami	
bekka	citation	5					4	5	13	2	0	Bekka	
beliaev	citation	4					4	3	10	5	2	Beliaev|Beliaev's	
belk	subject	1			250		1	1	7	3	0	Belk	names/belk.md
belkale	citation	2					2	2	3	1	0	Belkale	
bell	citation	11					10	3	15	13	2	Bell	
bellaiche	citation	1					1	1	2	2	0	Bellaiche	
bellare	citation	2					2	2	5	3	0	Bellare	
bellazzini	citation	1					0	1	0	0	0		
bellido	citation	1					1	1	1	0	0	Bellido	
bellman	citation	4					4	1	20	15	5	Bellman|Bellman's	
belovs	citation	1					1	1	1	1	0	Belovs	
beltran	citation	2					2	2	5	4	0	Beltran	
ben-david	citation	2					0	2	0	0	0		
ben-dov	citation	1					0	1	0	0	0		
ben-eliezer	citation	2					0	2	0	0	0		
ben-zvi	citation	1					0	1	0	0	0		
bendel	citation	1					0	1	0	0	0		
benedetti	citation	1					0	1	0	0	0		
bengtsson	citation	1					1	1	1	0	0	Bengtsson	
benguria	citation	2					2	2	7	3	0	Benguria	
benilan	citation	1					1	1	1	1	0	Benilan	
benjamini	subject	8	214				8	7	35	17	0	Benjamini|Benjamini's	names/benjamini.md
bennett	citation	13					12	9	78	42	1	Bennett|Bennett's	
benoist	citation	3					2	3	3	2	0	Benoist	
benson	subject	2	208				1	2	8	5	0	Benson	names/benson.md
benyamini	citation	1			248		1	1	3	2	0	Benyamini	
bera	citation	3					3	2	8	3	0	Bera	
beraldo	citation	2					2	1	5	3	0	Beraldo	
berele	citation	1					1	1	5	5	0	Berele	
berenstein	citation	2					1	2	1	1	0	Berenstein	
beresnevich	citation	1					1	1	4	1	0	Beresnevich	
berestycki	citation	2					1	2	17	10	0	Berestycki	
berezinskii	citation	2					2	2	28	18	0	Berezinskii|Berezinskii's	
bereznyuk	citation	2					2	2	6	5	0	Bereznyuk|Bereznyuk's	
berg	citation	6					6	1	15	13	0	Berg	
berge	citation	1					1	1	3	2	0	Berge|Berge's	
bergelson	citation	4					4	2	17	6	0	Bergelson|Bergelson's	
berger	citation	12					11	7	51	20	2	Berger|Berger's	
bergeron	citation	3					3	1	6	2	0	Bergeron	
bergfalk	citation	1					0	1	0	0	0		
bergholtz	citation	1					1	1	1	1	0	Bergholtz	
bergman	subject	9			058		9	0	39	35	7	Bergman	names/bergman.md
bergstrom	subject	1	097	The-Euclidean-Steinitz-Bergstrom-theorem-September-24-2026	097	OAI.EuclideanSteinitzBergstrom.main	1	1	6	5	0	Bergstrom	names/bergstrom.md
berkholz	citation	1					1	1	4	1	0	Berkholz|Berkholz's	
berlekamp	citation	3					3	1	17	10	3	Berlekamp|Berlekamp's	
berline	citation	2					0	2	0	0	0		
berman	citation	6					5	5	7	2	0	Berman	
bernal	citation	1					1	1	1	1	0	Bernal	
bernard	citation	4					4	1	6	3	0	Bernard	
bernardara	citation	2					1	2	1	0	0	Bernardara	
bernardi	citation	1					1	1	26	16	0	Bernardi|Bernardi's	
berndtsson	citation	7					6	6	15	7	0	Berndtsson|Berndtsson's	
bernoulli	subject	72	153|367	Arithmetic-classification-and-non-Pisot-singularity-for-Bernoulli-convolutions-October-3-2026|The-critical-dimension-for-one-phase-Bernoulli-minimizers-September-24-2026|The-sharp-exponential-rate-of-singularity-for-symmetric-Bernoulli-matrices-October-3-2026			72	0	294	271	9	Bernoulli|Bernoulli's	names/bernoulli.md
bernstein	subject	38	353	The-affine-Bernstein-theorem-in-dimensions-three-through-nine-September-24-2026	090|348		35	10	225	177	75	Bernstein|Bernstein's	names/bernstein.md
berrick	citation	1			207		1	1	7	2	0	Berrick	
berrut	citation	1					0	1	0	0	0		
bers	citation	3					2	2	2	1	0	Bers	
berta	citation	1					0	1	0	0	0		
berthelot	citation	3					3	1	8	2	0	Berthelot	
bertilsson	citation	1					1	1	7	3	0	Bertilsson|Bertilsson's	
bertoin	citation	1					1	1	3	0	0	Bertoin	
bertolini	citation	1					1	1	14	8	0	Bertolini	
bertrand	citation	10					10	1	12	7	0	Bertrand's|Bertrand	
bertsekas	citation	2					1	2	2	1	0	Bertsekas	
berz	citation	1					0	1	0	0	0		
besicovitch	citation	4					4	1	14	11	0	Besicovitch|Besicovitch's	
besse	citation	2					1	2	4	1	0	Besse	
bessel	subject	28			078|081|086|093		28	0	195	154	51	Bessel|Bessel's	names/bessel.md
bessenrodt	citation	2					1	1	11	2	1	Bessenrodt	
besser	citation	2					0	2	0	0	0		
besson	citation	1					1	1	1	1	0	Besson	
bestvina	citation	7					7	2	19	12	0	Bestvina	
betermin	citation	1					1	1	4	3	0	Betermin	
bethuel	citation	2					2	2	4	2	0	Bethuel|Bethuel's	
betti	subject	42		The-Artinian-Lex-Plus-Powers-Betti-Theorem-September-23-2026			42	0	429	391	31	Betti	names/betti.md
bettinelli	citation	1					0	1	0	0	0		
betts	citation	1					1	1	6	6	0	Betts	
beukers	citation	2					2	2	3	3	0	Beukers|Beukers's	
beurling	citation	6					6	1	41	30	0	Beurling|Beurling's	
bevilacqua	citation	1					0	1	0	0	0		
bezakova	citation	2					2	2	2	1	0	Bezakova	
bezdek	citation	1					1	1	23	7	0	Bezdek|Bezdek's	
bezrukavnikov	citation	2					2	2	35	11	8	Bezrukavnikov|Bezrukavnikov's	
bharadwaj	citation	1					1	1	2	1	0	Bharadwaj	
bhargav	citation	1					1	1	1	0	0	Bhargav	
bhargava	citation	4					4	2	12	5	0	Bhargava|Bhargava's	
bhatia	citation	2					0	2	0	0	0		
bhatnagar	citation	3					3	3	7	5	0	Bhatnagar	
bhatt	citation	6					3	4	11	4	0	Bhatt	
bhattacharya	citation	5					4	3	15	8	1	Bhattacharya	
bialy	citation	1					1	1	8	4	0	Bialy|Bialy's	
bianchi	subject	7			348		7	1	64	47	9	Bianchi|Bianchi's	names/bianchi.md
biane	citation	2					2	1	3	0	0	Biane	
bidaut-veron	citation	1					0	1	0	0	0		
bien	citation	2					0	2	0	0	1		
bieri	citation	3					3	2	10	3	0	Bieri|Bieri's	
bierstone	citation	7					3	5	11	2	0	Bierstone	
bigorgne	citation	1					1	1	6	5	0	Bigorgne	
billerey	citation	1					1	1	2	2	0	Billerey	
billingsley	citation	3					3	2	7	1	0	Billingsley	
billoire	citation	1					1	1	10	5	0	Billoire|Billoire's	
bima	citation	1					0	1	0	0	0		
bindini	citation	1					1	1	1	0	0	Bindini	
bing	citation	1					1	1	8	8	0	Bing	
bingham	citation	1					1	1	3	3	0	Bingham	
bini	citation	1					1	1	8	6	0	Bini|Bini's	
binyamini	citation	1					1	1	1	0	0	Binyamini	
biquard	citation	2					1	2	4	1	0	Biquard	
biran	citation	2					2	1	25	11	0	Biran|Biran's	
birch	subject	3	002	Exact-Birch-Swinnerton-Dyer-Formula-from-Low-Selmer-Corank-October-7-2026|The-two-primary-Birch-Swinnerton-Dyer-formula-in-Selmer-corank-at-most-one-October-6-2026			3	3	84	66	0	Birch	names/birch.md
birk	citation	1					1	1	1	1	0	Birk	
birkar	citation	8					7	8	158	48	2	Birkar|Birkar's	
birkhoff	subject	7	147				7	2	33	17	0	Birkhoff|Birkhoff's	names/birkhoff.md
bishnoi	citation	1					1	1	1	0	0	Bishnoi	
bishop	citation	10					10	2	31	18	6	Bishop|Bishop's	
biskup	citation	1					0	1	0	0	0		
bisognano	citation	1					1	1	2	1	0	Bisognano	
biswas	citation	2					2	1	4	1	0	Biswas	
bizeul	citation	1					1	1	6	0	0	Bizeul|Bizeul's	
bjorklund	citation	2					1	2	3	1	0	Bjorklund	
bjorn	citation	1					0	1	0	0	0		
bjornberg	citation	1					1	1	2	0	0	Bjornberg	
bjorner	citation	3					3	1	3	1	0	Bjorner	
blackadar	citation	9					8	7	37	8	0	Blackadar	
blackwell	citation	1					0	1	0	0	0		
blanc	citation	6					5	3	20	6	2	Blanc	
blanchard	citation	5					3	3	4	2	0	Blanchard	
blaschke	subject	8	344	The-metric-Blaschke-theorem-September-23-2026	344		8	1	50	47	8	Blaschke|Blaschke's	names/blaschke.md
blasco-garcia	citation	1					0	1	0	0	0		
blasiak	citation	2					2	2	4	3	0	Blasiak	
blass	citation	2					2	2	12	7	0	Blass	
blatt	citation	2					2	1	5	0	0	Blatt	
blazquez-sanz	citation	1					0	1	0	0	0		
bleak	citation	1					1	1	1	1	0	Bleak	
bleher	citation	5					5	3	7	3	0	Bleher	
bleiler	citation	1					1	1	2	1	0	Bleiler's|Bleiler	
blekherman	citation	1					1	1	1	1	3	Blekherman	
blickle	citation	1					1	1	1	1	2	Blickle	
bloch	subject	9	040|271		040|271		7	7	70	51	18	Bloch|Bloch's	names/bloch.md
blokhuis	citation	1					1	1	1	1	0	Blokhuis	
blomme	citation	1					1	1	7	1	0	Blomme	
bloom	citation	5					3	4	17	8	0	Bloom	
bluestein	citation	2					2	2	7	2	0	Bluestein's|Bluestein	
blufstein	citation	1					1	1	3	0	0	Blufstein	
blum	citation	9					7	8	18	9	0	Blum	
blumberg	citation	3					3	2	5	2	0	Blumberg	
bobadilla	citation	2					2	1	8	8	0	Bobadilla	
boban	citation	1					1	1	8	3	0	Boban	
bobkov	citation	4					4	4	10	3	0	Bobkov|Bobkov's	
bobkova	citation	1					1	1	1	1	1	Bobkova	
boccato	citation	1					1	1	2	1	0	Boccato	
bochev	citation	1					0	1	0	0	0		
bochnak	citation	2					1	1	1	0	0	Bochnak	
bochner	subject	25	078	Bochner-Riesz-Multipliers-in-Three-Dimensions-September-24-2026	078|079|357|367		25	2	126	105	64	Bochner|Bochner's	names/bochner.md
bockle	citation	2					2	2	5	3	0	Bockle	
bockstein	subject	6			002|059		6	0	85	74	14	Bockstein	names/bockstein.md
bodineau	citation	2					2	2	9	6	0	Bodineau	
boffi	citation	1					0	1	0	0	0		
bogart	citation	1					0	1	0	0	0		
bogdanov	citation	2					2	1	7	5	0	Bogdanov	
bogelein	citation	1					0	1	0	0	0		
boggi	citation	1					0	1	0	0	1		
bogoliubov	citation	2					2	1	24	16	2	Bogoliubov|Bogoliubov's	
bogolubov	citation	1					1	1	1	1	0	Bogolubov	
bogomolov	subject	16	009	The-Bogomolov-Pop-reconstruction-theorem-September-23-2026	009|057		16	6	116	74	0	Bogomolov|Bogomolov's	names/bogomolov.md
bohman	citation	2					2	2	3	1	0	Bohman	
bohmler	citation	1					1	1	2	1	0	Bohmler	
bohning	citation	1					1	1	1	1	0	Bohning	
bois	citation	3					3	1	38	38	0	Bois	
bojarski	citation	1					1	1	1	1	0	Bojarski	
bokstedt	citation	1					0	1	0	0	0		
bol	citation	2					2	1	60	36	6	Bol	
bollobas	citation	10					9	7	21	10	0	Bollobas|Bollobas's	
bolotov	citation	1					1	1	3	2	2	Bolotov	
bolthausen	citation	4					4	3	29	16	0	Bolthausen|Bolthausen's	
boltje	citation	1					1	1	2	1	0	Boltje	
boltzmann	subject	8	363|364	Hard-sphere-fluctuations-on-the-regular-Boltzmann-lifespan-September-23-2026|Nonuniqueness-for-the-periodic-hard-sphere-Boltzmann-equation-September-23-2026|Nonuniqueness-with-local-conservation-for-the-hard-sphere-Boltzmann-equation-October-5-2026|The-Boltzmann-Grad-limit-for-stable-radial-potentials-on-regular-kinetic-intervals-September-23-2026			8	1	66	58	4	Boltzmann|Boltzmann's	names/boltzmann.md
bombelli	citation	1					1	1	1	0	0	Bombelli	
bombieri	citation	9					8	7	31	21	1	Bombieri|Bombieri's	
bonahon	citation	1					1	1	2	0	0	Bonahon	
bonami	citation	5					5	4	20	10	0	Bonami|Bonami's	
bonatti	citation	1					0	1	0	0	0		
bonavero	citation	1					1	1	4	1	0	Bonavero	
bondarenko	citation	1					1	1	3	1	0	Bondarenko	
bondi	subject	1		Area-controlled-end-replacement-and-the-Bondi-Penrose-inequality-in-the-CKS-class-September-27-2026	260		1	0	19	16	5	Bondi	names/bondi.md
bondy	citation	1					1	1	2	1	0	Bondy	
boney	citation	1					1	1	3	1	0	Boney	
bonk	citation	2			246		1	1	5	0	0	Bonk	
bonnafe	citation	1					1	1	7	3	0	Bonnafe	
bonnet	citation	12					12	1	25	22	5	Bonnet	
bonsma	citation	1					0	1	0	0	0		
bony	citation	1					1	1	3	2	0	Bony	
boolean	subject	65	283	Beyond-the-Square-Root-Exponent-for-Depth-Three-Boolean-Circuits-September-23-2026|Hellinger-contraction-with-arbitrary-Boolean-output-bias-September-24-2026|Polynomial-Time-Unitary-Synthesis-from-a-Boolean-Oracle-October-5-2026	092|119|127|134|136|159|192|206		65	0	678	596	28	Boolean	names/boolean.md
boone	subject	1	250	Finite-algebraic-envelopes-and-the-Boone-Higman-conjecture-September-23-2026			1	1	13	11	0	Boone	names/boone.md
borade	citation	2					0	2	0	0	0		
borcea	citation	3					3	2	8	6	0	Borcea	
borchers	citation	1					1	1	6	3	0	Borchers	
bordenave	citation	2					1	1	4	1	0	Bordenave	
borel	subject	140	320		071|072|140|308		137	10	1978	1795	62	Borel|Borel's	names/borel.md
borell	citation	7					6	4	21	7	0	Borell|Borell's	
borga	citation	1					0	1	0	0	0		
borges	citation	2					2	2	2	0	0	Borges	
borghini	citation	1					1	1	4	4	0	Borghini	
borgs	citation	2					2	1	3	1	0	Borgs	
borisov	citation	2					2	1	3	0	0	Borisov	
boroczky	citation	4					2	3	6	1	0	Boroczky	
borodin	citation	3					3	1	4	2	0	Borodin	
borodzik	citation	1					0	1	0	0	0		
boros	citation	2					1	2	6	3	0	Boros	
borsuk	subject	2	156			OAI.BorsukNine.main_theorem	2	1	9	7	0	Borsuk's|Borsuk	names/borsuk.md
borwein	citation	2					1	1	2	1	0	Borwein	
bos	citation	2					1	1	2	1	0	Bos	
bosa	citation	2					2	1	7	4	0	Bosa	
bosch	citation	8					4	6	8	5	0	Bosch	
bosco	citation	1					0	1	0	0	0		
bose	subject	3	267	A-density-uniform-condensate-bound-for-dilute-Bose-gases-September-27-2026|Bose-Einstein-condensation-at-positive-temperature-in-the-dilute-hard-sphere-gas-October-5-2026|Quantum-Depletion-and-Momentum-Distribution-in-the-Dilute-Hard-Sphere-Bose-Gas-October-5-2026			3	1	54	51	0	Bose|Bose's	names/bose.md
bost	citation	4					3	2	10	3	0	Bost|Bost's	
bostan	citation	1					1	1	3	3	0	Bostan	
botler	citation	1					1	1	1	0	0	Botler	
bott	subject	14			034|285		12	5	349	313	16	Bott|Bott's	names/bott.md
botta	citation	1					1	1	1	1	0	Botta	
bouc	citation	1					1	1	2	1	0	Bouc	
boucher	citation	1					1	1	1	0	0	Boucher	
boucheron	citation	4					3	2	3	0	0	Boucheron	
bouchet	citation	1					1	1	2	0	0	Bouchet	
bouchut	citation	1					1	1	1	1	0	Bouchut	
boucksom	citation	8					7	7	52	14	0	Boucksom|Boucksom's	
boue	citation	2					2	2	4	3	0	Boue	
boulton	citation	1					0	1	0	0	0		
bourbaki	citation	9					9	1	30	22	0	Bourbaki	
bourgade	citation	1					1	1	3	2	0	Bourgade	
bourgain	subject	24			077|331		23	17	141	84	4	Bourgain|Bourgain's|BOURGAIN	names/bourgain.md
bourgeat	citation	1					0	1	0	0	0		
bourke	citation	1					1	1	4	0	0	Bourke|Bourke's	
bourne	citation	2					2	2	7	2	0	Bourne	
bousquet	citation	3					2	2	20	9	0	Bousquet	
bousseau	citation	1					1	1	1	1	0	Bousseau	
boutonnet	citation	1					1	1	2	0	0	Boutonnet	
bouyer	citation	1					1	1	1	0	0	Bouyer	
bovier	citation	2					2	1	2	1	0	Bovier	
bowditch	subject	2			315		2	1	25	8	0	Bowditch|Bowditch's	names/bowditch.md
bowen	citation	4					3	2	10	5	7	Bowen	
bowler	citation	1					1	1	9	5	0	Bowler	
boxer	citation	1					1	1	1	0	0	Boxer	
boyd	citation	6			254		1	6	9	5	4	Boyd's|Boyd	
boyer	citation	5					4	3	30	26	0	Boyer	
boykin	citation	2					1	1	3	1	0	Boykin	
braden	citation	2					1	1	10	8	0	Braden	
brady	citation	4					4	2	19	12	0	Brady	
brakensiek	citation	1					1	1	1	0	0	Brakensiek	
brakke	subject	2			355		2	2	10	8	4	Brakke|Brakke's	names/brakke.md
bramson	citation	1					1	1	3	0	0	Bramson	
brandao	citation	1					1	1	2	1	0	Brandao	
branden	subject	6			114		6	5	22	13	1	Branden	names/branden.md
branes	citation	1					0	1	0	0	1		
brannan	citation	2					0	2	0	0	1		
brantner	citation	1					1	1	1	1	0	Brantner	
brascamp	citation	8					7	5	36	26	1	Brascamp	
brassard	citation	4					3	1	7	1	0	Brassard	
bratten	citation	1					0	1	0	0	0		
brauchart	citation	1					1	1	2	2	0	Brauchart	
brauer	citation	16					16	2	136	123	1	Brauer|Brauer's	
braun	citation	5					3	5	7	3	0	Braun	
brav	citation	2					2	2	6	6	0	Brav	
braverman	citation	8					7	6	15	9	0	Braverman|Braverman's	
bravyi	citation	3					3	1	5	1	0	Bravyi	
bray	subject	4			221		3	3	63	33	5	Bray|Bray's	names/bray.md
brech	citation	1					1	1	5	1	0	Brech	
bredon	citation	1					1	1	1	1	0	Bredon	
bregman	citation	3					2	1	3	3	0	Bregman's|Bregman	
brena	citation	2					2	2	12	7	0	Brena	
brendle	citation	4					4	2	18	5	1	Brendle|Brendle's	
brenier	subject	2		Sharp-One-Third-Stability-of-Brenier-Maps-September-25-2026			2	2	11	10	0	Brenier|Brenier's	names/brenier.md
brennan	subject	1	072		072	OAI.Brennan.main_theorem|OAI.Brennan.Sharp.sharp_endpoints	1	1	14	10	0	Brennan's|Brennan	names/brennan.md
brennecke	citation	2					2	2	10	4	0	Brennecke	
brent	citation	2					2	1	5	3	0	Brent	
bresciani	citation	1					1	1	4	2	0	Bresciani	
breuil	citation	7					5	5	18	12	0	Breuil	
breuillard	citation	3					3	3	5	4	0	Breuillard	
brezin	citation	1					1	1	3	2	0	Brezin	
brezis	citation	4					4	4	10	9	1	Brezis	
briani	citation	1					0	1	0	0	0		
bridgeland	citation	3					3	2	16	12	0	Bridgeland|Bridgeland's	
bridson	citation	13					7	8	13	3	1	Bridson|Bridson's	
brierley	citation	1					1	1	5	2	0	Brierley	
brieskorn	citation	2					2	1	10	6	0	Brieskorn|Brieskorn's	
brim	citation	1					0	1	0	0	0		
brin	citation	3					3	1	10	7	0	Brin|Brin's	
bringmann	citation	2					1	2	2	2	0	Bringmann	
brinkmann	citation	1					1	1	7	3	0	Brinkmann's|Brinkmann	
brinon	citation	2					0	2	0	0	0		
brion	citation	6					4	4	21	3	0	Brion|Brion's	
britton	citation	1					1	1	3	2	0	Britton's|Britton	
broadbent	citation	1					1	1	3	0	0	Broadbent	
brockman	citation	1					1	1	1	1	0	Brockman	
broder	citation	2					2	1	2	1	0	Broder	
broderix	citation	1					0	1	0	0	0		
brody	citation	2					2	1	15	10	9	Brody|Brody's	
broer	citation	1					1	1	1	0	0	Broer	
broersma	citation	1					0	1	0	0	0		
broglia	citation	1					1	1	1	1	0	Broglia	
brooks	citation	2					2	1	8	5	0	Brooks	
bros	citation	1					0	1	0	0	0		
brosch	citation	1					1	1	1	1	0	Brosch	
brosnan	citation	2					2	1	3	1	0	Brosnan	
broue	citation	2					2	1	4	1	0	Broue	
brouwer	citation	20					19	6	31	17	2	Brouwer|Brouwer's	
browder	citation	4					4	3	13	4	0	Browder|Browder's	
brown	subject	30			291		30	11	153	97	3	Brown|Brown's	names/brown.md
brown-cohen	citation	1					0	1	0	0	0		
brownian	subject	24		Brownian-continuum-random-tree-limits-of-finite-Fortuin-Kasteleyn-maps-above-four-September-24-2026|Random-Walks-on-Critical-FK-Ising-Maps-and-Liouville-Brownian-Motion-October-5-2026	097|211|231|232		24	0	892	783	70	Brownian	names/brownian.md
browning	citation	1					1	1	6	6	0	Browning's|Browning	
bruck	citation	1					1	1	8	5	0	Bruck's|Bruck	
brue	citation	3					1	3	1	1	0	Brue	
brugalle	citation	1					1	1	2	2	0	Brugalle	
bruhat	citation	17					17	2	118	110	2	Bruhat	
bruhn	citation	1					1	1	1	0	0	Bruhn	
brukhman	citation	1					1	1	2	1	0	Brukhman's|Brukhman	
brumer	citation	1					1	1	4	4	0	Brumer's|Brumer	
brunebarbe	citation	4					4	4	13	7	0	Brunebarbe	
bruner	citation	1					0	1	0	0	0		
brunetti	citation	1					0	1	0	0	0		
brunn	subject	6	091	The-logarithmic-Brunn-Minkowski-conjecture-September-23-2026	091	OAI.LogBrunnMinkowski.main	6	0	29	23	0	Brunn	names/brunn.md
brunnbauer	citation	1					1	1	1	0	0	Brunnbauer	
bruzda	citation	1					0	1	0	0	0		
bryan	citation	2					2	1	2	1	0	Bryan	
bryden	citation	1					1	1	7	3	0	Bryden	
brydges	citation	2					2	1	11	6	0	Brydges	
buan	citation	1					1	1	2	1	0	Buan	
bubeck	citation	1					0	1	0	0	0		
buchbinder	citation	1					0	1	0	0	0		
buchdahl	citation	4					4	3	19	6	0	Buchdahl|Buchdahl's	
buchholz	citation	2					2	1	5	3	0	Buchholz	
buchstab	citation	3					3	1	17	12	7	Buchstab|Buchstab's	
buchweitz	citation	2					2	1	18	14	0	Buchweitz	
bucic	citation	1					1	1	7	5	0	Bucic	
buck	citation	1					1	1	2	1	0	Buck	
budish	citation	1					1	1	3	0	0	Budish|Budish's	
budur	citation	1					1	1	2	2	0	Budur	
buerschaper	citation	1					0	1	0	0	0		
buescu	citation	1					0	1	0	0	0		
bufetov	citation	1					0	1	0	0	0		
buhler	citation	2					2	1	3	0	0	Buhler	
buhrman	citation	4					2	4	3	3	3	Buhrman	
bukh	citation	1					1	1	1	0	0	Bukh	
bukhgeim	citation	1					1	1	1	0	0	Bukhgeim	
bulin	citation	1					0	1	0	0	0		
bulinski	citation	1					0	1	0	0	0		
bunce	citation	1					1	1	2	1	0	Bunce	
bunting	citation	1					1	1	6	6	0	Bunting	
burago	citation	2					1	2	1	1	0	Burago	
burchard	citation	4					3	2	9	5	0	Burchard	
burdzy	citation	1					1	1	8	6	0	Burdzy	
burghelea	citation	1					1	1	6	2	0	Burghelea's|Burghelea	
burgisser	citation	2					2	2	2	2	0	Burgisser	
burke	citation	2					1	1	1	0	0	Burke	
burkholder	citation	2					2	2	4	4	0	Burkholder	
burklund	citation	2					2	1	3	1	0	Burklund|Burklund's	
burness	citation	1					1	1	1	1	0	Burness	
burns	citation	3					3	1	4	1	0	Burns	
burq	citation	2					1	2	2	0	0	Burq	
burton	citation	2					2	1	3	2	0	Burton	
burudgunte	citation	1					1	1	7	3	0	Burudgunte	
burungale	citation	3					3	3	58	24	0	Burungale	
buschenhenke	citation	1					1	1	5	2	0	Buschenhenke	
buse	citation	2					2	1	6	1	0	Buse	
busemann	subject	5			212		5	0	83	75	25	Busemann	names/busemann.md
buslaev	citation	1					0	1	0	0	0		
buss	citation	1					1	1	2	1	0	Buss	
bussi	citation	1					1	1	1	1	0	Bussi	
buttazzo	citation	1					0	1	0	0	0		
butterley	citation	1					1	1	1	1	0	Butterley	
button	citation	1					1	1	2	0	0	Button	
bux	citation	1					0	1	0	0	0		
buyers	citation	1					1	1	1	1	3	Buyers	
buzano	citation	1					1	1	1	1	0	Buzano	
buzzard	citation	1					1	1	1	0	0	Buzzard	
byrka	citation	1					1	1	6	5	0	Byrka	
bzowski	citation	1					1	1	1	0	0	Bzowski	
cabre	citation	1					1	1	3	3	0	Cabre	
cadilhac	citation	1					0	1	0	0	0		
cadman	citation	1					0	1	0	0	0		
cadorel	citation	3					2	3	10	8	0	Cadorel|Cadorel's	
cadoret	citation	1					1	1	2	0	0	Cadoret	
caffarelli	citation	5					5	4	23	15	0	Caffarelli|Caffarelli's	
cai	citation	12					9	6	32	12	0	Cai	
caicedo	citation	1					1	1	2	0	0	Caicedo	
cairns	citation	3					3	2	6	2	0	Cairns	
cais	citation	1					1	1	2	0	2	Cais	
caja-lopez	citation	1					0	1	0	0	0		
calabi	subject	14	352	A-finite-time-singularity-of-Calabi-flow-on-projective-space-September-24-2026|Arithmetic-Stein-degree-bounds-for-log-Calabi-Yau-pairs-September-25-2026|Relative-denominators-and-effective-systems-for-log-Calabi-Yau-fibrations-September-27-2026|Uniform-indices-for-semi-log-canonical-log-Calabi-Yau-pairs-October-5-2026	034|066		14	3	216	196	2	Calabi|Calabi's	names/calabi.md
calaque	citation	2					2	1	7	0	0	Calaque|Calaque's	
calderon	subject	10		Smooth-Anisotropic-Uniqueness-in-the-Calderon-Problem-from-One-Boundary-Patch-September-24-2026			10	6	52	38	0	Calderon|Calderon's	names/calderon.md
calef	citation	1					0	1	0	0	0		
calegari	citation	3					3	3	8	3	0	Calegari	
callan	citation	1					1	1	1	1	0	Callan	
calude	citation	1					1	1	1	0	0	Calude	
calvi	citation	1					0	1	0	0	0		
cambie	citation	1					1	1	2	1	1	Cambie	
cameron	subject	9			211|216		8	5	87	71	2	Cameron	names/cameron.md
camia	citation	3					3	2	14	6	0	Camia	
campana	subject	15	033|057|067	The-Campana-Peternell-conjecture-in-dimension-six-September-25-2026	033|034|057		12	14	152	80	61	Campana|Campana's	names/campana.md
campbell	citation	11					11	3	45	36	0	Campbell|Campbell's	
campi	citation	1					1	1	1	0	0	Campi	
campos	citation	2					2	1	8	0	1	Campos	
campostrini	citation	1					1	1	1	1	0	Campostrini	
candes	citation	1					0	1	0	0	0		
cannon	subject	3	246		246		3	1	22	8	1	Cannon|Cannon's	names/cannon.md
canny	citation	1					1	1	2	2	0	Canny	
cantone	citation	1					1	1	1	0	0	Cantone	
cantwell	citation	1					1	1	1	1	0	Cantwell	
cao	citation	12					10	8	33	14	1	Cao|Cao's	
cao-labora	citation	1					0	1	0	0	0		
caprace	citation	1					0	1	0	0	0		
caputo	citation	3					3	1	11	3	0	Caputo|Caputo's	
caputti	citation	1					1	1	1	0	0	Caputti	
caraci	citation	1					1	1	1	1	0	Caraci	
caraiani	citation	2			030		1	2	5	2	0	Caraiani	
caramanis	citation	1					1	1	2	1	0	Caramanis	
carayol	citation	4					3	4	7	0	0	Carayol	
carballeira	citation	1					1	1	1	1	0	Carballeira	
carbery	citation	4					4	4	5	3	0	Carbery	
cardona	citation	1					1	1	32	7	0	Cardona	
cardy	citation	4			223|224		4	2	119	84	43	Cardy|Cardy's	
carella	citation	2					2	2	4	1	1	Carella|Carella's	
carenini	citation	1					1	1	22	10	0	Carenini|Carenini's	
carlen	citation	6					6	2	17	8	0	Carlen	
carleson	subject	11	080		081|083		11	6	57	44	13	Carleson|Carleson's	names/carleson.md
carlier	citation	1					0	1	0	0	0		
carlotto	citation	1					1	1	2	1	0	Carlotto	
carlson	citation	2					2	1	3	2	0	Carlson	
carmesin	citation	1					1	1	6	3	0	Carmesin|Carmesin's	
carmona	citation	2					1	2	1	0	0	Carmona	
carneiro	citation	2					2	2	6	6	0	Carneiro	
carrasco	citation	2					2	1	4	0	0	Carrasco	
carriero	citation	1					1	1	2	2	1	Carriero	
carrion	subject	1			291		1	1	7	4	0	Carrion	names/carrion.md
carro	citation	1					1	1	1	0	0	Carro	
cartan	subject	47	337	Generalized-Cartan-Hadamard-isoperimetry-and-Euclidean-equality-rigidity-September-23-2026	203|254|255|266|286|305		47	3	526	434	73	Cartan|Cartan's	names/cartan.md
carter	citation	2					1	2	6	6	0	Carter|Carter's	
cartesian	subject	50			206		50	0	221	186	37	Cartesian	names/cartesian.md
cartier	subject	48		Uniform-Cartier-sections-for-Fano-type-contractions-September-25-2026	034|318	OAI.CartierSections.isCompact_closedChartFieldRetraction_cone	47	8	2645	2452	107	Cartier|Cartier's	names/cartier.md
casagrande	citation	1					1	1	6	2	0	Casagrande	
casale	citation	1					0	1	0	0	0		
casares	citation	1					0	1	0	0	0		
casati	citation	1					0	1	0	0	0		
cascini	citation	8					5	7	17	7	0	Cascini	
cashen	citation	1					0	1	0	0	0		
casimir	subject	8			238		8	0	29	26	13	Casimir	names/casimir.md
casini	citation	1					1	1	1	0	0	Casini	
cass	citation	1					1	1	1	1	0	Cass	
casselman	citation	2					2	1	9	7	0	Casselman	
cassels	citation	6					6	4	73	48	0	Cassels|Cassels's	
cassis	citation	1					0	1	0	0	0		
cassou-nogues	citation	1					0	1	0	0	0		
castella	citation	3					3	3	32	22	0	Castella	
castillejos	subject	3			291		3	3	15	7	0	Castillejos	names/castillejos.md
catalan	subject	9	005		211		9	0	36	33	7	Catalan|Catalan's	names/catalan.md
catanese	citation	2					2	1	3	2	0	Catanese	
cattani	citation	5					3	4	9	3	0	Cattani	
cauchy	subject	232			102|122|143|232|233|261|264		232	0	3040	2209	111	Cauchy|Cauchy's	names/cauchy.md
causey	citation	1					1	1	3	3	0	Causey	
cava	citation	1					1	1	4	0	0	Cava	
cavalletti	citation	2					0	2	0	0	0		
cavallin	citation	1					1	1	1	1	0	Cavallin	
cayley	subject	41			166|200|214|252|344		41	0	236	200	30	Cayley	names/cayley.md
cazelles	citation	1					0	1	0	0	0		
cazenave	citation	1					0	1	0	0	0		
ceccherini-silberstein	citation	1					0	1	0	0	0		
cecchini	citation	3					2	3	5	4	2	Cecchini	
cederbaum	citation	1					1	1	2	2	0	Cederbaum	
cekic	citation	2					2	2	11	5	0	Cekic|Cekic's	
celentano	citation	1					1	1	7	4	0	Celentano	
cenatiempo	citation	1					1	1	12	7	0	Cenatiempo	
cerf	citation	1					1	1	2	1	0	Cerf	
chabrillac	citation	1					0	1	0	0	0		
chafai	citation	1					0	1	0	0	0		
chai	subject	6	311				6	2	30	18	2	Chai|Chai's	names/chai.md
chaika	citation	1					1	1	3	2	0	Chaika	
chaiken	citation	3					3	2	7	1	0	Chaiken	
chailloux	citation	1					1	1	2	1	0	Chailloux	
chaitin	citation	1					1	1	2	2	2	Chaitin's	
chakaravarthy	citation	1					1	1	1	1	0	Chakaravarthy	
chakrabarti	citation	4					3	3	9	6	0	Chakrabarti	
chakraborty	citation	1					1	1	1	0	0	Chakraborty	
chalopin	citation	1					1	1	1	0	0	Chalopin	
chaloupka	citation	1					0	1	0	0	0		
chan	citation	8					8	7	15	9	2	Chan	
chandra	citation	9					9	1	77	73	3	Chandra	
chang	citation	7					6	4	11	6	0	Chang|Chang's	
chansangiam	citation	1					1	1	1	0	0	Chansangiam	
chaperon	citation	1					1	1	2	2	0	Chaperon	
charalambides	citation	1					1	1	1	1	0	Charalambides	
charalambous	citation	2					1	1	1	1	0	Charalambous	
chardin	citation	1					1	1	4	3	0	Chardin|Chardin's	
charikar	citation	3					3	2	11	7	0	Charikar	
charles	citation	9					9	1	15	2	0	Charles	
charney	citation	1					1	1	7	1	1	Charney	
chartrand	citation	2					2	2	2	1	0	Chartrand	
chas	citation	1					1	1	2	1	0	Chas	
chase	citation	1					1	1	21	13	3	Chase|Chase's	
chatterjee	citation	8					8	8	36	19	1	Chatterjee|Chatterjee's	
chatterji	subject	2			207		1	2	5	3	0	Chatterji	names/chatterji.md
chaudouard	citation	1					0	1	0	0	0		
chavel	citation	1					1	1	2	2	0	Chavel	
chawla	citation	2					1	2	1	0	0	Chawla	
chayes	citation	5					5	2	18	10	0	Chayes	
chazal	citation	1					0	1	0	0	0		
chebotarev	subject	12			004|006		12	0	194	105	20	Chebotarev|Chebotarev's	names/chebotarev.md
checcoli	citation	1					1	1	1	1	0	Checcoli	
cheeger	citation	15					14	9	36	31	4	Cheeger|Cheeger's	
chekuri	citation	2					2	2	3	1	0	Chekuri	
chelkak	citation	4					3	3	38	12	0	Chelkak	
chen	citation	64					61	50	309	141	9	Chen|Chen's	
chenevier	citation	2					2	2	16	7	0	Chenevier|Chenevier's	
cheng	citation	14					11	10	37	13	0	Cheng|Cheng's	
chepoi	citation	2					2	1	4	1	0	Chepoi	
chern	subject	52			033|034|305		52	5	917	853	34	Chern	names/chern.md
chernoff	citation	11					10	1	38	32	4	Chernoff|Chernoff's	
chernousov	citation	2					1	1	6	3	0	Chernousov	
cheung	citation	1					1	1	2	0	0	Cheung	
chevalley	citation	18					18	4	66	57	2	Chevalley|Chevalley's	
chewi	citation	4					1	4	1	1	1	Chewi	
chiarenza	citation	1					0	1	0	0	0		
chierici	citation	1					1	1	1	1	0	Chierici	
chifan	citation	1					1	1	4	1	0	Chifan	
ching	citation	2					2	1	4	3	0	Ching	
chinnapared	citation	1					0	1	0	0	0		
chiribella	citation	2					2	1	2	0	0	Chiribella	
chlebik	citation	1					1	1	14	4	0	Chlebik	
cho	citation	2					2	2	3	2	1	Cho	
chobanyan	citation	1					1	1	2	1	0	Chobanyan's|Chobanyan	
chodosh	citation	3					3	3	12	7	3	Chodosh	
choi	citation	11					8	8	27	18	5	Choi|Choi's	
chong	citation	3					3	1	8	2	0	Chong	
choquet	citation	3					3	1	5	2	0	Choquet	
choquet-bruhat	citation	1					0	1	0	0	0		
chornyi	citation	1					1	1	2	1	0	Chornyi	
choudhuri	citation	2					1	1	1	0	0	Choudhuri	
chouinard	citation	1					1	1	2	1	0	Chouinard's|Chouinard	
chow	subject	23		A-high-arity-counterexample-to-Pixton-completeness-in-Chow-September-24-2026	040|053|054		22	4	243	208	25	Chow|Chow's	names/chow.md
chowdhury	citation	1					1	1	1	1	0	Chowdhury	
chowla	subject	2	007				2	1	5	5	0	Chowla|Chowla's	names/chowla.md
christ	citation	5					3	4	4	3	0	Christ	
christandl	citation	6					5	3	6	4	0	Christandl	
christensen	citation	6					5	5	43	24	1	Christensen|Christensen's	
christiani	citation	1					1	1	2	2	0	Christiani	
christodoulou	citation	1					1	1	2	0	0	Christodoulou	
chrobak	citation	1					1	1	3	3	0	Chrobak|Chrobak's	
chrusciel	citation	3					3	3	18	14	0	Chrusciel	
chu	citation	3					2	1	2	1	0	Chu	
chuah	citation	1					0	1	0	0	0		
chudnovsky	citation	2					2	2	2	0	0	Chudnovsky	
chung	citation	7					4	7	4	4	0	Chung	
chvatal	citation	6					6	4	7	4	0	Chvatal	
ciarlet	citation	1					0	1	0	0	0		
cibils	citation	1					0	1	0	0	0		
cieliebak	citation	1					1	1	2	2	0	Cieliebak	
ciliberto	citation	1					1	1	5	3	0	Ciliberto	
ciobotaru	citation	3					2	3	7	1	0	Ciobotaru	
cirac	citation	2					1	2	1	1	0	Cirac	
cisinski	citation	1					1	1	3	2	0	Cisinski	
ciubotaru	citation	1					1	1	4	1	0	Ciubotaru	
ciuperca	citation	1					1	1	1	0	0	Ciuperca	
clark	citation	1					1	1	2	1	0	Clark	
clarkson	citation	3					3	3	8	6	0	Clarkson	
claudon	citation	6					5	6	19	12	0	Claudon	
clausen	citation	3					1	3	3	2	0	Clausen	
clemens	citation	4					2	2	2	0	0	Clemens	
cleve	citation	7					5	5	7	5	0	Cleve	
clifford	subject	15			032		15	1	234	200	14	Clifford	names/clifford.md
climenhaga	citation	1					1	1	2	0	0	Climenhaga	
cline	citation	2					1	1	1	1	0	Cline	
clow	citation	2					2	2	4	2	0	Clow	
clozel	citation	3					0	3	0	0	0		
cluckers	citation	1					0	1	0	0	0		
clutterbuck	citation	2					2	2	2	2	0	Clutterbuck	
coates	citation	2					2	2	12	3	0	Coates	
coccia	citation	1					1	1	5	3	0	Coccia	
codenotti	citation	1					1	1	2	2	0	Codenotti	
coester	citation	1					0	1	0	0	0		
coffman	citation	1					1	1	1	1	0	Coffman	
cogo	citation	1					1	1	2	2	0	Cogo	
cohen	subject	37	195	A-Complete-Local-Domain-Without-a-Small-Cohen-Macaulay-Module-September-23-2026			32	10	303	272	6	Cohen	names/cohen.md
cohen-addad	citation	1					0	1	0	0	0		
cohn	citation	5					5	3	48	33	0	Cohn	
coifman	citation	1					1	1	1	1	0	Coifman	
coja-oghlan	citation	1					0	1	0	0	0		
colcombet	citation	1					0	1	0	0	0		
colding	citation	5					4	4	17	6	0	Colding	
coleman	citation	5					4	4	6	3	2	Coleman	
colesanti	citation	2					2	2	2	0	0	Colesanti	
colin	subject	2	157	A-counterexample-to-the-Colin-de-Verdiere-chromatic-conjecture-September-23-2026			2	0	14	12	0	Colin	names/colin.md
collins	citation	6					4	6	16	4	0	Collins|Collins's	
colmenarejo	citation	1					0	1	0	0	0		
colmez	subject	6			318		6	4	29	20	0	Colmez	names/colmez.md
colombo	citation	1					1	1	4	2	0	Colombo	
coman	citation	1					0	1	0	0	0		
combes	citation	1					1	1	4	3	0	Combes	
comets	citation	2					2	1	16	8	4	Comets	
concetti	citation	1					1	1	2	1	0	Concetti	
condon	citation	1					0	1	0	0	0		
conley	citation	1					1	1	9	1	0	Conley	
conlon	citation	6					6	4	30	11	5	Conlon	
connell	citation	3					2	2	4	2	0	Connell	
connes	subject	11	285|290	A-Torsion-Free-Counterexample-to-Reduced-Baum-Connes-Injectivity-September-23-2026|An-Irrational-Trace-Counterexample-to-Reduced-Baum-Connes-September-23-2026			10	7	79	55	2	Connes|Connes's	names/connes.md
conrad	citation	15					9	12	42	6	7	Conrad	
contreras	citation	2					1	2	1	1	0	Contreras	
contucci	citation	1					1	1	1	1	0	Contucci	
conway	citation	3					3	2	5	0	0	Conway	
conze	citation	1					0	1	0	0	0		
cook	citation	6					5	2	13	6	0	Cook|Cook's	
cooley	citation	3					3	3	6	4	2	Cooley	
cooper	citation	3					3	1	8	2	0	Cooper	
coornaert	citation	1					1	1	3	3	0	Coornaert	
coppersmith	citation	1					1	1	15	9	0	Coppersmith	
coquand	citation	1					1	1	2	2	0	Coquand	
coquereaux	citation	1					1	1	1	0	0	Coquereaux	
cordero-erausquin	citation	6					0	6	0	0	0		
cordoba	citation	3					3	3	7	5	0	Cordoba|Cordoba's	
coregliano	citation	1					1	1	3	0	1	Coregliano|Coregliano's	
corlette	citation	1					1	1	2	2	0	Corlette	
corliss	citation	1					0	1	0	0	0		
cornect	citation	1					0	1	0	0	0		
cornelissen	citation	1					1	1	8	2	0	Cornelissen	
cornuejols	citation	1					1	1	1	1	0	Cornuejols	
cornulier	citation	3					3	2	8	6	0	Cornulier	
cornut	citation	2					1	2	2	2	0	Cornut	
coron	citation	1					1	1	1	1	0	Coron	
corput	subject	5			154		5	0	8	6	0	Corput	names/corput.md
correa	citation	1					1	1	1	0	0	Correa	
correggi	citation	1					1	1	4	0	0	Correggi	
corso	citation	2					2	1	5	2	0	Corso	
corti	citation	3					2	1	2	0	0	Corti	
corvino	citation	2					2	2	15	13	0	Corvino	
cossart	citation	1					1	1	3	0	1	Cossart	
cossey	citation	1					1	1	2	1	0	Cossey	
cosson	citation	1					0	1	0	0	0		
costabel	citation	2					1	2	2	2	0	Costabel	
coste	citation	6					5	4	19	3	3	Coste	
costello	citation	2					2	1	5	0	0	Costello	
costin	citation	1					1	1	2	2	0	Costin	
cotar	citation	2					2	1	5	2	0	Cotar	
cote	citation	2					1	1	2	1	0	Cote	
couch	citation	1					0	1	0	0	0		
coulembier	citation	2					1	2	10	6	1	Coulembier	
coulomb	subject	15	275|373	A-Coulomb-Ground-State-Density-without-Kohn-Sham-Ensemble-Representation-September-25-2026|A-counterexample-to-the-Monge-ansatz-for-the-three-marginal-Coulomb-cost-September-25-2026|Continuum-Coulomb-hardness-with-binary-nuclear-charges-September-24-2026|Generalized-ionization-energies-for-full-Coulomb-atoms-September-24-2026|Generalized-outer-electron-radii-of-neutral-Coulomb-atoms-September-24-2026|QMA-hardness-of-continuum-Coulomb-energy-with-unit-nuclear-charges-September-24-2026|Triangular-minimality-for-planar-Coulomb-renormalized-energy-September-23-2026|Uniform-excess-charge-for-Coulomb-molecules-and-the-outer-radius-of-neutral-atoms-September-24-2026	223|263|275	OAI.CoulombAtom.generalized_ionization	15	0	265	236	49	Coulomb	names/coulomb.md
courtade	subject	2	119		119	OAI.LeanBlast.CourtadeKumar.courtadeKumarAndAttainment	2	2	14	10	1	Courtade	names/courtade.md
courte	citation	1					1	1	3	2	0	Courte	
courtney	citation	1					1	1	2	1	0	Courtney	
courtois	citation	1					1	1	1	1	0	Courtois	
cowling	citation	1					1	1	2	2	0	Cowling	
cox	citation	4					3	3	9	5	0	Cox	
coxeter	subject	14			254|286		14	1	199	175	6	Coxeter	names/coxeter.md
craciun	citation	1					1	1	13	7	0	Craciun|Craciun's	
crainic	citation	1					1	1	2	0	0	Crainic	
cramer	citation	23					23	2	47	23	0	Cramer's|Cramer	
crandall	citation	4					3	2	7	2	1	Crandall	
crawley-boevey	citation	2					0	2	0	0	0		
cremona	citation	1					1	1	3	3	0	Cremona	
crisanti	citation	2					2	2	5	3	0	Crisanti	
crisp	citation	2					2	1	9	2	0	Crisp|Crisp's	
cristea	citation	1					1	1	2	0	0	Cristea	
croke	citation	1					1	1	4	3	0	Croke	
croot	citation	3					3	2	8	5	0	Croot|Croot's	
crouzeix	subject	2	325	A-direct-proof-of-the-complete-Crouzeix-inequality-September-26-2026|The-complete-Crouzeix-theorem-September-23-2026		OAI.CompleteCrouzeix.main|OAI.DirectCrouzeix.complete_crouzeix|OAI.StructuralCrouzeixReference.challenge	1	1	50	31	0	Crouzeix|Crouzeix's	names/crouzeix.md
crum	citation	1					1	1	1	1	0	Crum	
cruz	citation	5					5	2	8	7	0	Cruz	
cruz-uribe	citation	1					0	1	0	0	0		
cryan	citation	2					2	2	8	1	0	Cryan	
csernenszky	citation	1					1	1	1	0	0	Csernenszky	
csiszar	citation	2					1	2	1	1	3	Csiszar	
csoka	citation	1					0	1	0	0	0		
csornyei	citation	1					1	1	4	3	0	Csornyei	
cuadrado	citation	1					0	1	0	0	0		
cubitt	citation	1					1	1	4	2	0	Cubitt	
cugliandolo	citation	1					1	1	3	1	0	Cugliandolo	
culler	citation	1					1	1	1	1	0	Culler	
culver	citation	2					0	2	0	0	0		
cummings	citation	1					1	1	8	4	0	Cummings	
cumplido	citation	1					1	1	5	2	0	Cumplido	
cuntz	subject	7		Cuntz-comparison-and-Jiang-Su-absorption-September-23-2026	291		7	2	178	156	2	Cuntz|Cuntz's	names/cuntz.md
curtis	subject	3	316				3	2	11	8	5	Curtis|Curtis's	names/curtis.md
cuth	citation	2					1	1	3	0	0	Cuth	
cutkosky	citation	3					3	2	5	1	0	Cutkosky|Cutkosky's	
cuzziol	citation	1					1	1	1	1	0	Cuzziol	
cygan	citation	1					1	1	2	2	0	Cygan	
czimek	citation	1					0	1	0	0	0		
czumaj	citation	2					2	1	29	5	0	Czumaj|Czumaj's	
daamouch	citation	1					0	1	0	0	0		
dadarlat	citation	3					3	1	7	4	0	Dadarlat	
daemi	citation	1					1	1	3	2	0	Daemi	
dafermos	citation	1					1	1	18	15	0	Dafermos	
dagan	citation	1					1	1	7	1	1	Dagan	
daher	citation	1					1	1	1	0	1	Daher	
dahl	citation	1					1	1	2	2	0	Dahl	
dahlberg	citation	1					1	1	3	1	0	Dahlberg	
dahlhaus	citation	1					1	1	1	1	0	Dahlhaus	
dahne	citation	1					0	1	0	0	0		
dai	citation	3					2	2	3	0	2	Dai	
dain	citation	1					1	1	2	1	0	Dain	
dajani	citation	1					0	1	0	0	0		
dalalyan	citation	1					0	1	0	0	0		
daleckii	citation	2					2	2	2	2	0	Daleckii	
daletskii	citation	1					1	1	4	0	0	Daletskii	
damek	citation	1					0	1	0	0	0		
damian	citation	2					2	1	11	3	0	Damian	
damiani	citation	1					1	1	1	1	0	Damiani	
damianou	citation	1					1	1	1	0	0	Damianou	
damron	citation	1					1	1	15	10	0	Damron	
dan	citation	1					1	1	2	2	4	Dan	
daneri	citation	1					1	1	2	1	0	Daneri	
dantzig	citation	1					0	1	0	0	0		
dara	citation	1					0	1	0	0	0		
darbinyan	citation	1					0	1	0	0	0		
darmon	citation	5					5	3	25	14	0	Darmon	
darvas	citation	1					1	1	1	1	0	Darvas	
das	citation	9					9	6	31	18	1	Das|Das's	
dasgupta	citation	3					2	2	3	0	2	Dasgupta	
daskalakis	citation	1					1	1	2	2	0	Daskalakis	
dat	citation	3					3	1	5	1	0	Dat	
daubechies	citation	1					1	1	2	1	0	Daubechies	
daude	citation	1					1	1	4	1	0	Daude	
daugavet	subject	1		Exact-asymptotic-moduli-in-a-Daugavet-subspace-of-L1-September-27-2026	331		1	0	19	17	2	Daugavet	names/daugavet.md
davenport	citation	4					3	2	11	5	0	Davenport	
daviaud	citation	1					1	1	2	0	0	Daviaud	
david	subject	29	081		081		29	4	69	41	2	David	names/david.md
davie	citation	1					1	1	3	2	0	Davie	
davies	citation	7					6	4	20	9	0	Davies	
davis	citation	13					13	5	77	33	5	Davis|Davis's	
davison	citation	2					2	2	7	6	0	Davison|Davison's	
daw	citation	1					1	1	17	6	0	Daw	
dawar	citation	2					2	1	9	4	1	Dawar	
day	citation	4					4	2	9	9	0	Day	
dean	citation	3					3	2	5	3	0	Dean|Dean's	
deangelis	citation	1					1	1	2	1	2	Deangelis's	
debarre	citation	3					2	3	7	5	0	Debarre	
debes	citation	1					1	1	2	2	0	Debes	
debreu	citation	1					0	1	0	0	0		
decelle	citation	1					1	1	1	1	0	Decelle	
decio	citation	1					1	1	6	5	0	Decio	
dedieu	citation	1					1	1	1	1	0	Dedieu	
deev	citation	1					0	1	0	0	0		
deijfen	citation	1					1	1	1	1	0	Deijfen	
deimling	citation	1					1	1	1	0	0	Deimling	
dejean	citation	1					1	1	4	2	0	Dejean	
dekimpe	citation	1					1	1	4	0	0	Dekimpe's|Dekimpe	
delalande	citation	1					0	1	0	0	0		
delaroche	citation	1					0	1	0	0	0		
delaunay	citation	2					2	1	23	21	0	Delaunay	
delcourt	citation	1					1	1	5	2	0	Delcourt	
delgadino	citation	1					0	1	0	0	0		
deligkas	citation	1					1	1	1	0	0	Deligkas	
deligne	subject	35	008	The-Deligne-Drinfeld-conjecture-September-23-2026		OAI.DeligneDrinfeld.main	31	21	377	224	5	Deligne|Deligne's	names/deligne.md
dell	citation	5					4	2	5	3	2	Dell	
delorme	citation	1					0	1	0	0	0		
demailly	citation	23					18	17	139	55	12	Demailly|Demailly's	
demaine	citation	1					1	1	1	1	0	Demaine	
demarche	citation	1					1	1	1	0	0	Demarche	
demazure	citation	2					2	1	2	1	0	Demazure	
dembin	citation	1					1	1	3	3	0	Dembin	
dembo	citation	3					2	2	4	2	0	Dembo	
demeter	citation	6					5	6	10	7	0	Demeter|Demeter's	
demeyer	citation	1					1	1	4	4	0	Demeyer	
dencker	citation	1					1	1	1	0	0	Dencker	
denef	citation	3					1	3	1	1	0	Denef	
deneufchatel	citation	1					1	1	4	3	0	Deneufchatel	
deng	citation	11					10	10	29	13	0	Deng|Deng's	
denkowski	citation	1					1	1	1	0	0	Denkowski	
dent	citation	1					1	1	1	0	4	Dent	
deo	citation	1					0	1	0	0	0		
department	citation	5					4	1	5	5	0	Department	
deraux	citation	1					1	1	2	1	0	Deraux	
dereudre	citation	1					1	1	2	0	0	Dereudre	
derezinski	citation	2					1	2	1	1	0	Derezinski	
derksen	citation	3					3	2	4	2	0	Derksen	
deroin	citation	1					1	1	1	1	0	Deroin	
derrida	citation	2					2	1	9	7	0	Derrida|Derrida's	
derrien	citation	1					1	1	3	1	0	Derrien	
dershowitz	citation	1					0	1	0	0	0		
deruelle	citation	1					1	1	3	2	0	Deruelle	
desarmenien	citation	1					0	1	0	0	0		
descartes	citation	2					2	1	3	1	3	Descartes	
deser	citation	1					0	1	0	0	0		
detcherry	citation	1					1	1	2	2	0	Detcherry	
deuchert	citation	1					1	1	6	4	0	Deuchert	
deuring	citation	2					2	1	9	9	0	Deuring|Deuring's	
devanur	citation	1					1	1	1	0	0	Devanur	
devinatz	citation	3					3	3	17	13	4	Devinatz|Devinatz's	
devore	citation	1					0	1	0	0	0		
dewar	citation	1					0	1	0	0	0		
dey	citation	4					3	3	13	12	0	Dey|Dey's	
deza	citation	2					1	1	6	2	0	Deza	
dhawan	citation	1					1	1	7	2	0	Dhawan	
dhillon	citation	2					2	1	10	6	0	Dhillon	
diaconis	citation	6					5	4	29	18	3	Diaconis	
diananda	citation	1					1	1	9	7	0	Diananda	
diaz	citation	3					3	1	6	5	0	Diaz	
dickenstein	citation	1					0	1	0	0	0		
dickman	citation	3		The-joint-Dickman-law-for-consecutive-integers-September-24-2026	012		3	2	24	19	22	Dickman	
dicks	citation	4					4	3	6	2	2	Dicks	
dickson	citation	3					3	3	36	29	13	Dickson|Dickson's	
diestel	citation	1					1	1	1	0	0	Diestel	
dieudonne	citation	8					7	1	24	21	0	Dieudonne	
dill	citation	1			016		1	1	14	9	7	Dill|Dill's	
dilworth	citation	1					1	1	17	8	0	Dilworth	
dimitrov	citation	1					1	1	2	2	0	Dimitrov	
dimock	citation	1					1	1	3	1	0	Dimock	
ding	citation	8					8	5	25	15	0	Ding	
dinh	citation	3					1	2	1	0	0	Dinh	
dinkins	citation	1					1	1	1	1	0	Dinkins	
dinur	citation	9					6	7	29	17	0	Dinur|Dinur's	
dionne	citation	1					1	1	1	0	0	Dionne	
diophantine	subject	9	242	Single-fold-Diophantine-representations-September-24-2026			9	0	64	58	5	Diophantine	names/diophantine.md
dipierro	citation	1					0	1	0	0	0		
dirac	citation	14					14	1	106	100	7	Dirac	
dirichlet	subject	84		The-Poisson-Dirichlet-Law-for-Prime-Predecessors-September-24-2026	006|011|093|216|232|260|361|366	OAI.DirichletCharacter.LFunction_ne_zero_of_seven_eighths_lt_re	84	0	1262	1156	114	Dirichlet|Dirichlet's	names/dirichlet.md
dirksin	citation	1					0	1	0	0	0		
disconzi	citation	1					0	1	0	0	0		
dittmann	citation	1					0	1	0	0	0		
divaani-aazar	citation	1					0	1	0	0	0		
diverio	citation	1					1	1	3	1	0	Diverio	
diveris	citation	1					1	1	1	1	0	Diveris	
divol	citation	1					0	1	0	0	0		
dixmier	subject	9				OAI.Dixmier.current_main_theorem	8	6	27	14	0	Dixmier|Dixmier's	names/dixmier.md
dixon	citation	1					0	1	0	0	0		
dobler	citation	1					1	1	1	0	0	Dobler	
doblin	citation	1					0	1	0	0	0		
dobrinskaya	citation	1					1	1	4	2	0	Dobrinskaya's|Dobrinskaya	
dobrushin	subject	4			218|223		4	0	95	83	0	Dobrushin	names/dobrushin.md
docampo	citation	1					1	1	1	1	0	Docampo	
dodos	citation	2					2	2	4	4	0	Dodos	
dodziuk	citation	4					4	3	10	6	0	Dodziuk|Dodziuk's	
dogra	citation	1					1	1	1	1	0	Dogra	
dokchitser	citation	3					1	3	8	0	0	Dokchitser	
dolbeault	citation	13					13	1	94	80	0	Dolbeault	
dolev	citation	1					1	1	2	1	0	Dolev	
dolgachev	citation	5					3	3	10	6	0	Dolgachev	
dolmen	citation	1					0	1	0	0	0		
domar	citation	1					1	1	5	3	3	Domar's|Domar	
dominguez	citation	2					1	1	1	0	0	Dominguez	
donagi	citation	3					2	2	3	2	0	Donagi|Donagi's	
donaldson	subject	8	341|342		306		8	6	64	44	0	Donaldson|Donaldson's	names/donaldson.md
doney	citation	2					2	1	3	2	0	Doney|Doney's	
dong	citation	11					9	7	36	19	0	Dong|Dong's	
donkin	citation	2					2	1	4	3	3	Donkin|Donkin's	
donnelly	citation	3					3	2	20	5	0	Donnelly|Donnelly's	
donninger	citation	1					0	1	0	0	0		
donovan	subject	2	203	Integral-Donovan-Finiteness-over-Witt-Vectors-September-25-2026	203		2	0	34	24	5	Donovan|Donovan's	names/donovan.md
donvil	citation	1					1	1	3	1	0	Donvil	
doob	citation	15					15	1	40	33	6	Doob|Doob's	
dooley	citation	1					1	1	1	1	0	Dooley	
doppelbauer	citation	1					1	1	1	0	0	Doppelbauer	
dorfman	citation	1					0	1	0	0	0		
doring	citation	1					1	1	2	1	0	Doring	
doron	citation	2					2	1	5	4	0	Doron	
dospinescu	subject	2			318		2	2	5	4	0	Dospinescu	names/dospinescu.md
dotto	citation	1					1	1	1	0	0	Dotto	
doty	citation	1					0	1	0	0	0		
dou	citation	1					1	1	2	1	0	Dou	
douady	citation	5					5	4	27	15	0	Douady|Douady's	
douai	citation	1					1	1	2	2	0	Douai	
douglas	citation	7					7	3	16	9	0	Douglas|Douglas's	
douglis	citation	1					1	1	2	2	0	Douglis	
dowd	citation	1					0	1	0	0	0		
dowling	citation	1					1	1	1	1	0	Dowling	
downarowicz	citation	1					1	1	2	1	0	Downarowicz	
doyen	citation	1					1	1	1	0	0	Doyen	
doyle	citation	2					1	1	1	0	1	Doyle	
draghici	citation	2					0	2	0	0	0		
dranishnikov	citation	3					2	3	8	5	2	Dranishnikov	
drapal	citation	1					0	1	0	0	0		
drensky	citation	2					2	1	2	2	0	Drensky	
drewitz	citation	1					1	1	4	2	0	Drewitz	
driessler	citation	1					1	1	1	0	0	Driessler	
drinfeld	subject	11	008	The-Deligne-Drinfeld-conjecture-September-23-2026	318	OAI.DeligneDrinfeld.main	11	3	139	95	9	Drinfeld|Drinfeld's	names/drinfeld.md
drogin	citation	1					1	1	4	3	0	Drogin	
drucker	citation	1					1	1	3	2	0	Drucker	
druel	citation	9					8	6	37	14	4	Druel|Druel's	
drury	citation	1					1	1	9	3	0	Drury|Drury's	
druzhinin	citation	1					1	1	3	1	0	Druzhinin's|Druzhinin	
duan	citation	6					6	5	13	5	0	Duan	
dube	citation	2					2	2	4	2	0	Dube	
dubedat	citation	3					3	1	15	7	0	Dubedat|Dubedat's	
dubourdieu	citation	1					1	1	3	0	0	Dubourdieu	
dubrovin	citation	1					1	1	1	0	0	Dubrovin	
duchamp	citation	1					1	1	2	2	0	Duchamp	
duchesne	citation	2					2	1	2	2	0	Duchesne	
duchet	citation	1					1	1	1	0	0	Duchet	
duchi	citation	2					1	2	8	6	0	Duchi	
duda	citation	1					1	1	1	0	0	Duda	
duerinckx	citation	1					0	1	0	0	0		
duffin	subject	3	022	The-weak-inhomogeneous-Duffin-Schaeffer-conjecture-September-25-2026	022		3	1	11	8	0	Duffin	names/duffin.md
duistermaat	citation	1					1	1	1	1	0	Duistermaat	
duke	citation	34					34	1	76	69	3	Duke	
dukelsky	citation	1					1	1	1	1	0	Dukelsky	
dukes	citation	1					0	1	0	0	0		
dulac	citation	1					1	1	2	1	0	Dulac	
dumanski	citation	1					1	1	1	0	0	Dumanski	
dumas	citation	1					1	1	3	3	0	Dumas	
dumer	citation	1					1	1	2	1	0	Dumer	
duminil-copin	citation	9					0	9	0	0	0		
dumitrescu	citation	1					1	1	1	1	0	Dumitrescu	
dumitriu	citation	1					0	1	0	0	1		
dumnicki	citation	1					1	1	10	3	0	Dumnicki|Dumnicki's	
duncan	citation	1					1	1	1	1	0	Duncan	
dunlap	citation	1					1	1	2	2	0	Dunlap	
dunlop	citation	2					2	2	5	4	0	Dunlop	
duplantier	citation	2					2	2	14	8	0	Duplantier	
dupont	citation	2					2	2	10	6	0	Dupont	
dupuis	citation	4					3	4	7	5	0	Dupuis	
durcik	citation	3					2	2	18	9	0	Durcik|Durcik's	
duren	citation	1					1	1	5	1	0	Duren	
durfee	citation	2					2	1	16	16	0	Durfee|Durfee's	
durmus	citation	1					0	1	0	0	0		
durr	citation	1					0	1	0	0	0		
durrett	citation	6					6	3	33	7	0	Durrett	
dutt	citation	1					1	1	1	1	0	Dutt	
dutta	subject	7			194		6	4	21	12	4	Dutta	names/dutta.md
dutting	citation	1					0	1	0	0	0		
duzaar	citation	1					0	1	0	0	0		
dvir	citation	1					1	1	4	4	0	Dvir|Dvir's	
dvoretzky	citation	2					2	1	10	8	0	Dvoretzky|Dvoretzky's	
dyatlov	citation	4					4	3	7	3	1	Dyatlov	
dybalski	citation	1					1	1	2	2	0	Dybalski	
dyer	subject	11		Exact-Birch-Swinnerton-Dyer-Formula-from-Low-Selmer-Corank-October-7-2026|The-two-primary-Birch-Swinnerton-Dyer-formula-in-Selmer-corank-at-most-one-October-6-2026	168|316		11	3	160	109	2	Dyer|Dyer's	names/dyer.md
dyhr	citation	2					2	1	28	4	0	Dyhr	
dykema	citation	6					5	6	15	7	7	Dykema|Dykema's	
dykhne	citation	1					1	1	10	7	0	Dykhne|Dykhne's	
dymarsky	citation	1					1	1	2	0	0	Dymarsky	
dymarz	citation	1					1	1	6	2	0	Dymarz	
dyson	citation	5					5	3	52	31	0	Dyson|Dyson's	
eastwood	citation	1					1	1	1	0	0	Eastwood	
eaton	citation	2					2	1	20	11	0	Eaton|Eaton's	
eaves	citation	1					0	1	0	0	0		
eberhard	citation	3					2	1	3	0	0	Eberhard	
eberhardt	citation	1					0	1	0	0	0		
eberle	citation	1					1	1	3	0	0	Eberle	
ebisuzaki	citation	1					0	1	0	0	0		
ebrahimnejad	citation	1					1	1	1	0	0	Ebrahimnejad	
ecalle	citation	1					1	1	3	3	0	Ecalle	
eccles	subject	1			316		1	1	7	4	2	Eccles's|Eccles	names/eccles.md
echterhoff	citation	1					1	1	1	1	0	Echterhoff	
ecker	citation	1					1	1	1	1	0	Ecker	
eckhardt	citation	1					1	1	7	3	0	Eckhardt|Eckhardt's	
eckl	citation	5					3	4	6	3	0	Eckl|Eckl's	
eckmann	citation	2					2	2	8	5	0	Eckmann	
edelman	citation	2					2	2	5	5	0	Edelman	
edelsbrunner	citation	1					1	1	1	1	0	Edelsbrunner	
eden	citation	2					2	1	2	1	0	Eden	
edixhoven	citation	2					0	2	0	0	0		
edmonds	citation	9					7	8	32	18	0	Edmonds|Edmonds's	
edo	citation	2					1	1	3	1	0	Edo	
edwards	citation	6					6	5	42	28	0	Edwards	
eells	citation	2					2	1	5	4	0	Eells	
effros	citation	4					3	3	11	7	0	Effros	
efimov	citation	1					1	1	1	0	0	Efimov's	
efron	citation	9					7	6	15	11	2	Efron	
eggan	citation	1					1	1	9	5	0	Eggan	
egger	citation	1					0	1	0	0	0		
eguchi	citation	2					2	1	7	2	0	Eguchi	
ehrenfeucht	citation	2					1	2	3	2	0	Ehrenfeucht	
ehrenpreis	citation	1					1	1	1	0	0	Ehrenpreis	
ehresmann	citation	9					8	1	11	6	0	Ehresmann's|Ehresmann	
eichinger	citation	1					0	1	0	0	0		
eichmair	citation	2					2	1	9	5	0	Eichmair|Eichmair's	
eilenberg	subject	15	249	A-finitely-generated-counterexample-to-the-Eilenberg-Ganea-conjecture-September-23-2026			15	4	32	26	0	Eilenberg|Eilenberg's	names/eilenberg.md
eilers	citation	1					1	1	1	1	0	Eilers	
ein	citation	11					9	5	38	30	0	Ein	
einsiedler	subject	1			015		1	1	19	10	0	Einsiedler	names/einsiedler.md
einstein	subject	19	267|348	An-L2-Einstein-Gap-for-Nonnegatively-Curved-Four-Manifolds-October-5-2026|Bose-Einstein-condensation-at-positive-temperature-in-the-dilute-hard-sphere-gas-October-5-2026|Positively-curved-Einstein-four-manifolds-September-23-2026|Zero-Plane-Rigidity-for-Einstein-Four-Manifolds-October-4-2026	062|260		19	1	253	214	25	Einstein|Einstein's	names/einstein.md
eisele	citation	1					1	1	15	7	0	Eisele|Eisele's	
eisenberger	citation	1					1	1	1	0	0	Eisenberger	
eisenbud	subject	8	200	Commuting-Division-Coefficient-Forms-and-the-Artinian-Eisenbud-Green-Harris-Conjecture-September-23-2026	200		3	5	40	27	0	Eisenbud	names/eisenbud.md
eisenstein	subject	17			002		17	0	131	114	13	Eisenstein|Eisenstein's	names/eisenstein.md
eisentrager	citation	1					1	1	2	0	0	Eisentrager	
eisert	citation	1					1	1	3	3	0	Eisert	
eisner	citation	1					1	1	1	1	0	Eisner	
ekedahl	citation	1					1	1	2	1	0	Ekedahl	
elbassioni	citation	1					0	1	0	0	0		
elboim	citation	1					1	1	3	3	0	Elboim	
eldan	citation	6					6	5	41	27	0	Eldan	
elduque	citation	1					0	1	0	0	0		
eleftherakis	citation	1					0	1	0	0	0		
elek	citation	2					2	2	11	4	0	Elek	
elekes	citation	2					2	2	7	6	0	Elekes	
elgart	citation	1					1	1	2	1	0	Elgart	
eliashberg	citation	3					3	3	6	2	0	Eliashberg|Eliashberg's	
elkadi	citation	1					0	1	0	0	0		
elkhadhra	citation	2					1	2	4	2	0	Elkhadhra	
elkies	citation	2					2	1	16	13	0	Elkies|Elkies's	
ellenberg	citation	3					3	3	6	6	0	Ellenberg|Ellenberg's	
elliott	subject	11	007		007		10	6	43	20	12	Elliott|Elliott's	names/elliott.md
ellis	citation	5					5	3	7	2	1	Ellis|Ellis's	
ellithy	citation	1					1	1	8	0	0	Ellithy|Ellithy's	
ellmann	citation	1					1	1	3	0	0	Ellmann|Ellmann's	
elman	citation	1					0	1	0	0	0		
elmendorf	citation	1					0	1	0	0	0		
elomary	citation	1					0	1	0	0	0		
elon	citation	1					0	1	0	0	0		
elsholtz	citation	2					2	2	17	10	0	Elsholtz	
elzinga	citation	2					0	2	0	0	0		
emanuel	citation	3					3	1	3	1	0	Emanuel	
emden	subject	2	370	The-Subcritical-Henon-Lane-Emden-Conjecture-September-24-2026	370	OAI.HenonLaneEmden.main_nonexistence	2	0	8	5	2	Emden	names/emden.md
emerson	citation	1					1	1	1	1	0	Emerson	
emerton	subject	1			010		1	1	20	9	0	Emerton|Emerton's	names/emerton.md
emery	citation	5					5	2	10	10	0	Emery	
emig	citation	1					1	1	1	1	0	Emig	
emmanouil	citation	1					1	1	2	1	0	Emmanouil	
emonts	citation	1					0	1	0	0	0		
encinas	citation	1					0	1	0	0	0		
enciso	citation	2					2	2	7	4	0	Enciso	
enders	citation	1					1	1	1	1	0	Enders	
engel	citation	6					4	4	10	7	0	Engel|Engel's	
engelking	citation	1					1	1	1	0	0	Engelking	
ennola	citation	1					1	1	9	6	0	Ennola	
enokizono	citation	1					1	1	1	1	0	Enokizono	
enomoto	citation	1					1	1	6	0	0	Enomoto	
epstein	citation	4					3	2	12	10	0	Epstein	
erbar	citation	3					1	3	1	1	0	Erbar	
erdelyi	citation	2					2	1	6	1	0	Erdelyi	
erdmann	citation	1					1	1	6	5	0	Erdmann	
erdos	subject	46	025|084|159|166|181	The-dyadic-case-of-the-Erdos-similarity-conjecture-September-25-2026|The-geometric-case-of-the-Erdos-similarity-conjecture-October-5-2026|The-higher-dimensional-Erdos-distinct-distances-conjecture-September-23-2026	153	OAI.ErdosGallai.erdos_gallai	44	24	223	129	11	Erdos|Erdos's	names/erdos.md
ergun	citation	1					1	1	1	1	0	Ergun	
ericsson	citation	1					0	1	0	0	0		
eriksson	citation	1					1	1	1	1	0	Eriksson	
ermon	citation	1					0	1	0	0	0		
eros	citation	1					1	1	1	1	0	Eros	
ershov	citation	3					3	2	10	2	1	Ershov	
esary	citation	1					0	1	0	0	0		
eschenburg	citation	3					0	3	0	0	0		
eshraghi	citation	1					0	1	0	0	0		
eskandari	citation	1					1	1	2	1	0	Eskandari	
eskin	citation	2					2	2	9	6	0	Eskin|Eskin's	
esnault	citation	3					2	3	7	4	2	Esnault	
esperet	citation	1					1	1	3	1	0	Esperet	
espindola	citation	1					1	1	7	1	0	Espindola	
essen	citation	1					1	1	1	0	0	Essen	
estermann	citation	1					0	1	0	0	0		
etingof	subject	5	208				4	2	31	11	36	Etingof	names/etingof.md
etnyre	citation	1					1	1	1	1	0	Etnyre	
euclidean	subject	193	097|158|172	A-classification-of-finite-Euclidean-Ramsey-configurations-September-23-2026|Generalized-Cartan-Hadamard-isoperimetry-and-Euclidean-equality-rigidity-September-23-2026|Smooth-isometric-immersions-of-closed-surfaces-into-Euclidean-four-space-September-23-2026|The-Euclidean-Steinitz-Bergstrom-theorem-September-24-2026|The-Euclidean-plane-is-not-five-colorable-September-23-2026	097|117|156|215|227|334|337|357|367|376	OAI.EuclideanFiveColor.no_proper_five_coloring|OAI.EuclideanRamsey.classification|OAI.EuclideanSteinitzBergstrom.main	193	0	2432	2210	55	Euclidean	names/euclidean.md
euler	subject	122			003|006|040|060|064|143|254|285|308|309		122	1	1348	1153	317	Euler|Euler's	names/euler.md
evain	citation	1					1	1	4	3	0	Evain	
evans	subject	12	368				10	5	28	15	0	Evans	names/evans.md
evertse	citation	1					1	1	5	3	0	Evertse's|Evertse	
evington	subject	3			291		3	3	17	11	0	Evington|Evington's	names/evington.md
evra	citation	2					1	1	1	0	0	Evra	
evseev	citation	1					1	1	1	0	0	Evseev	
exel	citation	1					1	1	3	1	0	Exel	
exoo	citation	1					0	1	0	0	0		
exton	citation	1					0	1	0	0	0		
eyral	citation	1					1	1	2	1	0	Eyral	
eyssidieux	citation	5					3	5	13	8	0	Eyssidieux	
ezeunala	citation	1					0	1	0	0	0		
fabes	citation	1					0	1	0	0	0		
faddeev	citation	3					2	1	2	1	0	Faddeev	
fahrenberg	citation	1					0	1	0	0	0		
faipeur	citation	1					1	1	1	0	0	Faipeur	
fakcharoenphol	citation	2					1	2	1	1	0	Fakcharoenphol	
fakhruddin	citation	1					1	1	1	0	0	Fakhruddin	
falbel	citation	1					0	1	0	0	0		
falco	citation	2					2	2	18	11	0	Falco|Falco's	
falconer	subject	3	073	The-Falconer-distance-conjecture-in-all-dimensions-September-23-2026		OAI.PlanarFalconer.mainTarget_proved	3	3	16	12	0	Falconer|Falconer's	names/falconer.md
falconet	citation	1					1	1	4	4	0	Falconet	
faltings	citation	10					9	6	99	60	7	Faltings|Faltings's	
fang	citation	6					5	5	21	13	0	Fang	
fannes	citation	2					1	2	1	1	0	Fannes	
fano	subject	18	066	Bounded-klt-complements-for-Fano-contractions-September-25-2026|Contact-Fano-manifolds-and-the-LeBrun-Salamon-conjecture-September-23-2026|Uniform-Cartier-sections-for-Fano-type-contractions-September-25-2026	034|054|056		18	1	394	363	27	Fano|Fano's	names/fano.md
fantechi	citation	5					4	3	5	3	0	Fantechi	
farag	citation	1					1	1	1	0	0	Farag	
farah	citation	1					1	1	3	2	0	Farah	
farb	citation	5					4	3	6	2	0	Farb	
farber	citation	1					0	1	0	0	0		
fargues	subject	4			311		4	3	35	28	7	Fargues	names/fargues.md
farhi	citation	2					2	1	9	5	1	Farhi|Farhi's	
farina	citation	1					1	1	1	0	0	Farina	
faris	citation	1					1	1	1	1	0	Faris	
farnik	citation	1					1	1	1	1	0	Farnik	
farnsworth	citation	1					1	1	1	1	0	Farnsworth	
farrell	citation	4					4	2	15	11	0	Farrell	
fassino	citation	1					0	1	0	0	0		
fathi	citation	2					2	2	3	2	0	Fathi|Fathi's	
fattori	citation	1					0	1	0	0	0		
faudree	citation	1					1	1	5	5	0	Faudree	
faulhuber	citation	1					1	1	3	1	0	Faulhuber	
faulkner	citation	2					2	1	2	0	0	Faulkner	
favero	citation	1					1	1	1	1	0	Favero	
favre	citation	1					0	1	0	0	0		
faw	citation	1					0	1	0	0	0		
fawzi	citation	2					0	2	0	0	0		
fay	citation	1					1	1	4	1	0	Fay|Fay's	
fayad	citation	1					1	1	4	4	0	Fayad	
fazly	citation	1					1	1	1	0	0	Fazly	
fearnley	citation	1					1	1	1	0	0	Fearnley	
feder	citation	3					3	1	5	0	0	Feder	
federer	citation	7					7	7	31	17	1	Federer|Federer's	
fedorovskiy	citation	1					0	1	0	0	0		
feehan	citation	1					1	1	2	2	0	Feehan	
fefferman	citation	9					8	7	25	13	0	Fefferman|Fefferman's	
fehm	citation	1					0	1	0	0	0		
fei	citation	4					3	2	11	7	0	Fei	
feige	citation	2					2	2	6	4	0	Feige|Feige's	
feighn	citation	2					2	1	5	2	0	Feighn	
feinberg	citation	1					1	1	8	4	0	Feinberg|Feinberg's	
feit	citation	2					2	1	11	10	0	Feit	
fel	citation	1					0	1	0	0	0		
feld	citation	1					1	1	5	1	0	Feld's|Feld	
felder	citation	1					1	1	2	2	0	Felder	
feldman	citation	3					3	2	8	6	0	Feldman	
fenchel	subject	2			228		2	0	13	10	0	Fenchel|Fenchel's	names/fenchel.md
feng	citation	11					10	6	24	8	0	Feng	
fenner	citation	1					1	1	9	7	0	Fenner	
ferleger	citation	1					1	1	1	1	0	Ferleger	
fermat	subject	9			032		9	0	80	62	18	Fermat|Fermat's	names/fermat.md
fermi	citation	6					6	1	65	57	0	Fermi	
fernandes	citation	1					1	1	1	0	0	Fernandes	
fernandez	citation	12					12	1	29	16	0	Fernandez	
fernandez-merchant	citation	1					0	1	0	0	0		
fernandez-real	citation	2					0	2	0	0	0		
fernique	citation	2					2	1	8	4	0	Fernique	
ferrando	citation	1					0	1	0	0	0		
ferrero	citation	3					2	3	4	0	0	Ferrero	
ferry	citation	2					1	2	4	2	0	Ferry	
fet	citation	1					1	1	1	1	0	Fet	
feynman	subject	9			227		9	1	23	18	4	Feynman|Feynman's	names/feynman.md
feyzbakhsh	citation	1					1	1	4	3	0	Feyzbakhsh	
fiat	citation	2					1	2	1	1	1	Fiat	
fidler	citation	1					1	1	1	0	0	Fidler	
fiedler	citation	1					0	1	0	0	0		
fierobe	citation	1					0	1	0	0	0		
figalli	citation	4					4	4	13	7	0	Figalli	
figiel	citation	2					2	1	5	2	0	Figiel	
figueras	citation	1					0	1	0	0	0		
figueroa	citation	2					2	1	2	0	0	Figueroa	
fijalkow	citation	1					1	1	1	1	0	Fijalkow	
filip	citation	1					0	1	0	0	0		
filipazzi	citation	5					5	5	16	9	0	Filipazzi|Filipazzi's	
filmus	citation	5					3	2	7	3	0	Filmus	
filonov	citation	1					1	1	4	3	0	Filonov	
filtser	citation	1					1	1	9	6	0	Filtser	
finkelberg	citation	2					2	2	7	7	0	Finkelberg	
finn-sell	citation	1					0	1	0	0	0		
fintushel	citation	1					0	1	0	0	0		
fiore	citation	1					1	1	1	0	0	Fiore	
fiori	citation	2					1	1	1	0	0	Fiori	
fiorilli	citation	1					1	1	4	0	0	Fiorilli	
firanko	citation	1					1	1	2	2	0	Firanko	
firey	citation	1					1	1	2	2	0	Firey's|Firey	
fischer	citation	9					9	3	32	25	1	Fischer|Fischer's	
fischer-colbrie	citation	1					0	1	0	0	0		
fischler	citation	3					3	2	9	2	0	Fischler	
fisher	citation	15			075|298		14	4	96	74	43	Fisher|Fisher's	
fitzner	citation	1					1	1	3	1	0	Fitzner	
flajolet	citation	2					1	1	1	1	0	Flajolet	
flake	citation	1					1	1	3	3	0	Flake	
flaminio	citation	1					1	1	1	0	0	Flaminio	
flath	citation	1					1	1	1	1	0	Flath	
flegel	citation	1					0	1	0	0	0		
fleischer	citation	1					1	1	1	1	0	Fleischer	
fleming	citation	1					1	1	4	3	0	Fleming	
flenner	citation	3					3	1	18	13	0	Flenner|Flenner's	
flicker	citation	1					0	1	0	0	0		
flint	subject	1			017		1	0	9	7	1	Flint	names/flint.md
floater	citation	1					1	1	1	1	0	Floater	
floer	subject	6		Sharpness-of-the-Cyclic-Integral-Floer-Bound-Below-the-Stable-Morse-Number-October-5-2026	306|347		6	2	100	79	0	Floer|Floer's	names/floer.md
flores	citation	1					0	1	0	0	0		
florit-simon	citation	1					0	1	0	0	0		
floyd	citation	5					5	1	12	5	1	Floyd	
flynn	citation	1					0	1	0	0	0		
foata	citation	2					1	1	1	0	0	Foata	
focardi	citation	1					1	1	7	7	0	Focardi	
fock	subject	14		A-Fock-space-inequality-and-the-Laughlin-spectral-gap-September-24-2026			14	0	192	161	39	Fock	names/fock.md
fodor	citation	1					1	1	4	3	0	Fodor's|Fodor	
fogagnolo	citation	2					1	2	2	2	0	Fogagnolo	
fogarty	citation	4					2	2	8	0	0	Fogarty|Fogarty's	
foias	citation	1					1	1	1	1	0	Foias	
folland	citation	5					5	5	9	0	0	Folland	
fomin	citation	2					2	1	5	4	0	Fomin	
fong	citation	2					2	1	6	3	0	Fong|Fong's	
foniqi	citation	1					1	1	1	1	0	Foniqi	
fontaine	subject	8	010	Fontaine-Mazur-modularity-at-the-prime-2-October-6-2026	311		8	6	65	51	2	Fontaine|Fontaine's	names/fontaine.md
forbes	citation	2					2	2	7	2	0	Forbes	
ford	subject	13	011		024		9	11	51	31	13	Ford|Ford's	names/ford.md
foreman	citation	1					1	1	1	0	0	Foreman	
formanek	citation	1					1	1	2	0	0	Formanek	
formentin	citation	1					1	1	4	3	0	Formentin	
forni	citation	2					2	2	14	9	0	Forni|Forni's	
forrester	citation	5					3	4	6	3	0	Forrester	
forster	citation	1					1	1	1	1	0	Forster	
fortin	citation	3					2	2	7	4	0	Fortin|Fortin's	
fortuin	subject	8		Brownian-continuum-random-tree-limits-of-finite-Fortuin-Kasteleyn-maps-above-four-September-24-2026			6	7	49	36	0	Fortuin	names/fortuin.md
foulkes	subject	1	210	Foulkes-Conjecture-for-the-Sixth-Symmetric-Power-September-25-2026|Quadratic-Stabilization-of-the-Canonical-Foulkes-Howe-Map-September-25-2026			1	1	24	20	0	Foulkes	names/foulkes.md
foulon	citation	1					1	1	3	3	0	Foulon	
foures-bruhat	citation	1					0	1	0	0	0		
fourier	subject	160	075|077|130	A-sharp-Fourier-certificate-for-planar-circle-packing-September-23-2026|Almost-everywhere-Fourier-convergence-in-L-log-L-September-23-2026|An-explicit-power-saving-for-the-exact-discrete-Fourier-transform-September-25-2026|Diagonal-Fourier-extension-for-positively-curved-surfaces-in-three-dimensions-September-24-2026|Elliptic-capacity-propagation-and-Fourier-restriction-to-the-sphere-September-24-2026|Exact-Fourier-certificates-for-complex-Hadamard-matrices-of-order-six-September-24-2026|Finite-tensor-savings-and-exact-Fourier-circuits-September-25-2026|From-partial-permutation-information-to-Fourier-bounds-September-26-2026	002|003|004|006|007|011|015|023|032|069|073|080|083|090|099|130|147|159|182|186|238|265|266|283|285|286	OAI.ExactFourier.main_theorem|OAI.FourierLLogL.paperMain	160	0	3773	3089	562	Fourier	names/fourier.md
fournais	citation	2					2	1	22	10	0	Fournais	
fournier	citation	4					4	2	10	4	0	Fournier|Fournier's	
fournier-facio	citation	1					0	1	0	0	0		
fox	citation	16					15	12	49	41	20	Fox|Fox's	
fradelizi	citation	3					3	3	7	4	0	Fradelizi	
fragkos	citation	1					1	1	1	1	0	Fragkos	
franceschini	citation	1					1	1	4	4	0	Franceschini	
francetic	citation	1					1	1	2	1	0	Francetic	
francis	citation	5					4	2	7	6	0	Francis	
franco	citation	1					1	1	1	0	0	Franco	
franjou	citation	1					0	1	0	0	0		
frank	citation	12					10	6	17	9	0	Frank	
frankel	citation	4					4	2	15	6	0	Frankel|Frankel's	
frankl	citation	9					6	8	13	11	1	Frankl	
franks	citation	2					1	2	2	2	0	Franks	
frankston	citation	2					2	1	2	1	0	Frankston	
franz	citation	4					4	2	12	5	0	Franz	
franzel	citation	2					0	2	0	0	0		
franzen	citation	1					0	1	0	0	0		
frasca	citation	1					0	1	0	0	0		
frassek	citation	1					1	1	1	1	0	Frassek	
frechet	citation	17					16	1	47	43	0	Frechet	
fredenhagen	citation	1					1	1	1	1	0	Fredenhagen	
freedman	citation	4					4	2	27	11	0	Freedman|Freedman's	
freitag	citation	1					0	1	0	0	0		
freiwald	citation	1					1	1	2	0	0	Freiwald	
fremlin	citation	1					0	1	0	0	0		
frenkel	citation	5					5	1	53	20	3	Frenkel	
fresnel	citation	1					1	1	2	0	0	Fresnel	
fresse	citation	1					1	1	1	0	0	Fresse	
freund	citation	1					1	1	1	1	0	Freund	
fribergh	citation	1					1	1	1	0	0	Fribergh	
fricke	subject	2			002		2	0	40	36	0	Fricke	names/fricke.md
friedberg	citation	2					2	1	10	6	2	Friedberg	
friedgut	subject	6	186		102|186		5	4	41	15	2	Friedgut|Friedgut's	names/friedgut.md
friedl	citation	2					1	2	1	1	0	Friedl	
friedlander	citation	10					7	7	14	8	0	Friedlander|Friedlander's	
friedli	citation	1					0	1	0	0	0		
friedman	citation	3					3	1	12	7	0	Friedman|Friedman's	
fries	citation	1					0	1	0	0	0		
friesecke	citation	1					1	1	4	2	0	Friesecke	
frieze	citation	5					4	4	5	4	1	Frieze	
frisch	citation	1					0	1	0	0	0		
fritzsche	citation	2					1	1	1	0	0	Fritzsche	
friz	citation	1					0	1	0	0	0		
frobenius	subject	85		Frobenius-Structures-on-Tame-Hecke-Eigensheaves-October-5-2026	002|014|030|031|034|036|055|139|203|206|208|308|311|318		85	0	2656	2363	183	Frobenius|Frobenius's	names/frobenius.md
frohlich	citation	10					8	9	35	14	0	Frohlich	
frostman	subject	6			073|074|232		6	0	135	125	58	Frostman|Frostman's	names/frostman.md
fuchino	citation	1					0	1	0	0	0		
fuglede	citation	4					4	3	13	8	0	Fuglede|Fuglede's	
fuji	citation	1					1	1	1	1	0	Fuji	
fujii	citation	1					1	1	1	1	0	Fujii	
fujiki	citation	8					7	7	85	58	1	Fujiki|Fujiki's	
fujino	citation	12					9	12	281	88	24	Fujino|Fujino's	
fujisaki	citation	2					1	2	1	1	0	Fujisaki	
fujisawa	citation	4					2	4	28	11	0	Fujisawa|Fujisawa's	
fujishige	citation	1					1	1	1	1	0	Fujishige	
fujita	subject	5	038				5	1	47	34	17	Fujita|Fujita's	names/fujita.md
fujiwara	citation	1					0	1	0	0	0		
fukaya	citation	3					3	2	9	4	0	Fukaya	
fukushima	citation	2					2	2	3	2	0	Fukushima	
fulek	citation	1					0	1	0	0	0		
fulkerson	citation	5					2	5	3	3	0	Fulkerson	
fulman	citation	1					1	1	1	0	0	Fulman	
fulton	citation	19					12	11	48	10	11	Fulton|Fulton's	
funar	citation	1					1	1	1	1	0	Funar	
furedi	citation	2					1	2	1	0	0	Furedi	
furer	citation	3					3	3	15	9	0	Furer	
furman	citation	1					1	1	2	1	0	Furman's|Furman	
furst	citation	1					1	1	3	3	0	Furst	
furstenberg	subject	16			073|074|077|079		16	8	84	56	17	Furstenberg|Furstenberg's	names/furstenberg.md
fusco	citation	7					2	6	4	3	0	Fusco	
futer	citation	1					1	1	1	0	0	Futer	
fyodorov	citation	1					1	1	2	1	0	Fyodorov	
gabai	citation	1					1	1	2	0	0	Gabai's|Gabai	
gabber	citation	6					5	2	17	11	0	Gabber	
gabdurakhmanov	citation	1					1	1	2	1	0	Gabdurakhmanov	
gabe	subject	2			291		2	2	26	9	0	Gabe|Gabe's	names/gabe.md
gaboriau	citation	3					3	3	8	4	3	Gaboriau's|Gaboriau	
gabow	citation	1					1	1	5	2	0	Gabow	
gabrielov	citation	1					1	1	1	0	0	Gabrielov	
gaburro	citation	1					0	1	0	0	0		
gacs	citation	1					0	1	0	0	0		
gagliardi	citation	1					1	1	1	1	0	Gagliardi	
gagna	citation	1					1	1	7	1	0	Gagna|Gagna's	
gagne	citation	1					0	1	0	0	0		
gagnebin	citation	1					1	1	1	0	0	Gagnebin	
gahler	citation	1					0	1	0	0	0		
gaitsgory	citation	2					2	1	96	49	0	Gaitsgory|Gaitsgory's	
galal	citation	2					2	2	2	1	0	Galal	
galanda	citation	1					1	1	3	0	0	Galanda	
gale	subject	3		Abelian-covers-Gale-correspondences-and-the-Hodge-conjecture-for-powers-October-6-2026	032		2	2	37	29	10	Gale	names/gale.md
galicer	citation	1					1	1	2	2	0	Galicer	
galichon	citation	1					0	1	0	0	0		
galil	citation	1					1	1	4	4	0	Galil	
galkin	citation	1					1	1	1	1	0	Galkin	
gallagher	citation	5					5	5	18	12	0	Gallagher|Gallagher's	
gallai	subject	1	181			OAI.ErdosGallai.erdos_gallai	1	0	4	4	0	Gallai	names/gallai.md
gallardo	citation	1					1	1	2	2	0	Gallardo	
gallego	citation	1					0	1	0	0	0		
gallot	citation	1					1	1	1	1	0	Gallot	
gallouet	citation	1					1	1	2	2	0	Gallouet	
galois	subject	44	031	Open-Homomorphisms-of-Global-Solvably-Closed-Galois-Groups-October-5-2026	002|006		44	0	1091	969	25	Galois	names/galois.md
gamarnik	citation	1					1	1	2	1	0	Gamarnik	
gamba	citation	1					0	1	0	0	0		
gamburd	citation	1					0	1	0	0	0		
gan	subject	3			014		3	2	12	4	0	Gan	names/gan.md
gandhi	citation	2					2	1	3	2	1	Gandhi	
ganea	subject	1	249	A-finitely-generated-counterexample-to-the-Eilenberg-Ganea-conjecture-September-23-2026			1	1	5	4	0	Ganea	names/ganea.md
gangl	citation	1					1	1	1	1	0	Gangl	
gangolli	citation	1					1	1	2	2	0	Gangolli	
ganzburg	citation	1					1	1	1	0	0	Ganzburg	
gao	citation	14					13	11	25	14	0	Gao	
garban	citation	7					7	6	31	18	0	Garban	
garbe	citation	1					1	1	2	2	0	Garbe	
garcia	citation	5					4	1	6	2	3	Garcia	
garcia-falset	citation	1					0	1	0	0	0		
garcia-fritz	citation	1					0	1	0	0	0		
gardam	citation	2					1	2	6	5	0	Gardam|Gardam's	
gardner	citation	4					4	3	26	12	2	Gardner|Gardner's	
gardoll	citation	1					0	1	0	0	1		
garet	citation	1					0	1	0	0	0		
garey	citation	1					1	1	2	1	0	Garey	
garg	citation	8					6	8	9	6	0	Garg	
garibaldi	citation	3					1	2	1	1	0	Garibaldi	
gariepy	citation	2					1	1	1	0	0	Gariepy	
garion	citation	1					1	1	1	0	0	Garion	
garloff	citation	1					1	1	2	2	0	Garloff	
garnett	citation	2					1	2	3	0	0	Garnett	
garoufalidis	citation	1					0	1	0	0	0		
garre-rubio	citation	1					0	1	0	0	0		
garrigos	citation	1					1	1	1	1	0	Garrigos	
garsia	subject	5			153		5	4	22	13	3	Garsia|Garsia's	names/garsia.md
gasarch	citation	1					1	1	1	1	0	Gasarch	
gasharov	citation	1					1	1	1	0	0	Gasharov	
gatermann	citation	1					0	1	0	0	0		
gaubert	citation	1					0	1	0	0	0		
gaudin	subject	2			225		2	2	26	15	7	Gaudin	names/gaudin.md
gaudron	citation	2					1	1	3	2	0	Gaudron	
gauntlett	citation	1					0	1	0	0	0		
gauss	subject	60	023	An-unconditional-first-moment-for-cubic-Gauss-sums-September-25-2026	003|006|029|066|260|338		60	0	635	545	136	Gauss|Gauss's	names/gauss.md
gaussian	subject	130	028|096|140|225|232	Bounded-Step-Walks-on-Gaussian-Primes-September-26-2026|Gaussian-free-field-limits-of-weighted-integer-Lipschitz-heights-October-6-2026|Localization-costs-and-information-growth-for-exact-Gaussian-observations-September-27-2026|Memory-and-precision-in-noiseless-Gaussian-regression-September-27-2026|Posterior-replicas-and-conditional-information-in-Gaussian-regression-September-27-2026|Replacing-Gaussian-observations-in-memory-constrained-inference-September-27-2026|Subsphere-methods-for-memory-sample-lower-bounds-in-noiseless-Gaussian-regression-September-27-2026|The-Gaussian-Propeller-Bound-in-Every-Dimension-September-24-2026|The-Gaussian-free-field-limit-of-integer-Lipschitz-heights-with-two-arc-boundary-data-October-6-2026|The-Gaussian-free-field-limit-of-the-balanced-six-vertex-model-with-variance-multiplier-1-over-arcsin-c-over-2-September-23-2026	003|029|066|079|080|082|087|090|092|093|096|097|139|140|154|211|215|216|217|219|220|222|227|232|233|234|235|236|239|267|281|291|325|331|346|355|363|364|371	OAI.GaussianMoat.fullMain|OAI.GaussianPropeller.all_partitions	130	0	6116	5223	743	Gaussian	names/gaussian.md
gavazzi	citation	1					1	1	1	1	0	Gavazzi	
gawrychowski	citation	1					0	1	0	0	0		
gayet	citation	1					1	1	1	1	0	Gayet	
gebhard	citation	1					0	1	0	0	0		
gebhardt	citation	1					1	1	1	1	0	Gebhardt	
gee	citation	3					2	3	4	4	0	Gee	
geffert	citation	1					0	1	0	0	0		
geiss	citation	1					0	1	0	0	0		
geisser	citation	3					2	3	2	1	0	Geisser	
gelaki	citation	1					1	1	1	1	0	Gelaki	
gelbart	citation	2					0	2	0	0	0		
gelman	citation	1					1	1	1	0	0	Gelman	
gemmell	citation	2					1	2	1	1	0	Gemmell	
genestier	citation	2			014		1	1	4	0	0	Genestier	
geng	citation	1					1	1	1	0	0	Geng	
gentil	citation	2					0	2	0	0	0		
gentilini	citation	1					0	1	0	0	0		
gentner	citation	1					1	1	1	1	0	Gentner	
geoghegan	citation	1					1	1	3	3	0	Geoghegan's|Geoghegan	
georgiev	citation	1					1	1	1	0	0	Georgiev	
gepner	subject	2	055	A-Gepner-stability-condition-on-every-smooth-quintic-threefold-September-24-2026			2	0	11	9	0	Gepner	names/gepner.md
geraghty	citation	3					1	3	2	1	0	Geraghty	
gerard	citation	1					1	1	1	1	0	Gerard	
gerardi	citation	1					1	1	1	0	0	Gerardi	
gerasimova	citation	1					1	1	1	0	0	Gerasimova	
gerber	citation	2					1	1	1	0	0	Gerber's	
gerencser	citation	2					1	2	2	2	0	Gerencser	
gerlach	citation	1					0	1	0	0	0		
geroch	citation	2					2	2	10	7	0	Geroch|Geroch's	
gerolin	citation	1					1	1	2	2	0	Gerolin	
gersten	subject	4	209|258	An-Integral-Degree-Three-Gersten-Counterexample-September-26-2026			4	3	21	12	0	Gersten|Gersten's	names/gersten.md
gerstenhaber	citation	3					3	3	9	7	0	Gerstenhaber	
geschke	citation	1					1	1	3	2	0	Geschke	
getzler	citation	3					2	3	29	13	0	Getzler|Getzler's	
geuvers	subject	1	245		245		1	1	9	4	0	Geuvers	names/geuvers.md
gevrey	subject	9			143		9	0	86	77	26	Gevrey	names/gevrey.md
ghaffari	citation	1					1	1	3	3	0	Ghaffari	
ghazal	citation	1					1	1	2	1	0	Ghazal	
ghidelli	citation	1					1	1	3	1	0	Ghidelli	
ghinassi	citation	1					1	1	1	1	0	Ghinassi	
ghioca	citation	1					0	1	0	0	0		
ghirlanda	subject	4			222		4	3	45	39	0	Ghirlanda	names/ghirlanda.md
ghlonti	citation	1					0	1	0	0	0		
ghomi	citation	2					2	2	12	8	0	Ghomi|Ghomi's	
ghorbani	citation	1					1	1	1	1	0	Ghorbani	
ghorpade	citation	1					0	1	0	0	0		
ghosh	citation	5					4	4	12	4	0	Ghosh|Ghosh's	
ghouila-houri	citation	1					0	1	0	0	0		
ghoussoub	citation	3					3	3	5	4	0	Ghoussoub	
ghrist	citation	1					1	1	1	1	0	Ghrist	
giacomini	citation	2					2	1	6	5	0	Giacomini	
giambalvo	citation	1					1	1	2	1	0	Giambalvo	
gibbons	citation	2					2	2	10	9	0	Gibbons	
gibbs	subject	26			227|273		26	0	609	576	35	Gibbs	names/gibbs.md
gicquaud	citation	1					1	1	2	2	0	Gicquaud	
gidas	citation	1					1	1	1	1	0	Gidas	
gigli	subject	5	356		356		3	5	35	27	0	Gigli|Gigli's	names/gigli.md
gilbarg	citation	8					5	5	6	1	0	Gilbarg	
gilbert	citation	3					3	1	18	6	0	Gilbert|Gilbert's	
gill	citation	2					2	2	4	3	0	Gill	
gille	citation	3					2	2	9	1	0	Gille|Gille's	
gilles	citation	3					2	1	2	0	1	Gilles	
gillespie	citation	1					1	1	1	1	0	Gillespie	
gillet	citation	3					2	2	4	2	0	Gillet	
gillette	citation	1					0	1	0	0	0		
gilson	citation	1					1	1	1	0	0	Gilson's	
gimbert	citation	1					0	1	0	0	0		
ginibre	citation	9					7	8	48	38	4	Ginibre|Ginibre's	
ginzburg	citation	4					4	1	12	9	0	Ginzburg|Ginzburg's	
giol	citation	1					1	1	1	0	0	Giol	
giordano	citation	3					2	3	2	1	0	Giordano	
giorgi	subject	10	375				10	1	27	24	0	Giorgi|Giorgi's	names/giorgi.md
giovenzana	citation	1					1	1	2	2	0	Giovenzana	
girao	citation	4					4	4	8	7	0	Girao	
girard	citation	1					1	1	3	1	0	Girard	
girardi	citation	1					1	1	10	3	0	Girardi	
girardot	citation	1					1	1	4	3	0	Girardot	
giraud	citation	1					1	1	2	1	0	Giraud	
gire	citation	1					1	1	2	1	0	Gire	
giroux	citation	1					1	1	1	0	0	Giroux	
girsch	citation	2					0	2	0	0	0		
girvin	citation	1					1	1	2	2	0	Girvin	
gishboliner	citation	1					1	1	2	2	0	Gishboliner	
gismondi	citation	1					1	1	2	1	0	Gismondi	
gitik	citation	1					0	1	0	0	0		
giudici	citation	1					1	1	1	0	0	Giudici	
giuliani	citation	5					4	4	25	7	0	Giuliani|Giuliani's	
giusti	citation	2					2	2	3	3	0	Giusti	
givental	citation	2					2	2	16	8	0	Givental|Givental's	
glaser	citation	1					0	1	0	0	0		
glassey	citation	1					1	1	8	6	0	Glassey	
glauber	subject	1		A-typical-start-upper-bound-for-low-temperature-SK-Glauber-dynamics-September-24-2026			1	0	20	17	0	Glauber|Glauber's	names/glauber.md
glazman	subject	4					4	3	69	18	0	Glazman|Glazman's	names/glazman.md
gleason	citation	3					3	2	5	2	0	Gleason	
glibichuk	citation	1					0	1	0	0	0		
glimm	citation	3					3	1	5	4	0	Glimm	
glockner	citation	2					1	2	1	0	0	Glockner	
glutsyuk	citation	1					1	1	3	1	0	Glutsyuk|Glutsyuk's	
glynn	citation	2					1	2	3	3	0	Glynn	
gneiting	citation	1					0	1	0	0	0		
gobel	citation	2					2	1	4	3	0	Gobel	
goddyn	citation	1					0	1	0	0	0		
godefroy	citation	2					2	1	17	8	0	Godefroy|Godefroy's	
godel	citation	2					2	2	6	4	0	Godel's|Godel	
godelle	citation	1					1	1	1	0	0	Godelle	
goebel	citation	1					1	1	5	4	0	Goebel	
goel	citation	2					1	1	2	1	0	Goel	
goemans	citation	4					3	3	12	8	0	Goemans	
goerss	citation	6					5	3	18	12	1	Goerss	
goffeng	citation	1					0	1	0	0	0		
gohari	citation	1					1	1	10	9	0	Gohari	
gohde	citation	1					1	1	2	1	0	Gohde	
golberg	citation	3					2	1	6	0	0	Golberg	
goldbach	subject	3	013				3	0	6	4	0	Goldbach	names/goldbach.md
goldberg	citation	4					4	3	6	5	0	Goldberg	
goldbring	citation	2					1	2	4	2	2	Goldbring	
golden	citation	2					2	2	5	5	2	Golden	
goldenberg	citation	2					2	1	8	8	0	Goldenberg	
goldfeld	subject	3	006		006		3	1	46	23	0	Goldfeld's|Goldfeld	names/goldfeld.md
golding	citation	1					1	1	2	2	0	Golding	
goldman	citation	4					3	3	6	3	0	Goldman	
goldreich	citation	4					3	4	8	8	0	Goldreich	
goldston	citation	2					2	1	3	0	0	Goldston	
goldsztejn	citation	1					0	1	0	0	0		
goldwasser	citation	1					1	1	3	3	0	Goldwasser	
gollin	citation	1					1	1	1	1	0	Gollin	
golod	citation	5					4	4	24	11	1	Golod|Golod's	
golovko	citation	1					1	1	20	6	0	Golovko	
golovnev	citation	2					2	1	5	1	0	Golovnev	
golowich	citation	3					3	3	7	5	0	Golowich|Golowich's	
golse	citation	2					2	2	2	2	0	Golse	
golubitsky	citation	1					0	1	0	0	0		
gomez-mont	citation	1					0	1	0	0	0		
gomez-serrano	citation	2					0	2	0	0	0		
gompf	citation	1					1	1	5	1	0	Gompf|Gompf's	
gong	citation	3					3	1	7	2	0	Gong	
gongyo	subject	4			034		4	3	46	26	1	Gongyo|Gongyo's	names/gongyo.md
gonzalez	citation	6					5	1	22	12	3	Gonzalez	
gonzalez-prieto	citation	1					0	1	0	0	0		
gonzalez-riquelme	citation	1					0	1	0	0	0		
goodearl	citation	1					1	1	1	0	0	Goodearl	
goodey	citation	1					1	1	3	2	0	Goodey	
goodman	citation	2					2	2	2	2	0	Goodman	
goos	citation	2					2	2	2	1	0	Goos	
gopalan	subject	4	192				4	3	6	3	0	Gopalan	names/gopalan.md
gopalkrishnan	citation	1					1	1	3	1	0	Gopalkrishnan	
gordon	citation	10					10	2	17	8	0	Gordon	
goren	citation	1					0	1	0	0	0		
gorenstein	citation	19					17	2	161	148	0	Gorenstein	
goresky	citation	3					3	2	20	8	0	Goresky|Goresky's	
gorgadze	citation	1					0	1	0	0	0		
gori-giorgi	citation	1					0	1	0	0	0		
gorodetsky	citation	2					1	2	2	1	0	Gorodetsky	
gorodski	citation	2					2	2	2	0	0	Gorodski	
gorsky	citation	1					1	1	2	1	0	Gorsky	
gosset	citation	2					2	2	2	1	0	Gosset	
goswami	citation	1					1	1	2	1	0	Goswami	
gotsman	subject	1	127			OAI.LeanBlast.GotsmanLinial.gotsmanLinialStatement	1	0	6	4	0	Gotsman	names/gotsman.md
gottschalk	citation	1					1	1	7	5	0	Gottschalk's|Gottschalk	
gottsche	citation	3					2	1	6	4	0	Gottsche	
gou	citation	1					1	1	2	1	0	Gou	
goubault-larrecq	citation	1					0	1	0	0	0		
gouere	citation	1					0	1	0	0	0		
gounelas	citation	1					1	1	5	4	0	Gounelas	
gouvea	citation	1					1	1	1	0	0	Gouvea	
gouveia	citation	2					1	2	1	1	0	Gouveia	
gover	citation	1					0	1	0	0	0		
gowda	citation	1					1	1	1	0	0	Gowda	
gowers	subject	14			159		12	9	48	34	13	Gowers|Gowers's	names/gowers.md
gozlan	citation	2					2	2	9	7	0	Gozlan|Gozlan's	
graber	citation	6					6	3	16	9	0	Graber	
grabiner	citation	1					1	1	2	2	0	Grabiner's|Grabiner	
grable	citation	1					1	1	6	1	0	Grable	
grabowski	citation	1					1	1	2	1	0	Grabowski's|Grabowski	
gradel	citation	1					1	1	6	6	0	Gradel	
graf	citation	3					2	1	9	4	1	Graf|Graf's	
grafakos	citation	2					1	1	4	1	3	Grafakos	
graham	subject	15				OAI.GrahamSpherical.full_main	11	10	19	10	1	Graham	names/graham.md
gram	subject	108			003|023|082|095|122|140|157|266|269|281|286|357		108	0	1132	1003	221	Gram	names/gram.md
gramain	citation	1					1	1	1	0	0	Gramain	
grand-clement	citation	1					0	1	0	0	0		
grandoni	citation	1					1	1	3	3	0	Grandoni	
granet	citation	2					2	2	2	2	0	Granet	
granville	citation	7					6	7	15	10	1	Granville	
grassl	citation	1					1	1	2	0	0	Grassl	
grassmann	subject	9			105		9	0	48	39	11	Grassmann	names/grassmann.md
gratzer	citation	1					1	1	2	2	0	Gratzer	
grauert	citation	15					14	12	98	32	0	Grauert|Grauert's	
grayevsky	citation	1					1	1	1	0	0	Grayevsky	
greaves	citation	1					1	1	2	1	0	Greaves	
greb	subject	6			041		4	4	16	5	0	Greb	names/greb.md
grebik	citation	1					0	1	0	0	0		
green	subject	64	200	Commuting-Division-Coefficient-Forms-and-the-Artinian-Eisenbud-Green-Harris-Conjecture-September-23-2026	051|090|200|211|216|223|232|233|260|261|365|375		60	17	646	524	392	Green|Green's	names/green.md
greenberg	citation	2					1	1	26	22	0	Greenberg	
greenblatt	citation	1					1	1	20	8	0	Greenblatt	
greendlinger	citation	1					1	1	1	1	0	Greendlinger's	
greene	citation	7					7	4	11	5	0	Greene	
greenfeld	citation	1					1	1	1	0	0	Greenfeld	
greenhill	citation	2					2	1	15	7	0	Greenhill|Greenhill's	
greer	citation	1					1	1	2	2	0	Greer	
grenet	citation	1					0	1	0	0	0		
greschonig	citation	2					0	2	0	0	0		
gretta	citation	1					1	1	11	7	0	Gretta	
greuel	citation	3					3	3	8	2	0	Greuel	
greven	citation	1					1	1	1	1	0	Greven	
grey	citation	3					3	1	3	2	2	Grey	
gribling	citation	1					1	1	1	0	0	Gribling	
grier	citation	1					1	1	6	6	0	Grier	
griffin	citation	1					1	1	1	0	0	Griffin	
griffiths	subject	18	050		033		17	9	102	67	11	Griffiths|Griffiths's	names/griffiths.md
grifo	citation	1					0	1	0	0	0		
grigorchuk	citation	3					3	2	8	2	0	Grigorchuk	
grigoriev	citation	2					1	1	2	0	0	Grigoriev	
grimmett	citation	4					4	2	10	6	2	Grimmett	
grinberg	citation	1					1	1	1	0	0	Grinberg	
grinko	citation	1					0	1	0	0	0		
grinstein	citation	1					0	1	0	0	0		
grinsztajn	citation	1					1	1	2	1	0	Grinsztajn's|Grinsztajn	
gritsenko	citation	2					0	2	0	0	0		
groechenig	citation	1					1	1	1	1	0	Groechenig	
groff	citation	1					1	1	2	0	0	Groff	
grohe	citation	2					2	2	21	10	0	Grohe|Grohe's	
gromoll	citation	4					3	4	5	5	0	Gromoll	
gromov	subject	52	335		335		52	24	282	193	11	Gromov|Gromov's	names/gromov.md
gronchi	citation	1					1	1	1	0	0	Gronchi	
gross	subject	17			002		17	13	198	138	14	Gross|Gross's	names/gross.md
grossberg	citation	1					1	1	4	2	0	Grossberg|Grossberg's	
grosse-klonne	citation	1					0	1	0	0	0		
grossi	citation	3					3	3	6	6	0	Grossi	
grothendieck	subject	46	312	The-Grothendieck-homotopy-hypothesis-via-elementary-expansions-September-24-2026		OAI.Grothendieck.elementary_expansion	40	18	198	138	7	Grothendieck|Grothendieck's	names/grothendieck.md
grotschel	citation	2					1	2	1	1	0	Grotschel	
grover	citation	3					3	1	7	2	1	Grover|Grover's	
groves	citation	3					3	1	7	1	0	Groves	
gruber	citation	4					4	4	12	11	0	Gruber|Gruber's	
gruenberg	citation	1					1	1	2	2	0	Gruenberg	
grunau	citation	1					0	1	0	0	0		
grunbaum	citation	2					2	2	3	2	4	Grunbaum|Grunbaum's	
grunewald	citation	1					1	1	1	0	0	Grunewald	
gruson	citation	1					0	1	0	0	0		
gruter	citation	1					0	1	0	0	0		
guadagni	citation	1					1	1	1	1	0	Guadagni	
guan	citation	4					2	4	4	3	0	Guan|Guan's	
guarneri	citation	1					0	1	0	0	0		
guay-paquet	citation	1					0	1	0	0	0		
guba	citation	1					1	1	3	2	0	Guba	
gubler	citation	1					0	1	0	0	0		
guedj	citation	3					2	3	4	2	1	Guedj	
guenais	citation	1					1	1	2	1	0	Guenais	
guenancia	citation	4					3	3	14	8	0	Guenancia	
guentner	citation	1					1	1	2	1	0	Guentner	
guere	citation	1					1	1	2	0	0	Guere	
guerra	subject	9			222		9	7	103	67	0	Guerra|Guerra's	names/guerra.md
guetta	citation	1					1	1	1	0	0	Guetta	
gueye	citation	1					0	1	0	0	0		
guha	citation	2					2	1	13	7	0	Guha	
gui	citation	3					3	2	29	12	0	Gui's|Gui	
guibas	citation	1					1	1	1	1	0	Guibas	
guido	citation	1					0	1	0	0	0		
guillarmou	citation	1					1	1	2	0	0	Guillarmou	
guillemin	citation	6					4	5	12	10	0	Guillemin|Guillemin's	
guillermou	citation	1					1	1	1	1	0	Guillermou	
guillon	citation	1					1	1	1	0	0	Guillon	
guilloux	citation	1					0	1	0	0	0		
guionnet	citation	4					4	2	9	3	0	Guionnet	
guitart	citation	1					1	1	2	2	0	Guitart	
guler	citation	1					1	1	2	2	0	Guler	
gulliver	citation	1					1	1	2	0	0	Gulliver	
gundlach	citation	1					1	1	2	1	0	Gundlach's|Gundlach	
gundy	citation	1					1	1	1	1	0	Gundy	
guneysu	citation	1					0	1	0	0	0		
guo	citation	17					15	12	38	23	0	Guo	
gupta	citation	13					11	6	58	28	0	Gupta|Gupta's	
guralnick	citation	2					2	2	4	3	0	Guralnick	
gurevich	citation	3					2	2	14	11	3	Gurevich	
gurjar	citation	2					2	1	4	2	0	Gurjar	
gurriaran	citation	1					1	1	7	3	0	Gurriaran	
gursky	citation	1					1	1	17	5	0	Gursky	
guruswami	citation	5					3	5	14	9	0	Guruswami	
gurvich	citation	1					0	1	0	0	0		
gurvits	citation	3					3	2	8	2	0	Gurvits|Gurvits's	
guterman	citation	1					0	1	0	0	0		
guth	subject	11			166		11	10	67	44	0	Guth|Guth's	names/guth.md
gutierrez	citation	3					3	2	4	2	0	Gutierrez	
gutman	citation	2					2	2	4	2	0	Gutman	
gutperle	citation	1					0	1	0	0	0		
guy	citation	2					2	1	3	2	0	Guy|Guy's	
guysinsky	citation	1					0	1	0	0	0		
gwyn	citation	1					0	1	0	0	0		
gwynne	citation	2					1	2	48	28	0	Gwynne|Gwynne's	
gyarfas	subject	2	162				2	2	7	3	0	Gyarfas|Gyarfas's	names/gyarfas.md
gyorgyi	citation	1					1	1	3	0	0	Gyorgyi	
gysin	subject	12			344|345		12	0	98	83	25	Gysin	names/gysin.md
haag	citation	4					3	2	4	4	0	Haag	
haagerup	citation	15					15	11	97	39	5	Haagerup|Haagerup's	
haar	subject	60			002|073|075|140|222|227|255|285|286|287|289|291		60	0	1066	895	114	Haar	names/haar.md
haase	citation	1					0	1	0	0	1		
habegger	citation	1					1	1	8	2	0	Habegger	
haberberger	citation	1					1	1	2	1	0	Haberberger	
habermann	citation	1					1	1	1	1	0	Habermann	
hablicsek	citation	1					1	1	2	2	0	Hablicsek	
hacking	citation	1					1	1	1	1	0	Hacking	
hacon	citation	11					8	9	103	52	0	Hacon	
hadamard	subject	34	179|337	Exact-Fourier-certificates-for-complex-Hadamard-matrices-of-order-six-September-24-2026|Generalized-Cartan-Hadamard-isoperimetry-and-Euclidean-equality-rigidity-September-23-2026|The-circulant-Hadamard-conjecture-September-23-2026	005|227	OAI.CirculantHadamard.exists_iff_order_one_or_four	34	0	221	176	21	Hadamard|Hadamard's	names/hadamard.md
hadani	citation	2					1	2	2	2	0	Hadani	
hadwiger	subject	3	157	A-linear-list-coloring-bound-in-terms-of-the-Hadwiger-number-September-23-2026		OAI.HadwigerCounterexample.not_hadwiger_conjecture	3	2	37	29	3	Hadwiger|Hadwiger's	names/hadwiger.md
haefliger	citation	14					7	8	9	3	0	Haefliger	
haettel	citation	2					2	1	11	3	0	Haettel	
haeupler	citation	5					2	3	6	2	1	Haeupler	
hafezi	citation	1					0	1	0	0	0		
hafner	citation	1					1	1	2	2	0	Hafner	
haggstrom	citation	3					3	3	12	6	0	Haggstrom	
hagler	citation	1					1	1	3	3	0	Hagler	
haglund	citation	2					2	1	3	0	1	Haglund	
hahn	subject	26	319	Counterexamples-to-the-Hahn-Wilson-conjecture-at-height-two-September-26-2026			24	2	60	44	0	Hahn	names/hahn.md
hai	citation	3					2	1	3	3	0	Hai	
haim-kislev	citation	1					0	1	0	0	0		
haiman	citation	1					1	1	2	1	0	Haiman|Haiman's	
hain	citation	1					1	1	7	4	0	Hain|Hain's	
haines	citation	2					2	1	2	0	0	Haines	
hainzl	citation	1					1	1	2	1	0	Hainzl	
hairer	citation	1					0	1	0	0	0		
hajdu	citation	1					1	1	1	0	0	Hajdu	
hajek	citation	1					1	1	1	0	0	Hajek	
hajiaghayi	citation	2					2	2	3	3	0	Hajiaghayi	
hajir	citation	1					1	1	1	1	1	Hajir	
haken	citation	5					5	2	8	4	0	Haken|Haken's	
halasz	citation	2					2	1	4	4	1	Halasz|Halasz's	
halberstam	citation	4					4	1	7	6	0	Halberstam	
haldane	subject	2	268	The-periodic-spin-one-Haldane-gap-September-24-2026			2	2	28	20	0	Haldane|Haldane's	names/haldane.md
hales	citation	7					4	6	23	19	0	Hales	
hall	subject	22			171		20	10	119	82	19	Hall|Hall's	names/hall.md
halleck-dube	citation	1					0	1	0	0	0		
halpern	citation	1					0	1	0	0	0		
halupczok	citation	1					1	1	3	2	0	Halupczok	
hambleton	citation	2					1	2	4	0	0	Hambleton	
hamilton	citation	22					22	5	90	64	4	Hamilton|Hamilton's	
hamiltonian	subject	43	180	Hamiltonian-Fixed-Points-Below-the-Stable-Morse-Number-October-5-2026|Hamiltonian-Fixed-Points-Below-the-Stable-Morse-Number-in-Dimension-Twenty-Two-October-5-2026|Paired-states-and-Hamiltonian-cycles-in-cubic-bipartite-planar-graphs-September-24-2026|Positive-eigenvalues-of-the-relative-SU-2-BFSS-Hamiltonian-October-5-2026	265|278|343|347		43	0	672	612	62	Hamiltonian|Hamiltonian's	names/hamiltonian.md
hamm	citation	2					2	1	3	1	0	Hamm	
hammersley	citation	3					3	2	19	10	0	Hammersley	
han	citation	13					8	12	26	7	2	Han|Han's	
hanamura	citation	3					3	2	26	7	0	Hanamura|Hanamura's	
handschy	citation	1					1	1	5	5	0	Handschy	
hanebaly	citation	1					1	1	3	1	0	Hanebaly	
hani	citation	1					1	1	5	2	0	Hani	
hanke	citation	2					2	2	5	1	0	Hanke	
hanner	subject	2			087		2	2	31	26	3	Hanner|Hanner's	names/hanner.md
hanners	citation	1					1	1	4	0	0	Hanners	
hanselman	citation	1					1	1	2	1	0	Hanselman	
hansen	subject	5			087		3	4	12	7	2	Hansen	names/hansen.md
hanson	citation	5					5	2	19	16	0	Hanson|Hanson's	
hantoute	citation	1					0	1	0	0	0		
hao	citation	2					2	1	3	2	0	Hao	
happel	citation	2					2	1	2	2	0	Happel	
hara	citation	1					1	1	3	0	0	Hara	
harada	citation	1					0	1	0	0	0		
harangi	citation	2					1	2	2	2	0	Harangi	
harari	citation	3					2	3	11	5	0	Harari|Harari's	
harary	citation	2					2	1	6	4	0	Harary	
harbater	citation	1					1	1	4	4	0	Harbater	
harbourne	citation	1					1	1	6	2	0	Harbourne|Harbourne's	
harcos	citation	2					2	1	2	1	0	Harcos	
harder	citation	14					14	2	102	93	27	Harder|Harder's	
hardin	citation	3					2	3	6	3	0	Hardin	
hardt	citation	4					3	2	5	2	0	Hardt|Hardt's	
hardy	subject	27			275|282|336|375		27	3	95	72	33	Hardy|Hardy's	names/hardy.md
hare	citation	1					0	1	0	0	0		
harel	citation	3					3	3	12	9	0	Harel	
harish-chandra	citation	4					0	4	0	0	0		
harman	citation	2					2	1	8	3	0	Harman	
harnad	citation	1					0	1	0	0	0		
harper	citation	3					3	2	10	7	0	Harper|Harper's	
harremoes	citation	2					1	1	2	2	0	Harremoes	
harris	subject	24	200	Commuting-Division-Coefficient-Forms-and-the-Artinian-Eisenbud-Green-Harris-Conjecture-September-23-2026	014|200		17	15	101	54	2	Harris|Harris's	names/harris.md
harrow	citation	1					1	1	2	2	0	Harrow	
harsha	citation	2					2	1	3	2	0	Harsha	
hart	citation	2					2	2	3	3	0	Hart	
hartogs	subject	11			052|359	OAI.PinchedHartogs.main_theorem	11	0	80	62	17	Hartogs	names/hartogs.md
hartshorne	citation	12					10	9	40	13	7	Hartshorne|Hartshorne's	
harvey	citation	9					5	8	21	10	0	Harvey	
harvie	citation	1					0	1	0	0	0		
hasa	citation	1					1	1	3	1	0	Hasa	
hasenfratz	citation	1					1	1	5	1	0	Hasenfratz	
hashizume	citation	4					4	3	49	15	1	Hashizume|Hashizume's	
hasler	citation	2					1	1	3	2	0	Hasler	
haslhofer	citation	2					2	2	4	2	0	Haslhofer's|Haslhofer	
hasse	subject	12			018|059		12	0	109	92	16	Hasse|Hasse's	names/hasse.md
hassell	citation	1					1	1	1	0	0	Hassell	
hassett	subject	5			054		5	2	31	15	0	Hassett|Hassett's	names/hassett.md
hastings	citation	4					4	1	19	9	0	Hastings	
hata	citation	1					1	1	1	0	0	Hata's	
hatami	citation	3					3	2	9	3	0	Hatami|Hatami's	
hatcher	citation	31					28	24	88	6	9	Hatcher|Hatcher's	
hatcliff	citation	1					1	1	1	1	0	Hatcliff	
hattori	citation	2					1	2	13	12	0	Hattori	
hauke	citation	1					1	1	8	6	0	Hauke	
hauke-treuer	citation	1					0	1	0	0	0		
hausdorff	subject	94	230	An-exact-Hausdorff-gauge-for-SLE-September-25-2026|An-explicit-exact-Hausdorff-gauge-for-SLE-September-26-2026|Every-four-dimensional-Kakeya-set-has-full-Hausdorff-dimension-September-24-2026	022|230		94	1	750	677	14	Hausdorff	names/hausdorff.md
hausel	citation	2					2	2	14	10	7	Hausel|Hausel's	
hauser	citation	1					0	1	0	0	0		
haussler	citation	1					0	1	0	0	0		
havet	citation	1					1	1	1	0	0	Havet	
haviv	citation	1					1	1	4	2	0	Haviv	
hawking	citation	3			260		3	2	20	17	10	Hawking	
haxell	subject	2			181		2	2	16	11	3	Haxell|Haxell's	names/haxell.md
hayes	citation	1					1	1	2	0	0	Hayes	
hayman	citation	2					1	1	1	1	0	Hayman	
hayward	citation	1					1	1	2	2	0	Hayward	
hazama	citation	1					1	1	18	4	0	Hazama|Hazama's	
hazewinkel	citation	5					5	2	24	19	0	Hazewinkel|Hazewinkel's	
heard	citation	4					4	3	15	11	9	Heard|Heard's	
heath-brown	citation	6			023		0	5	0	0	0		
hebbar	citation	1					1	1	2	0	0	Hebbar	
hebert	citation	1					0	1	0	0	0		
hecht	citation	1					0	1	0	0	0		
heck	citation	1					1	1	2	2	0	Heck	
hecke	subject	17		Constructible-tame-Hecke-eigensheaves-in-positive-characteristic-October-5-2026|Frobenius-Structures-on-Tame-Hecke-Eigensheaves-October-5-2026|Tame-Hecke-Eigensheaves-with-Several-Marked-Points-October-5-2026|The-Dimension-of-the-Two-Adic-Hecke-Algebra-at-Odd-Level-October-5-2026	002|003|014|023	OAI.SevenEighths.HeckeFamily.LFunction_ne_zero_of_seven_eighths_lt_re	17	0	1212	1002	212	Hecke|Hecke's	names/hecke.md
hedayatzadeh	citation	1					0	1	0	0	0		
hedenmalm	citation	2					2	2	6	0	0	Hedenmalm	
heegner	subject	3			002|006		3	0	278	238	92	Heegner	names/heegner.md
heeney	citation	1					1	1	4	4	0	Heeney	
hegde	citation	1					0	1	0	0	0		
heger	citation	1					1	1	2	2	0	Heger	
heida	citation	1					0	1	0	0	0		
heier	citation	1					1	1	3	0	1	Heier	
heilbronn	subject	2	191	A-power-improvement-in-the-Heilbronn-triangle-lower-bound-September-25-2026			2	0	7	6	0	Heilbronn|Heilbronn's	names/heilbronn.md
heinonen	citation	4					4	1	9	2	0	Heinonen	
heinrich	citation	2					1	2	3	1	0	Heinrich	
heintze	subject	2			260		1	2	6	5	0	Heintze	names/heintze.md
heisenberg	subject	19		A-boundary-field-gap-for-the-spin-one-Heisenberg-chain-September-24-2026|Blochs-Law-for-Finite-Range-Heisenberg-Ferromagnets-in-Three-Dimensions-October-5-2026|Spontaneous-magnetization-in-the-quantum-Heisenberg-ferromagnet-September-24-2026|The-spherical-magnetization-law-for-the-three-dimensional-quantum-Heisenberg-ferromagnet-October-5-2026	285		19	1	132	109	30	Heisenberg	names/heisenberg.md
heister	citation	1					1	1	1	1	0	Heister	
helein	citation	1					1	1	1	1	0	Helein	
helffer	citation	2					2	1	2	1	0	Helffer	
helfgott	citation	7					7	7	17	8	0	Helfgott|Helfgott's	
helgason	citation	2					1	2	3	3	0	Helgason|Helgason's	
heller	citation	1					0	1	0	0	0		
helling	citation	1					1	1	1	1	0	Helling	
hellmann	citation	1					1	1	2	0	0	Hellmann	
helm	citation	2					2	1	5	3	0	Helm	
helmke	citation	1					1	1	6	1	5	Helmke	
helson	citation	2					2	2	2	1	0	Helson	
helstrom	citation	1					0	1	0	0	0		
helton	citation	1					1	1	4	3	0	Helton	
hemo	citation	1					0	1	0	0	0		
hencl	citation	1					1	1	14	10	0	Hencl|Hencl's	
henderson	citation	2					2	1	5	3	0	Henderson|Henderson's	
hendriks	citation	1					0	1	0	0	0		
heng	citation	4					4	1	11	5	0	Heng	
henk	citation	3					3	1	7	3	0	Henk	
henke	citation	1					0	1	0	0	0		
henn	citation	1					1	1	10	10	0	Henn|Henn's	
henniart	citation	2					2	1	5	4	0	Henniart's|Henniart	
henon	subject	1	370	The-Subcritical-Henon-Lane-Emden-Conjecture-September-24-2026	370	OAI.HenonLaneEmden.main_nonexistence	1	0	5	3	0	Henon	names/henon.md
henriet	citation	1					0	1	0	0	0		
henry	citation	6					6	1	47	15	0	Henry|Henry's	
hensel	citation	16					15	1	44	25	0	Hensel|Hensel's	
henzinger	citation	1					1	1	2	1	0	Henzinger	
herke	citation	1					1	1	3	3	0	Herke	
hermann	citation	3					3	1	4	4	0	Hermann	
hermite	subject	20			093|227		20	0	98	87	27	Hermite|Hermite's	names/hermite.md
hermitian	subject	85			059		85	0	936	840	99	Hermitian	names/hermitian.md
hermon	citation	1					1	1	1	0	0	Hermon	
hernandez	citation	2					2	1	6	3	0	Hernandez|Hernandez's	
herrero	citation	1					0	1	0	0	0		
herstein	citation	2					1	2	2	2	0	Herstein's|Herstein	
hertel	citation	2					2	2	3	2	0	Hertel	
hertling	citation	2			059		2	1	5	2	0	Hertling	
herz	citation	1					1	1	2	2	0	Herz	
herzlich	citation	2					2	1	10	8	0	Herzlich	
hess	citation	21					21	1	489	80	0	Hess	
hesselholt	citation	2					2	2	7	4	0	Hesselholt	
hessenberg	subject	1			169		1	0	3	3	1	Hessenberg	names/hessenberg.md
hessian	subject	86		Weak-Hessian-bounds-along-every-geodesic-in-RCD-spaces-September-24-2026	082|215|216|222|260|348|350|356	OAI.WeakHessian.every_geodesic	86	0	1367	1234	333	Hessian|Hessian's	names/hessian.md
hethelyi	citation	1					0	1	0	0	0		
heule	citation	1					1	1	1	1	0	Heule	
heyer	citation	1					1	1	4	1	0	Heyer's|Heyer	
hezari	citation	2					2	2	9	2	0	Hezari|Hezari's	
hiai	citation	3					3	2	6	1	0	Hiai|Hiai's	
hickman	citation	1					1	1	4	3	0	Hickman	
hida	citation	2					2	2	6	3	0	Hida|Hida's	
higgs	subject	6			033		6	0	101	92	3	Higgs	names/higgs.md
higham	citation	1					1	1	3	0	0	Higham	
higman	subject	5	250	Finite-algebraic-envelopes-and-the-Boone-Higman-conjecture-September-23-2026			4	4	40	29	0	Higman|Higman's	names/higman.md
higson	citation	2					2	2	16	4	0	Higson	
hikita	subject	2	044	The-equivariant-cohomological-Hikita-conjecture-for-arbitrary-quivers-September-24-2026			2	2	15	13	0	Hikita|Hikita's	names/hikita.md
hilbert	subject	171	004|082|083|086|143|304	A-doubling-Hilbert-subset-with-no-finite-dimensional-bi-Lipschitz-embedding-September-25-2026|A-uniform-Hilbert-transform-estimate-for-Lipschitz-directions-September-25-2026|An-L3-bound-for-the-dyadic-triangular-Hilbert-form-October-5-2026|An-L3-bound-for-the-trilinear-Hilbert-transform-October-5-2026|Annular-variation-of-the-triangular-Hilbert-transform-at-the-symmetric-point-October-5-2026|The-Hilbert-Smith-conjecture-in-every-finite-dimension-September-23-2026|The-maximal-triangular-Hilbert-transform-at-the-symmetric-point-September-24-2026	032|037|040|054|154|194|211|218|225|238|280|282|286|304|331	OAI.DoublingHilbert.main|OAI.TriangularHilbert.main_estimate	171	3	2709	2445	165	Hilbert|Hilbert's	names/hilbert.md
hilburn	citation	1					1	1	1	0	0	Hilburn	
hildebrand	citation	1					0	1	0	0	0		
hill	citation	9					8	4	27	14	8	Hill|Hill's	
hind	citation	3					3	2	8	4	0	Hind|Hind's	
hindman	subject	2	164				1	1	19	8	1	Hindman|Hindman's	names/hindman.md
hine	citation	1					1	1	1	0	0	Hine	
hingston	citation	1					1	1	9	8	0	Hingston|Hingston's	
hinrichs	citation	1					1	1	4	2	0	Hinrichs	
hintz	citation	1					1	1	10	6	0	Hintz|Hintz's	
hirakawa	citation	1					0	1	0	0	0		
hironaka	citation	11					10	6	24	16	0	Hironaka|Hironaka's	
hirsch	citation	11					10	5	33	25	0	Hirsch	
hirschowitz	citation	3					3	2	3	2	0	Hirschowitz|Hirschowitz's	
hirshberg	subject	3			291		3	3	12	8	0	Hirshberg	names/hirshberg.md
hirzebruch	citation	14					14	1	30	16	0	Hirzebruch|Hirzebruch's	
hislop	citation	1					0	1	0	0	0		
hiss	citation	2					2	2	10	4	0	Hiss	
hitchin	citation	5					3	3	44	39	3	Hitchin|Hitchin's	
hjorth	citation	1					1	1	1	1	0	Hjorth	
hoang	citation	4					3	2	18	10	2	Hoang	
hochman	citation	6					5	6	12	6	0	Hochman|Hochman's	
hochschild	subject	15		Vanishing-of-higher-bounded-Hochschild-cohomology-September-23-2026	032|203		15	0	101	81	0	Hochschild	names/hochschild.md
hochster	citation	5					5	2	25	9	0	Hochster|Hochster's	
hoda	citation	1					1	1	1	0	0	Hoda	
hodge	subject	45	032	Abelian-covers-Gale-correspondences-and-the-Hodge-conjecture-for-powers-October-6-2026|Algebraic-Kuga-Satake-correspondences-and-Hodge-conjectures-on-a-K3-quadratic-locus-September-30-2026|Projective-Hodge-lines-and-ordinary-Iitaka-subadditivity-September-27-2026|The-rational-Hodge-conjecture-for-CM-abelian-varieties-October-6-2026|Weil-classes-and-Hodge-classes-on-abelian-powers-October-6-2026	001|002|032|033|034|056|065		45	1	3137	2845	200	Hodge	names/hodge.md
hodgson	citation	1					1	1	1	1	0	Hodgson	
hoeffding	citation	23					22	12	75	34	9	Hoeffding|Hoeffding's	
hoepfner	citation	1					1	1	1	1	0	Hoepfner	
hoeven	citation	2					2	1	12	11	0	Hoeven|Hoeven's	
hofbauer	citation	1					1	1	2	2	0	Hofbauer	
hofer	citation	3					3	2	14	4	0	Hofer	
hoffman	subject	5			212		4	2	22	12	0	Hoffman|Hoffman's	names/hoffman.md
hoffmann	citation	1					0	1	0	0	0		
hoffstein	citation	4					4	2	17	11	2	Hoffstein	
hofmann	citation	4					3	3	6	4	0	Hofmann	
hofscheier	citation	1					1	1	1	1	0	Hofscheier	
hogan	citation	1					0	1	0	0	0		
holden	citation	4					4	4	14	5	0	Holden	
holder	subject	115		Uniform-Bi-Holder-Transport-from-Weak-MTW-September-25-2026	182|246|260|360	OAI.WeakMTWTransport.uniform_biHolder_transport	115	0	1148	893	93	Holder|Holder's	names/holder.md
holenstein	citation	5					4	5	13	7	0	Holenstein|Holenstein's	
hollender	citation	1					1	1	1	1	0	Hollender	
holley	citation	3					3	3	14	11	1	Holley|Holley's	
holloway	citation	1					1	1	2	2	0	Holloway	
holm	citation	2					1	2	1	1	0	Holm	
holmer	citation	1					1	1	2	2	0	Holmer	
holt	citation	2					1	2	2	2	0	Holt	
holy	citation	1					1	1	1	1	0	Holy	
holzegel	citation	1					1	1	3	3	0	Holzegel	
homer	citation	1					1	1	6	6	0	Homer	
honda	subject	6			313		6	1	183	152	8	Honda	names/honda.md
hong	citation	5					4	2	5	1	0	Hong	
hongler	citation	2					2	2	26	11	0	Hongler	
hooley	citation	3					3	1	17	10	0	Hooley|Hooley's	
hoory	citation	1					0	1	0	0	0		
hopcroft	citation	1					1	1	1	1	0	Hopcroft	
hopf	subject	38			361		38	1	185	160	12	Hopf|Hopf's	names/hopf.md
hopkins	citation	9					9	6	74	54	4	Hopkins|Hopkins's	
hoppe	citation	1					0	1	0	0	0		
hori	citation	1					1	1	4	3	0	Hori	
horing	citation	10					9	9	58	23	0	Horing|Horing's	
hormander	citation	14					12	10	25	13	0	Hormander|Hormander's	
horn	citation	2			317		2	1	7	5	22	Horn|Horn's	
hornbostel	citation	1					1	1	2	2	0	Hornbostel	
hornfeck	citation	1					1	1	3	2	0	Hornfeck|Hornfeck's	
horodecki	citation	2					2	1	16	1	0	Horodecki	
horowitz	citation	1					1	1	4	3	0	Horowitz	
horvath	citation	1					0	1	0	0	0		
hoskins	citation	1					1	1	3	1	0	Hoskins	
hou	citation	2					1	1	2	0	0	Hou	
houdayer	citation	3					3	3	18	8	0	Houdayer|Houdayer's	
houdre	citation	1					0	1	0	0	0		
houzel	citation	1					1	1	5	0	0	Houzel	
hovey	subject	6			311		5	5	41	18	7	Hovey|Hovey's	names/hovey.md
howald	citation	3					3	3	8	3	2	Howald|Howald's	
howard	citation	3					3	2	22	8	0	Howard|Howard's	
howe	subject	3		Quadratic-Stabilization-of-the-Canonical-Foulkes-Howe-Map-September-25-2026			3	2	19	14	0	Howe	names/howe.md
howgrave-graham	citation	1					0	1	0	0	0		
howie	subject	4	256				4	3	18	8	0	Howie|Howie's	names/howie.md
hoza	citation	1					1	1	4	1	0	Hoza|Hoza's	
hruska	citation	1					1	1	1	1	0	Hruska	
hsieh	citation	1					0	1	0	0	0		
hsu	citation	5					4	3	7	3	0	Hsu|HSU	
hua	citation	3					2	1	2	1	0	Hua	
huang	subject	35			284		32	27	128	69	0	Huang|Huang's	names/huang.md
hubard	citation	1					1	1	1	1	0	Hubard	
hubbard	subject	2			275		2	0	23	18	9	Hubbard	names/hubbard.md
huber	citation	4					4	1	14	8	4	Huber	
hubschmid	citation	1					1	1	1	1	0	Hubschmid	
hudson	citation	1					1	1	1	1	0	Hudson's	
huerfano	citation	1					1	1	3	3	0	Huerfano	
hugenholtz	citation	1					0	1	0	0	0		
huh	subject	3			114		3	3	10	9	0	Huh|Huh's	names/huh.md
hui	citation	1					1	1	1	1	1	Hui	
huisken	citation	2					2	2	24	14	0	Huisken|Huisken's	
hulek	citation	6					1	5	1	0	0	Hulek	
humbert	citation	1					1	1	1	0	0	Humbert	
humke	citation	1					1	1	2	0	0	Humke	
humphreys	citation	5					4	4	5	3	0	Humphreys	
hunault	citation	1					0	1	0	0	0		
hundertmark	citation	4					3	3	14	5	0	Hundertmark	
huneke	citation	5					5	3	7	2	0	Huneke	
hung	citation	5					5	2	10	7	0	Hung	
hunt	citation	1					1	1	2	2	0	Hunt	
hunter	citation	5					4	4	20	12	2	Hunter|Hunter's	
hunton	citation	1					0	1	0	0	0		
huo	citation	1					1	1	1	1	0	Huo	
huq	citation	1					0	1	0	0	0		
hurd	citation	1					1	1	3	2	0	Hurd	
hurewicz	subject	19		The-Stable-Hurewicz-Image-of-the-Sphere-at-Two-September-25-2026	316		19	0	107	93	4	Hurewicz	names/hurewicz.md
hurkens	citation	2					2	2	5	5	0	Hurkens|Hurkens's	
hurtubise	citation	1					0	1	0	0	0		
huse	citation	1					1	1	2	1	0	Huse's|Huse	
husfeldt	citation	2					1	1	1	0	0	Husfeldt	
hutchcroft	subject	2			213		2	2	55	22	0	Hutchcroft|Hutchcroft's	names/hutchcroft.md
hutchinson	citation	1					1	1	4	2	0	Hutchinson|Hutchinson's	
hutzenthaler	citation	1					0	1	0	0	0		
huxley	citation	4					4	2	12	8	0	Huxley|Huxley's	
huybrechts	citation	6					4	5	27	10	0	Huybrechts	
hwang	citation	6					5	6	17	12	0	Hwang|Hwang's	
hyde	citation	2					2	2	4	4	0	Hyde	
hytonen	citation	2					1	2	3	2	0	Hytonen	
iagolnitzer	citation	1					0	1	0	0	0		
ibarra	citation	2					1	2	1	1	1	Ibarra	
ichihara	citation	2					2	1	2	0	0	Ichihara	
ichino	citation	2					1	1	2	1	0	Ichino	
ida	citation	1					1	1	6	6	1	Ida	
iffland	citation	1					1	1	2	0	0	Iffland	
igusa	citation	4					4	2	58	57	2	Igusa|Igusa's	
ihringer	citation	1					0	1	0	0	0		
iitaka	subject	12	033|034	Log-abundance-for-compact-Kahler-spaces-under-logarithmic-Iitaka-subadditivity-October-6-2026|Orbifold-and-logarithmic-Iitaka-subadditivity-September-26-2026|Projective-Hodge-lines-and-ordinary-Iitaka-subadditivity-September-27-2026|Uniform-Pluricanonical-Iitaka-Fibrations-October-3-2026|Uniform-effective-log-Iitaka-fibrations-for-fourfolds-September-26-2026|Uniform-log-Iitaka-fibrations-and-bounded-moduli-denominators-October-4-2026	033|034|057		11	2	522	450	154	Iitaka|Iitaka's	names/iitaka.md
ikenmeyer	citation	2					2	1	23	6	5	Ikenmeyer|Ikenmeyer's	
ikhlef	citation	2					2	1	15	6	0	Ikhlef	
illner	citation	2					2	2	2	2	0	Illner	
illusie	citation	5					4	4	9	5	2	Illusie	
ilmanen	citation	2					2	2	22	17	0	Ilmanen|Ilmanen's	
ilyashenko	citation	2					2	1	13	11	0	Ilyashenko|Ilyashenko's	
imai	citation	3					2	2	3	1	0	Imai	
imanuvilov	citation	1					1	1	2	1	0	Imanuvilov	
immerman	citation	2					2	2	14	11	2	Immerman	
immorlica	citation	2					2	2	2	2	0	Immorlica	
impagliazzo	citation	2					2	1	3	2	0	Impagliazzo	
indyk	citation	3					3	1	12	7	0	Indyk|Indyk's	
innami	citation	1					1	1	2	1	0	Innami's|Innami	
ino	citation	1					1	1	2	1	0	Ino	
inoue	citation	4					4	1	7	6	0	Inoue	
ioana	citation	2					2	2	10	6	0	Ioana|Ioana's	
ioffe	citation	2					2	1	13	5	0	Ioffe|Ioffe's	
iosevich	citation	4					4	4	11	9	0	Iosevich	
iovita	citation	1					0	1	0	0	0		
ipsen	citation	1					0	1	0	0	0		
iraids	citation	1					1	1	1	1	0	Iraids	
irani	citation	2					2	1	5	1	0	Irani	
iritani	citation	2					2	1	13	5	4	Iritani|Iritani's	
iriyeh	citation	1					1	1	2	1	0	Iriyeh	
irving	citation	1					1	1	1	1	0	Irving	
isakov	citation	1					1	1	2	2	0	Isakov	
isaksen	citation	1					0	1	0	0	0		
isaksson	citation	1					0	1	0	0	0		
ishii	citation	5					4	3	5	3	0	Ishii|Ishii's	
ising	subject	16	218|234|236	All-temperature-pressure-for-orthogonally-invariant-Ising-spin-glasses-September-25-2026|Buffered-comparison-and-stopping-band-resolution-in-critical-Ising-September-23-2026|Conformal-universality-of-bulk-Ising-correlations-under-weak-interactions-September-23-2026|Logarithmic-Relative-Fluctuations-in-the-Weakly-Disordered-Planar-Ising-Model-October-5-2026|Quenched-SLE-Universality-for-Weakly-Disordered-FK-Ising-Interfaces-October-5-2026|Quenched-SLE3-Universality-for-the-Weak-Random-Bond-Ising-Model-October-5-2026|Quenched-SLE3-limits-for-general-weak-random-bond-Ising-models-October-5-2026|Random-Walks-on-Critical-FK-Ising-Maps-and-Liouville-Brownian-Motion-October-5-2026|SLE3-universality-for-weak-finite-range-Ising-interactions-September-23-2026|Spectral-convergence-for-critical-FK-Ising-planar-maps-October-5-2026|The-free-energy-of-the-Ising-random-perceptron-September-24-2026|The-sharp-factor-of-IID-threshold-for-the-free-Ising-model-on-regular-trees-September-26-2026|Thermal-FK-Ising-interfaces-and-massive-SLE-October-5-2026	222|227		16	0	372	348	12	Ising	names/ising.md
iskovskikh	citation	1					0	1	0	0	0		
islam	citation	1					1	1	1	1	0	Islam	
ismailescu	citation	1					0	1	0	0	0		
isono	citation	1					1	1	4	2	0	Isono	
israel	citation	25					24	7	48	43	0	Israel|Israel's	
issa	citation	1					1	1	8	7	0	Issa	
isserlis	citation	2					2	2	2	2	0	Isserlis	
ito	citation	14					14	3	118	71	1	Ito's|Ito	
ivan	citation	4					4	1	6	4	0	Ivan	
ivanov	citation	4					3	2	6	0	0	Ivanov	
ivanovic	citation	1					1	1	3	2	0	Ivanovic	
ivanyos	citation	3					3	1	10	6	0	Ivanyos	
ivashkovich	citation	2					2	1	15	8	0	Ivashkovich|Ivashkovich's	
ivrii	citation	3					3	3	6	2	0	Ivrii|Ivrii's	
iwaniec	citation	13					10	10	29	12	0	Iwaniec|Iwaniec's	
iwata	citation	1					1	1	1	1	0	Iwata	
iyengar	citation	3					2	2	10	5	0	Iyengar	
izeki	citation	1					1	1	3	2	0	Izeki	
izmestiev	citation	1					1	1	1	0	0	Izmestiev	
izsak	citation	1					1	1	1	1	0	Izsak	
izyurov	citation	3					3	1	15	5	0	Izyurov|Izyurov's	
jacelon	subject	2	301	The-trace-cone-classifies-Razak-Jacelon-stabilizations-September-25-2026			2	2	13	6	0	Jacelon|Jacelon's	names/jacelon.md
jach	citation	1					1	1	1	1	0	Jach	
jack	citation	4					3	1	7	5	0	Jack	
jackiw	citation	1					1	1	1	1	0	Jackiw	
jackson	citation	3					2	3	5	5	0	Jackson|Jackson's	
jacob	citation	7					5	2	8	5	0	Jacob	
jacobi	subject	46			260|344|348|360		46	0	370	305	97	Jacobi|Jacobi's	names/jacobi.md
jacobian	subject	136			072|093|101|215|360		136	0	1013	932	154	Jacobian|Jacobian's	names/jacobian.md
jacobowitz	citation	1					1	1	2	2	0	Jacobowitz	
jacobson	citation	10					10	1	41	35	0	Jacobson|Jacobson's	
jacobsthal	subject	1	021				1	1	8	6	4	Jacobsthal's|Jacobsthal	names/jacobsthal.md
jacod	citation	1					1	1	5	0	0	Jacod	
jacquet	citation	6					4	4	91	77	0	Jacquet	
jaffe	citation	2					2	2	4	3	0	Jaffe	
jagannath	citation	4					4	2	19	10	0	Jagannath	
jaggi	citation	1					1	1	3	2	0	Jaggi	
jahren	citation	1					0	1	0	0	0		
jaikin-zapirain	citation	2					0	2	0	0	0		
jain	citation	8					7	7	19	10	0	Jain	
jakobson	citation	1					1	1	1	0	0	Jakobson	
jalalvand	citation	1					1	1	1	1	0	Jalalvand	
james	citation	23					23	4	100	37	4	James|James's	
jaming	citation	1					1	1	2	1	0	Jaming	
jamison	citation	1					1	1	2	1	0	Jamison	
jamneshan	citation	2					1	2	6	1	0	Jamneshan	
janet	citation	2					2	2	4	4	0	Janet	
jang	citation	2					2	1	27	22	0	Jang|Jang's	
jankiewicz	citation	1					1	1	2	2	0	Jankiewicz	
jannsen	citation	3					3	1	6	0	0	Jannsen	
jansen	citation	2					2	1	4	3	0	Jansen	
janson	citation	5			092		3	3	14	5	10	Janson|Janson's	
jantzen	citation	3					2	3	7	4	0	Jantzen	
janvresse	citation	1					1	1	1	1	0	Janvresse	
janzer	citation	1					1	1	3	1	0	Janzer	
jaracz	citation	1					1	1	15	11	0	Jaracz|Jaracz's	
jaradat	citation	1					0	1	0	0	0		
jaramillo	citation	1					0	1	0	0	0		
jardine	citation	2					1	1	1	0	0	Jardine	
jarnik	citation	1					1	1	2	1	0	Jarnik	
jauslin	citation	2					2	1	8	3	0	Jauslin	
javanmard	citation	1					1	1	3	2	0	Javanmard	
javanpeykar	citation	2					1	2	8	0	0	Javanpeykar's|Javanpeykar	
jayawardene	citation	1					0	1	0	0	0		
jaye	citation	1					1	1	1	1	0	Jaye	
jaynes	citation	1					1	1	3	2	0	Jaynes	
jayram	citation	4					4	2	7	5	0	Jayram	
jech	citation	1					1	1	1	0	0	Jech	
jedwab	citation	1					1	1	1	1	0	Jedwab	
jeffries	citation	1					0	1	0	0	0		
jego	citation	1					0	1	0	0	0		
jelisiejew	citation	1					0	1	0	0	0		
jelonek	citation	1					1	1	1	1	0	Jelonek	
jennings	citation	1					1	1	4	4	0	Jennings	
jenrich	citation	1					1	1	1	0	0	Jenrich	
jenssen	citation	2					2	1	8	4	0	Jenssen	
jentzen	citation	1					0	1	0	0	0		
jerison	citation	4					3	3	16	7	0	Jerison|Jerison's	
jerrum	citation	6					4	5	32	17	0	Jerrum	
jessen	citation	1					0	1	0	0	0		
jetchev	citation	3					3	2	14	8	0	Jetchev	
jewett	citation	3					3	2	21	20	1	Jewett	
jha	citation	3					3	2	7	2	0	Jha	
jia	citation	3					2	2	2	2	0	Jia	
jiang	subject	20	291	Cuntz-comparison-and-Jiang-Su-absorption-September-23-2026|Equivariant-Jiang-Su-Stability-for-Amenable-Actions-in-the-Unital-Stably-Finite-Case-October-5-2026|Nuclear-dimension-and-Jiang-Su-stability-without-elementary-subquotients-September-23-2026	291		14	15	109	77	1	Jiang|Jiang's	names/jiang.md
jin	citation	6					6	3	18	6	0	Jin|Jin's	
jindal	citation	1					1	1	1	1	0	Jindal	
jing	citation	2					1	1	2	0	0	Jing	
jinzenji	citation	1					1	1	3	2	0	Jinzenji	
jochnowitz	citation	1					1	1	2	2	0	Jochnowitz's|Jochnowitz	
johanis	citation	1					1	1	1	1	0	Johanis	
johansson	citation	2					2	1	7	5	0	Johansson|Johansson's	
john	citation	25					25	3	44	24	1	John|John's	
johnson	citation	18					17	9	54	27	1	Johnson|Johnson's	
jones	citation	20					19	12	57	37	2	Jones|Jones's	
jonsson	citation	6					3	5	6	4	0	Jonsson	
joo	citation	1					1	1	11	5	0	Joo|Joo's	
joos	citation	1					1	1	5	4	2	Joos	
jordan	subject	55			014|203|223|224|226|289		53	3	836	738	43	Jordan|Jordan's	names/jordan.md
joret	citation	1					1	1	1	1	0	Joret	
jose	citation	3					3	1	5	4	0	Jose	
joshi	citation	3					2	3	18	11	0	Joshi	
jouanolou	citation	2					1	1	1	1	0	Jouanolou	
joux	citation	1					1	1	5	5	0	Joux	
jovinelly	citation	1					1	1	2	1	0	Jovinelly	
jow	citation	1					0	1	0	0	0		
joyce	citation	1					1	1	1	1	0	Joyce's	
judge	citation	1					1	1	1	0	0	Judge	
julg	citation	1					0	1	0	0	0		
julin	citation	2					1	1	1	0	0	Julin	
junge	citation	2					2	1	15	8	0	Junge|Junge's	
junnila	citation	1					1	1	3	1	0	Junnila	
jurdzinski	citation	1					1	1	4	2	0	Jurdzinski	
juschenko	citation	2					2	2	11	9	0	Juschenko	
kaad	citation	1					0	1	0	0	0		
kac	subject	20			227|228		17	5	70	58	16	Kac|Kac's	names/kac.md
kaczmarz	citation	1					1	1	2	1	2	Kaczmarz	
kadanoff	citation	3					3	2	12	9	0	Kadanoff	
kadets	subject	1			331		1	1	18	16	0	Kadets	names/kadets.md
kadiri	citation	1					0	1	0	0	0		
kadison	subject	14	285|288|289|295	A-Torsion-Free-Counterexample-to-the-Kadison-Kaplansky-Projection-Conjecture-September-23-2026|Universal-strong-Kadison-Kastler-stability-September-23-2026	289		14	8	81	50	3	Kadison|Kadison's	names/kadison.md
kaenmaki	citation	1					1	1	3	1	0	Kaenmaki	
kahane	citation	5					4	3	12	10	3	Kahane|Kahane's	
kahler	subject	37	359	A-negatively-pinched-Kahler-threefold-without-bounded-holomorphic-coordinates-September-25-2026|Abundance-after-nonvanishing-for-compact-Kahler-fourfolds-September-27-2026|B-semiampleness-for-compact-log-smooth-Kahler-fibrations-September-10-2026|Canonical-ampleness-of-compact-hyperbolic-Kahler-manifolds-September-23-2026|Conditional-good-minimal-models-for-compact-Kahler-fourfolds-October-6-2026|Finite-ordinary-minimal-model-programs-on-compact-Kahler-fourfolds-October-6-2026|Finite-ordinary-minimal-model-programs-on-compact-Kahler-fourfolds-September-24-2026|Log-abundance-for-compact-Kahler-spaces-under-logarithmic-Iitaka-subadditivity-October-6-2026|Numerical-semiampleness-of-nef-adjoint-classes-on-compact-Kahler-manifolds-October-6-2026|Termination-of-generalized-canonical-flips-on-compact-Kahler-fourfolds-October-6-2026|Termination-of-generalized-log-canonical-flips-on-compact-Kahler-fourfolds-October-7-2026|The-abelianity-conjecture-for-special-compact-Kahler-manifolds-September-23-2026|Uniformization-of-complete-Kahler-manifolds-with-positive-bisectional-curvature-September-23-2026|Universal-cover-splitting-for-compact-Kahler-manifolds-September-23-2026	033|034|056|057|062|341|343		37	0	3220	2994	14	Kahler	names/kahler.md
kahn	subject	10	176	The-second-Kahn-Kalai-conjecture-September-24-2026		OAI.LeanBlast.SecondKahnKalai.secondKahnKalaiBounds	10	4	49	26	1	Kahn	names/kahn.md
kailath	citation	1					1	1	2	2	3	Kailath	
kaimanovich	citation	1					1	1	3	3	0	Kaimanovich	
kairema	citation	1					0	1	0	0	0		
kaiser	citation	4					3	4	5	4	0	Kaiser	
kajino	citation	1					1	1	1	1	0	Kajino	
kakeya	subject	7	074	Every-four-dimensional-Kakeya-set-has-full-Hausdorff-dimension-September-24-2026|The-Kakeya-maximal-conjecture-in-three-dimensions-September-23-2026	074|077|080		7	1	104	85	36	Kakeya	names/kakeya.md
kalai	subject	9	176|186	The-second-Kahn-Kalai-conjecture-September-24-2026	186	OAI.LeanBlast.SecondKahnKalai.secondKahnKalaiBounds	9	3	49	32	0	Kalai	names/kalai.md
kalantzopoulos	citation	1					1	1	1	1	0	Kalantzopoulos	
kaletha	citation	2					1	1	1	1	0	Kaletha	
kalikow	citation	2					2	2	13	8	0	Kalikow|Kalikow's	
kaliman	citation	2					2	1	8	4	1	Kaliman	
kalinin	citation	1					0	1	0	0	0		
kaliuzhnyi-verbovetskyi	citation	2					0	2	0	0	0		
kallen	citation	4					4	2	16	10	0	Kallen|Kallen's	
kallianpur	citation	2					1	2	1	1	0	Kallianpur	
kalman	citation	1					1	1	1	1	0	Kalman	
kaloshin	citation	2					2	2	10	8	0	Kaloshin	
kalton	subject	3	330				3	1	44	17	0	Kalton|Kalton's	names/kalton.md
kamae	citation	1					1	1	1	0	0	Kamae	
kamath	citation	1					1	1	1	1	0	Kamath	
kameko	citation	1					1	1	2	2	0	Kameko	
kamel	citation	1					1	1	1	1	0	Kamel	
kamenova	citation	2					1	2	1	0	0	Kamenova	
kaminski	citation	1					0	1	0	0	0		
kamiya	citation	1					1	1	1	0	0	Kamiya	
kammeyer	citation	1					1	1	2	0	0	Kammeyer's|Kammeyer	
kamnitzer	citation	2					1	2	2	1	0	Kamnitzer	
kane	citation	4					4	3	13	4	1	Kane	
kaneko	citation	2					2	1	2	0	0	Kaneko	
kanel-belov	citation	1					0	1	0	0	0		
kanellopoulos	citation	1					1	1	2	2	0	Kanellopoulos	
kanemitsu	citation	1					1	1	21	12	0	Kanemitsu|Kanemitsu's	
kang	citation	5					4	3	6	4	0	Kang	
kaniel	citation	1					1	1	1	0	0	Kaniel	
kaniewski	citation	1					0	1	0	0	0		
kanigowski	citation	2					2	2	2	2	0	Kanigowski	
kannan	citation	7					5	6	18	14	0	Kannan	
kantorovich	citation	4					4	1	7	5	0	Kantorovich	
kaplan	citation	7					5	6	12	9	0	Kaplan	
kaplansky	subject	16	196|285|294	A-Torsion-Free-Counterexample-to-the-Kadison-Kaplansky-Projection-Conjecture-September-23-2026		OAI.KaplanskyCounterexample.finitelyPresented_counterexample|OAI.Kaplansky.kaplansky_quasitrace_counterexample|OAI.OddKaplansky.main_theorem	16	4	63	43	3	Kaplansky|Kaplansky's	names/kaplansky.md
kaporis	citation	1					1	1	1	0	0	Kaporis	
kapoutsis	citation	1					1	1	9	5	0	Kapoutsis	
kapovich	citation	5					4	5	12	6	2	Kapovich	
kapovitch	citation	3					3	3	5	2	0	Kapovitch	
karagila	citation	1					1	1	3	0	0	Karagila	
karakostas	citation	1					1	1	2	1	0	Karakostas	
karamanlis	citation	1					1	1	1	0	0	Karamanlis	
karamata	citation	1					0	1	0	0	0		
karasev	citation	1					1	1	6	3	0	Karasev	
karatsuba	citation	1					1	1	1	1	0	Karatsuba's	
karayel	citation	1					0	1	0	0	0		
karcher	subject	2			260		2	0	8	6	0	Karcher	names/karcher.md
kardar	citation	1					1	1	1	1	0	Kardar	
karigiannis	citation	1					1	1	2	2	0	Karigiannis	
karlhede	citation	1					0	1	0	0	0		
karlin	citation	1					1	1	1	1	0	Karlin	
karloff	citation	1					0	1	0	0	0		
karlovitz	citation	1					1	1	8	5	0	Karlovitz	
karp	citation	8					6	7	16	12	0	Karp|Karp's	
karpenko	citation	1					0	1	0	0	0		
karpinski	citation	2					2	2	3	3	0	Karpinski	
karpov	citation	1					1	1	1	1	0	Karpov	
karrila	citation	1					1	1	1	1	0	Karrila	
karu	citation	4					1	4	2	2	0	Karu	
karzanov	citation	2					1	2	3	3	0	Karzanov	
kasami	citation	1					1	1	1	1	0	Kasami	
kashiwara	citation	3					3	1	8	6	0	Kashiwara|Kashiwara's	
kaski	citation	1					1	1	7	5	0	Kaski	
kasparov	citation	3					3	3	12	9	0	Kasparov	
kassabov	citation	1					0	1	0	0	0		
kasteleyn	subject	10		Brownian-continuum-random-tree-limits-of-finite-Fortuin-Kasteleyn-maps-above-four-September-24-2026			8	7	58	43	0	Kasteleyn	names/kasteleyn.md
kastler	subject	2	289	Universal-strong-Kadison-Kastler-stability-September-23-2026	289		1	2	16	14	0	Kastler	names/kastler.md
kasue	citation	1					1	1	1	1	0	Kasue	
kato	citation	26					23	15	235	128	9	Kato|Kato's	
katok	subject	6	339		015		6	5	19	12	0	Katok|Katok's	names/katok.md
katz	subject	19			166		17	17	77	42	11	Katz|Katz's	names/katz.md
katzarkov	citation	4					3	4	11	9	0	Katzarkov|Katzarkov's	
katznelson	citation	4					3	2	8	5	0	Katznelson	
kauffman	citation	2					2	1	2	2	0	Kauffman's|Kauffman	
kaufman	citation	5					5	3	13	5	0	Kaufman|Kaufman's	
kausamo	citation	1					1	1	2	2	0	Kausamo	
kaveh	citation	5					3	5	5	4	0	Kaveh	
kavvadias	citation	1					0	1	0	0	0		
kawakita	citation	3					2	3	5	3	0	Kawakita	
kawamata	subject	12			038		12	7	121	75	6	Kawamata|Kawamata's	names/kawamata.md
kawarabayashi	citation	2					1	2	2	1	0	Kawarabayashi	
kawasaki	citation	1					1	1	1	0	0	Kawasaki	
kawauchi	citation	1					1	1	2	0	0	Kawauchi	
kay	citation	1					1	1	1	1	0	Kay	
kayal	citation	3					3	1	13	9	0	Kayal	
kazachkov	citation	1					1	1	1	1	0	Kazachkov	
kazaras	citation	2					2	2	9	6	0	Kazaras	
kazdan	citation	5					5	3	14	10	0	Kazdan|Kazdan's	
kazhdan	subject	15	168	Combinatorial-Invariance-of-Kazhdan-Lusztig-Polynomials-September-24-2026	168|247|286		14	4	106	77	15	Kazhdan|Kazhdan's	names/kazhdan.md
kebekus	citation	7					5	5	31	15	0	Kebekus|Kebekus's	
kechris	citation	8					7	4	20	2	2	Kechris	
kedlaya	citation	1					0	1	0	0	0		
keel	citation	9					5	6	24	5	0	Keel|Keel's	
keevash	citation	3					3	2	5	3	0	Keevash	
keisler	citation	1					1	1	1	1	0	Keisler	
keleti	citation	2					2	2	3	2	0	Keleti	
kell	citation	2					1	2	2	2	0	Kell	
kelland	citation	2					2	1	3	3	0	Kelland	
kellendonk	citation	1					0	1	0	0	0		
keller	citation	13					12	7	35	14	6	Keller|Keller's	
kelley	citation	3					2	2	7	5	1	Kelley	
kelly	citation	2					1	2	1	1	0	Kelly	
kelner	citation	1					1	1	1	1	0	Kelner	
kempe	citation	1					1	1	1	0	0	Kempe	
kempf	citation	7					5	5	18	11	0	Kempf|Kempf's	
kemppainen	citation	3					3	2	21	12	0	Kemppainen	
kenig	citation	5					3	4	9	5	0	Kenig	
kenna	citation	1					1	1	1	1	0	Kenna	
kennedy	citation	6					5	3	15	8	0	Kennedy|Kennedy's	
kenyon	citation	7					6	6	35	17	0	Kenyon|Kenyon's	
kerchy	citation	1					1	1	3	3	0	Kerchy	
kerckhoff	citation	1					1	1	2	0	0	Kerckhoff	
kern	citation	1					0	1	0	0	1		
kerr	subject	4	264	Electromagnetic-tails-and-the-Kerr-Newman-Penrose-inequality-October-5-2026|Generic-C1-Future-Inextendibility-Near-Rotating-Subextremal-Kerr-Spacetimes-September-23-2026|Generic-Future-Inextendibility-with-Square-Integrable-Connection-Near-a-Fixed-Kerr-Spacetime-September-23-2026|Quantitative-Near-Kerr-Evolution-and-Generic-C2-Future-Inextendibility-September-23-2026|The-Kerr-Newman-Penrose-Inequality-for-Axisymmetric-Electrovacuum-Exteriors-October-5-2026			4	2	152	133	1	Kerr|Kerr's	names/kerr.md
kervaire	subject	4	309	The-Kervaire-Invariant-Problem-at-the-Prime-Three-September-24-2026|The-Kervaire-Theorem-for-Groups-September-24-2026	256|309		4	1	65	52	4	Kervaire|Kervaire's	names/kervaire.md
kessar	citation	1					1	1	17	11	0	Kessar|Kessar's	
kesselheim	citation	1					1	1	2	2	0	Kesselheim	
kessi	citation	1					1	1	1	1	0	Kessi	
kessinger	citation	1					1	1	1	0	0	Kessinger	
kesten	citation	12					12	7	74	48	1	Kesten|Kesten's	
ketterer	citation	1					1	1	4	1	0	Ketterer	
keyl	citation	1					1	1	2	2	0	Keyl	
khachiyan	citation	1					0	1	0	0	0		
khalaf	citation	1					0	1	0	0	0		
khale	citation	1					1	1	1	0	0	Khale	
khalkhali	citation	2					2	2	3	1	0	Khalkhali	
khan	citation	3					3	1	8	3	0	Khan|Khan's	
khandekar	citation	2					1	2	2	2	0	Khandekar	
khanh	citation	1					1	1	2	1	0	Khanh	
khanin	citation	1					0	1	0	0	0		
khanna	citation	2					1	2	3	3	0	Khanna	
kharash	citation	1					1	1	1	1	0	Kharash	
khare	citation	2					2	2	9	8	0	Khare	
khaskelberg	citation	1					1	1	1	1	0	Khaskelberg	
khavkine	citation	1					1	1	2	1	0	Khavkine	
khayutin	citation	1					1	1	8	3	0	Khayutin|Khayutin's	
khezeli	citation	1					0	1	0	0	0		
khintchine	citation	7					7	1	13	11	3	Khintchine|Khintchine's	
khot	subject	6			096		5	4	81	56	0	Khot|Khot's	names/khot.md
khoussainov	citation	1					1	1	1	0	0	Khoussainov	
khovanov	citation	1					1	1	6	6	0	Khovanov	
khovanskii	citation	7					6	5	14	10	0	Khovanskii	
khuller	citation	2					1	1	2	1	2	Khuller	
khuri	citation	4					4	3	44	25	0	Khuri|Khuri's	
kiefer	citation	1					1	1	5	3	0	Kiefer	
kielak	citation	3					3	1	14	4	0	Kielak|Kielak's	
kiers	citation	1					1	1	2	1	0	Kiers	
kijima	citation	1					1	1	1	0	0	Kijima	
kikuchi	citation	1					1	1	4	0	0	Kikuchi	
kilian	citation	2					1	1	1	1	0	Kilian	
killip	citation	1					0	1	0	0	0		
kim	citation	20					16	15	46	18	0	Kim|Kim's	
kindler	citation	5					4	4	18	13	0	Kindler	
king	citation	7					7	4	26	13	1	King|King's	
kingma	citation	1					0	1	0	0	0		
kingman	citation	1					1	1	2	2	0	Kingman's|Kingman	
kings	citation	2					2	1	9	7	0	Kings	
kinnunen	citation	4					3	4	13	0	0	Kinnunen	
kintali	citation	1					1	1	7	1	0	Kintali|Kintali's	
kionke	citation	1					1	1	1	1	0	Kionke	
kious	citation	1					1	1	1	1	0	Kious	
kipouridis	citation	1					0	1	0	0	0		
kipp	citation	1					1	1	1	1	0	Kipp	
kiraly	citation	1					1	1	2	2	0	Kiraly	
kirby	citation	2					2	2	6	6	0	Kirby's|Kirby	
kirchberg	subject	7	292|299	The-Kirchberg-Rordam-character-criterion-September-25-2026	288|291|299	OAI.KirchbergRordam.character_criterion	7	4	66	39	3	Kirchberg|Kirchberg's	names/kirchberg.md
kirchheim	citation	2					2	1	14	9	0	Kirchheim|Kirchheim's	
kirillov	citation	4					2	2	14	14	0	Kirillov	
kirk	citation	1					1	1	4	1	0	Kirk's|Kirk	
kirkman	citation	1					1	1	1	1	0	Kirkman	
kirkpatrick	subject	8	217|227	A-spectral-gap-throughout-the-high-temperature-Sherrington-Kirkpatrick-phase-September-24-2026|Critical-mixing-in-the-Sherrington-Kirkpatrick-model-September-25-2026|Critical-slowing-down-in-the-Sherrington-Kirkpatrick-model-September-24-2026|Cutoff-throughout-the-high-temperature-Sherrington-Kirkpatrick-phase-September-24-2026|Full-support-of-the-zero-temperature-Sherrington-Kirkpatrick-order-parameter-September-27-2026|The-low-temperature-Sherrington-Kirkpatrick-fluctuation-scale-September-24-2026|The-low-temperature-Sherrington-Kirkpatrick-free-energy-limiting-law-September-24-2026|Universality-of-critical-quench-autocorrelations-in-the-Sherrington-Kirkpatrick-model-October-5-2026			8	4	94	84	0	Kirkpatrick	names/kirkpatrick.md
kirousis	citation	1					1	1	2	2	0	Kirousis	
kirstein	citation	2					1	1	1	1	0	Kirstein	
kirwan	citation	2					1	1	8	5	0	Kirwan	
kiselev	citation	2					1	1	2	1	0	Kiselev	
kiselman	citation	1					0	1	0	0	0		
kishimoto	citation	1			297		1	1	2	1	0	Kishimoto	
kisin	citation	3					3	1	49	27	2	Kisin|Kisin's	
kitadai	citation	2					2	1	8	4	0	Kitadai	
kitaev	citation	3					3	1	8	4	0	Kitaev|Kitaev's	
kitagawa	citation	1					0	1	0	0	0		
kitanine	citation	2					1	2	2	2	0	Kitanine	
kivelson	citation	1					1	1	3	2	0	Kivelson	
kjeldgaard-pedersen	citation	1					0	1	0	0	0		
klainerman	citation	2					2	2	2	1	0	Klainerman	
klappenecker	citation	1					1	1	1	1	0	Klappenecker	
klartag	citation	6					6	5	29	20	0	Klartag|Klartag's	
klausen	citation	1					1	1	1	0	0	Klausen	
kleene	citation	3					3	1	10	4	0	Kleene|Kleene's	
kleidman	citation	2					0	2	0	0	0		
kleiman	citation	11					6	6	10	5	0	Kleiman|Kleiman's	
klein	citation	11					9	4	31	25	3	Klein|Klein's	
kleinberg	citation	4					3	4	7	6	0	Kleinberg	
kleiner	subject	5			246		5	4	23	12	0	Kleiner|Kleiner's	names/kleiner.md
kleitman	citation	2					2	2	8	5	0	Kleitman	
klep	citation	1					0	1	0	0	0		
kleptsyn	citation	1					1	1	1	1	0	Kleptsyn	
kliesch	citation	1					1	1	1	1	0	Kliesch	
klimovsky	citation	1					1	1	1	1	0	Klimovsky	
klingenberg	citation	3					3	2	10	7	0	Klingenberg|Klingenberg's	
klingler	citation	1					1	1	1	1	0	Klingler	
klippel	citation	1					0	1	0	0	0		
klisse	citation	1					0	1	0	0	0		
klivans	citation	3					2	2	5	4	0	Klivans	
kloeckner	citation	1					1	1	1	0	0	Kloeckner	
klop	subject	1	245		245		1	0	3	3	0	Klop	names/klop.md
klug	citation	1					1	1	2	1	0	Klug	
kluppelberg	citation	1					1	1	1	0	0	Kluppelberg	
klurman	citation	2					2	1	3	0	0	Klurman	
klyachko	citation	2					2	2	13	3	0	Klyachko|Klyachko's	
knabe	citation	2					2	2	3	3	0	Knabe	
knapp	citation	1					1	1	2	0	0	Knapp	
kneser	citation	5					5	1	20	17	0	Kneser|Kneser's	
knop	citation	1					0	1	0	0	0		
knorr	citation	1					1	1	2	1	0	Knorr	
knothe	citation	1					0	1	0	0	0		
knowles	citation	2					2	2	7	5	0	Knowles	
knudsen	citation	6					4	3	8	2	0	Knudsen	
knus	citation	2					1	2	1	0	0	Knus	
knutson	citation	1					1	1	1	0	0	Knutson	
kobayashi	subject	7	051				7	4	39	21	0	Kobayashi|Kobayashi's	names/kobayashi.md
koch	citation	2					1	2	1	1	0	Koch	
kochanek	citation	1					1	1	1	1	0	Kochanek	
kochman	citation	1					1	1	2	2	0	Kochman	
kociumaka	citation	1					0	1	0	0	0		
kodaira	subject	28		Logarithmic-Kodaira-dimension-and-whole-fiber-variation-September-26-2026|The-reverse-logarithmic-Kodaira-inequality-and-additivity-September-26-2026	033|034|042|057		27	5	477	408	13	Kodaira|Kodaira's	names/kodaira.md
koebe	subject	8	071				8	0	57	39	14	Koebe's|Koebe	names/koebe.md
koehler	citation	2					2	2	19	15	0	Koehler	
koenigsmann	citation	2					2	2	16	2	0	Koenigsmann|Koenigsmann's	
kohler	citation	2					1	1	2	2	0	Kohler	
kohler-schindler	citation	1					0	1	0	0	0		
kohn	subject	3	278	A-Coulomb-Ground-State-Density-without-Kohn-Sham-Ensemble-Representation-September-25-2026			3	1	18	11	5	Kohn	names/kohn.md
koike	citation	3					3	1	6	2	0	Koike	
koiliaris	citation	1					1	1	1	0	0	Koiliaris	
koiran	citation	1					1	1	2	2	0	Koiran	
koivisto	citation	1					1	1	7	7	0	Koivisto	
koivusalo	citation	1					0	1	0	0	0		
kokainis	citation	1					1	1	1	1	0	Kokainis	
kokarev	citation	1					1	1	1	1	0	Kokarev	
kol	citation	3					3	1	5	2	0	Kol	
kolasinski	citation	1					1	1	5	2	0	Kolasinski	
kolesnik	citation	1					0	1	0	0	0		
kolesnikov	citation	5					4	3	8	4	0	Kolesnikov	
kolla	citation	1					1	1	2	1	0	Kolla's|Kolla	
kollar	subject	21	058		058		17	18	129	48	8	Kollar|Kollar's	names/kollar.md
kolmogoroff	citation	1					0	1	0	0	0		
kolountzakis	citation	3					3	3	26	12	0	Kolountzakis|Kolountzakis's	
kolyvagin	citation	3					3	3	96	80	0	Kolyvagin|Kolyvagin's	
koman	citation	1					1	1	1	1	0	Koman	
komargodski	citation	1					1	1	3	2	0	Komargodski	
komatsu	citation	1					1	1	2	1	0	Komatsu	
komlos	citation	6					5	5	25	14	0	Komlos	
komm	citation	1					0	1	0	0	0		
kondo	citation	1					1	1	1	1	0	Kondo	
kondor	citation	1					1	1	4	2	0	Kondor's|Kondor	
konechny	citation	1					0	1	0	0	0		
konig	citation	8					7	3	13	4	0	Konig|Konig's	
kononenko	citation	1					1	1	1	1	0	Kononenko	
kontogiannis	citation	1					1	1	1	1	0	Kontogiannis	
kontsevich	citation	8					7	6	21	17	0	Kontsevich|Kontsevich's	
konyagin	subject	5	011				4	5	13	8	0	Konyagin	names/konyagin.md
koot	citation	1					1	1	2	0	0	Koot's|Koot	
kopczynski	citation	1					0	1	0	0	0		
kopinski	citation	1					1	1	2	2	0	Kopinski	
kopparty	citation	2					1	2	2	2	0	Kopparty	
koppe	citation	1					0	1	0	0	0		
kopper	citation	1					1	1	2	1	0	Kopper	
korandi	citation	1					1	1	1	0	0	Korandi	
koranyi	citation	1					1	1	1	1	0	Koranyi	
korepin	citation	2					2	1	15	15	0	Korepin	
korevaar	citation	1					1	1	2	2	0	Korevaar's|Korevaar	
koseki	citation	1					1	1	1	1	0	Koseki	
koshikawa	citation	1					0	1	0	0	0		
koskela	citation	3					2	1	2	1	0	Koskela	
kosterlitz	citation	3					3	3	46	24	0	Kosterlitz|Kosterlitz's	
kostochka	citation	3					3	2	13	10	1	Kostochka	
kosz	citation	1					1	1	2	1	0	Kosz	
koszul	subject	35			014|200|308|318		35	2	397	353	84	Koszul|Koszul's	names/koszul.md
kotelskiy	citation	1					1	1	1	0	0	Kotelskiy	
kothari	citation	5					3	5	15	15	2	Kothari	
kotlov	citation	1					0	1	0	0	0		
kottwitz	citation	2					1	1	2	1	0	Kottwitz	
koucky	citation	5					3	4	11	11	0	Koucky	
koudjinan	citation	1					1	1	1	1	0	Koudjinan	
koukoulopoulos	citation	5					5	5	10	5	0	Koukoulopoulos	
koul	citation	1					1	1	1	1	0	Koul	
kouroupis	citation	1					1	1	1	1	0	Kouroupis	
koutsoupias	citation	1					0	1	0	0	0		
kovacs	citation	5					5	4	38	19	4	Kovacs|Kovacs's	
koval	citation	2					1	2	4	2	0	Koval|Koval's	
kovalev	citation	1					1	1	3	2	0	Kovalev	
kovaleva	citation	1					0	1	0	0	0		
kowalczyk	citation	1					1	1	3	3	0	Kowalczyk	
kowalski	citation	5					4	2	6	2	2	Kowalski	
koymans	citation	2					2	2	10	6	0	Koymans	
kozachinskiy	citation	1					0	1	0	0	0		
kozdron	citation	1					1	1	1	1	0	Kozdron	
kozik	citation	1					1	1	1	0	1	Kozik	
kozlovskii	citation	1					1	1	1	0	0	Kozlovskii	
kozlowski	citation	5					4	5	13	9	0	Kozlowski	
kozma	citation	4					3	4	20	15	0	Kozma|Kozma's	
kra	citation	5					5	1	14	8	0	Kra	
krachun	citation	5					4	4	29	6	0	Krachun|Krachun's	
kraetzer	subject	1	072				1	1	5	5	3	Kraetzer's|Kraetzer	names/kraetzer.md
kraft	citation	6					5	2	12	6	0	Kraft|Kraft's	
kragh	citation	1					1	1	10	8	0	Kragh|Kragh's	
kramer	citation	6					3	5	19	11	0	Kramer|Kramer's	
kranz	citation	1					1	1	1	0	0	Kranz	
krattenthaler	citation	2					2	1	5	2	0	Krattenthaler|Krattenthaler's	
krause	citation	2					1	2	2	1	0	Krause	
krauth	citation	1					1	1	1	0	0	Krauth	
krauthgamer	citation	7					5	5	25	15	0	Krauthgamer	
kravitz	citation	1					1	1	1	1	0	Kravitz	
krein	citation	7					7	2	7	7	0	Krein	
kremer	citation	1					0	1	0	0	0		
krengel	citation	1					1	1	1	1	0	Krengel	
kret	citation	1					1	1	2	2	0	Kret	
krick	citation	1					0	1	0	0	0		
krieger	citation	2					2	1	15	5	0	Krieger|Krieger's	
kriesell	citation	1					1	1	1	0	0	Kriesell	
krishnan	citation	1					0	1	0	0	0		
kristensen	citation	1					0	1	0	0	0		
krivelevich	citation	3					3	2	12	9	0	Krivelevich	
kriz	citation	4					3	4	22	4	1	Kriz|Kriz's	
krokhin	citation	1					0	1	0	0	0		
kroncke	citation	1					1	1	1	1	0	Kroncke's	
kronecker	citation	18					18	2	57	45	0	Kronecker|Kronecker's	
kronenberg	citation	1					1	1	1	1	0	Kronenberg	
kronheimer	citation	1					1	1	2	2	0	Kronheimer	
kropholler	citation	3					2	3	2	1	0	Kropholler	
krstic	citation	2					2	1	7	2	0	Krstic	
krull	citation	12					12	1	24	19	0	Krull|Krull's	
krummel	citation	1					1	1	1	0	0	Krummel	
krushkal	citation	1					1	1	7	2	0	Krushkal	
kruskal	citation	4					4	1	17	14	17	Kruskal|Kruskal's	
krylov	citation	5					5	1	15	10	3	Krylov	
krzakala	citation	2					2	1	3	2	0	Krzakala	
kubo	citation	3					3	1	5	4	0	Kubo	
kubota	citation	4					4	1	18	10	0	Kubota|Kubota's	
kubrak	citation	1					0	1	0	0	0		
kuchle	citation	4					3	3	14	10	0	Kuchle	
kudla	citation	3					3	2	15	11	0	Kudla	
kudria	citation	1					1	1	1	1	0	Kudria	
kuga	subject	1		A-Conditional-Reduction-for-Algebraic-Kuga-Satake-Correspondences-September-10-2026|Algebraic-Kuga-Satake-correspondences-and-Hodge-conjectures-on-a-K3-quadratic-locus-September-30-2026			1	0	35	27	0	Kuga	names/kuga.md
kuhlmann	citation	1					0	1	0	0	0		
kuhn	citation	8					7	6	46	31	1	Kuhn|Kuhn's	
kuhne	citation	1					1	1	1	1	0	Kuhne	
kuiper	citation	2					2	2	6	6	0	Kuiper|Kuiper's	
kulikov	citation	3					3	1	13	7	0	Kulikov|Kulikov's	
kulish	citation	1					1	1	2	1	0	Kulish	
kulkarni	citation	2					2	1	10	6	0	Kulkarni	
kull	citation	1					0	1	0	0	0		
kullback	citation	4					3	2	4	3	0	Kullback	
kullmann	citation	1					1	1	1	1	0	Kullmann	
kulshammer	citation	2					2	2	12	7	0	Kulshammer|Kulshammer's	
kulshreshtha	citation	1					1	1	1	1	0	Kulshreshtha	
kulske	citation	1					1	1	4	3	0	Kulske	
kumar	subject	17	119		119	OAI.LeanBlast.CourtadeKumar.courtadeKumarAndAttainment	13	14	49	34	2	Kumar|Kumar's	names/kumar.md
kumchev	citation	1					1	1	1	0	0	Kumchev	
kume	citation	1					0	1	0	0	1		
kummer	subject	30			002|004|006|029|031|318		30	1	1119	957	103	Kummer|Kummer's	names/kummer.md
kunde	citation	1					1	1	1	0	0	Kunde	
kunduri	citation	1					1	1	3	3	0	Kunduri	
kunen	citation	1					1	1	7	0	0	Kunen	
kung	citation	1					1	1	2	2	0	Kung	
kunisky	citation	1					1	1	1	0	0	Kunisky	
kunita	citation	2					1	2	1	1	0	Kunita	
kunz	subject	3			194		2	1	21	19	0	Kunz	names/kunz.md
kunzinger	citation	1					1	1	1	1	0	Kunzinger	
kuperberg	citation	3					3	2	9	6	0	Kuperberg|Kuperberg's	
kupiainen	citation	2					2	2	12	8	0	Kupiainen|Kupiainen's	
kur	citation	1					1	1	7	3	0	Kur	
kuratowski	citation	4					3	1	10	8	0	Kuratowski	
kurchan	citation	2					2	1	3	2	0	Kurchan	
kurka	citation	1					1	1	6	2	0	Kurka|Kurka's	
kuronya	citation	1					1	1	2	1	0	Kuronya	
kurosch	citation	1					0	1	0	0	0		
kurosh	subject	2	201				2	0	14	8	0	Kurosh|Kurosh's	names/kurosh.md
kurtz	citation	1					1	1	5	3	0	Kurtz	
kurur	citation	1					1	1	1	1	0	Kurur	
kurzhanskiy	citation	1					0	1	0	0	0		
kusakabe	citation	1					0	1	0	0	0		
kushelman	citation	1					0	1	0	0	0		
kutzarova	citation	1					1	1	10	6	0	Kutzarova	
kuwada	citation	3					1	3	1	1	0	Kuwada	
kuwae	citation	3					2	3	2	2	0	Kuwae	
kuwahara	citation	1					1	1	3	3	0	Kuwahara	
kuzmanovich	citation	1					1	1	1	1	0	Kuzmanovich	
kuznetsov	subject	3	054				3	2	12	6	2	Kuznetsov|Kuznetsov's	names/kuznetsov.md
kwasniewski	citation	1					0	1	0	0	0		
kwong	citation	1					1	1	4	2	0	Kwong	
kyng	citation	1					1	1	3	3	0	Kyng	
labbe	citation	1					0	1	0	0	0		
labesse	citation	1					1	1	14	4	0	Labesse|Labesse's	
labourie	citation	2					2	2	3	3	0	Labourie	
labute	citation	1					1	1	2	2	0	Labute's	
lacey	citation	4			083		3	4	11	2	0	Lacey	
lachish	citation	1					1	1	2	1	0	Lachish	
lachlan	citation	1					1	1	2	2	0	Lachlan	
lachmann	citation	1					0	1	0	0	0		
lacini	citation	1					1	1	3	2	0	Lacini	
lacoin	citation	1					1	1	1	0	0	Lacoin	
lacourte	citation	1					1	1	1	0	0	Lacourte	
lacroix	citation	1					1	1	2	1	0	Lacroix	
lacy	citation	1					1	1	2	2	0	Lacy	
laczkovich	citation	1					1	1	2	2	0	Laczkovich	
lada	citation	1					0	1	0	0	0		
ladner	citation	1					0	1	0	0	0		
laface	citation	1					1	1	1	1	0	Laface	
laffaille	citation	1					1	1	2	2	0	Laffaille	
laffer	citation	1					1	1	1	1	0	Laffer	
lafforgue	subject	6			014		6	4	52	28	0	Lafforgue|Lafforgue's	names/lafforgue.md
lagarias	citation	1					0	1	0	0	0		
lagrangian	subject	23	340	A-counterexample-to-the-nearby-Lagrangian-conjecture-September-23-2026|Projective-Space-Bases-of-Lagrangian-Fibrations-September-23-2026	041|161		23	0	232	220	51	Lagrangian	names/lagrangian.md
laguerre	subject	4			237|371		4	0	15	12	3	Laguerre	names/laguerre.md
lahiri	citation	2					1	1	4	3	0	Lahiri	
lahoz	citation	1					1	1	2	2	0	Lahoz	
lahti	citation	1					1	1	2	1	0	Lahti	
lai	citation	4					4	3	11	8	0	Lai	
lakhani	citation	1					1	1	3	0	0	Lakhani	
lalas	citation	1					1	1	1	1	0	Lalas	
lalley	citation	2					2	2	4	3	0	Lalley|Lalley's	
lam	citation	6					6	4	16	11	28	Lam|Lam's	
lamari	citation	2					2	2	14	6	0	Lamari|Lamari's	
lambie-hanson	citation	1					0	1	0	0	0		
lambrechts	citation	2					0	2	0	0	0		
lammers	subject	5					5	4	45	19	0	Lammers	names/lammers.md
lampio	citation	1					1	1	1	1	0	Lampio	
lan	citation	5					4	4	39	13	0	Lan	
lanari	citation	1					1	1	8	3	0	Lanari	
lance	citation	2					1	2	2	2	0	Lance	
lancien	citation	2					2	2	5	4	0	Lancien	
landau	subject	10		Uniform-exclusion-of-Landau-Siegel-zeros-October-1-2026			10	3	43	41	0	Landau|Landau's	names/landau.md
landauer	citation	1					1	1	28	2	0	Landauer|Landauer's	
landazuri	citation	1					1	1	2	1	0	Landazuri	
lander	citation	1					1	1	4	4	0	Lander	
landesman	citation	2					2	1	9	3	0	Landesman	
landon	citation	2					2	2	10	8	0	Landon	
landsberg	citation	3					2	2	11	4	0	Landsberg	
landweber	citation	2					2	1	22	17	2	Landweber|Landweber's	
lanford	citation	2					2	2	6	4	0	Lanford|Lanford's	
lang	subject	11	098				11	6	75	44	3	Lang|Lang's	names/lang.md
lange	citation	3					3	2	4	3	0	Lange	
langer	citation	5					5	4	46	15	3	Langer|Langer's	
langlands	subject	10	014|069	Global-quantum-geometric-Langlands-at-irrational-level-October-4-2026|The-Restricted-Geometric-Langlands-Equivalence-in-Positive-Characteristic-September-24-2026	014		10	4	177	152	5	Langlands|Langlands's	names/langlands.md
langlois	citation	1					0	1	0	0	0		
languasco	citation	1					1	1	1	1	0	Languasco	
lanzetta	citation	1					0	1	0	0	0		
lapid	citation	2					1	1	2	0	0	Lapid	
laplace	subject	39			090|217|232|233|237		39	0	353	321	47	Laplace	names/laplace.md
laplacian	subject	61			060|223|261|356		61	0	577	535	86	Laplacian	names/laplacian.md
laptev	citation	3					3	1	20	11	0	Laptev	
larmore	citation	1					1	1	1	0	0	Larmore	
larotonda	citation	1					1	1	2	1	0	Larotonda	
larsen	citation	6					5	3	15	8	3	Larsen	
larsson	citation	1					0	1	0	0	0		
larusson	citation	2					2	1	4	2	0	Larusson|Larusson's	
lasell	citation	1					1	1	1	0	0	Lasell	
lashof	subject	1			316		1	0	10	9	0	Lashof	names/lashof.md
lassas	citation	1					1	1	5	3	0	Lassas	
lasserre	citation	2					2	1	6	3	2	Lasserre	
laszlo	citation	3					3	1	6	3	0	Laszlo	
latka	citation	1					1	1	1	0	0	Latka	
latschev	citation	1					1	1	1	1	0	Latschev	
lau	citation	4					4	3	16	5	0	Lau|Lau's	
laudenbach	citation	3					3	2	5	4	0	Laudenbach	
laughlin	subject	1	269	A-Fock-space-inequality-and-the-Laughlin-spectral-gap-September-24-2026|Uniform-Stability-of-the-Spherical-Laughlin-Gap-October-5-2026	269	OAI.Laughlin.mainTarget_proved	1	1	48	43	1	Laughlin|Laughlin's	names/laughlin.md
laumon	citation	2					1	2	15	10	0	Laumon|Laumon's	
laurent	subject	84			004|006|035|116|313|319		83	3	732	668	120	Laurent|Laurent's	names/laurent.md
lauritsen	citation	1					1	1	4	2	0	Lauritsen	
lawler	citation	6					5	3	54	21	1	Lawler	
lawrence	citation	4					3	1	4	3	0	Lawrence	
lawson	subject	8			335		5	7	18	15	0	Lawson	names/lawson.md
lax	citation	7					7	2	22	14	12	Lax|Lax's	
laza	citation	1					0	1	0	0	0		
lazard	citation	4					3	3	21	11	1	Lazard|Lazard's	
lazarovici	citation	1					1	1	3	1	0	Lazarovici	
lazarsfeld	citation	10					8	8	44	20	1	Lazarsfeld	
lazic	subject	6			034		4	6	32	14	0	Lazic|Lazic's	names/lazic.md
lazos	citation	1					0	1	0	0	0		
lazutkin	citation	1					1	1	10	8	0	Lazutkin|Lazutkin's	
leaci	citation	1					1	1	2	2	0	Leaci	
leake	citation	1					1	1	2	2	0	Leake	
leary	citation	2					2	1	7	2	0	Leary	
leavitt	citation	1					1	1	4	2	0	Leavitt|Leavitt's	
lebedev	citation	1					0	1	0	0	0		
lebedeva	citation	2					1	2	1	0	0	Lebedeva	
lebesgue	subject	125	144	A-smooth-three-torus-diffeomorphism-with-simple-Lebesgue-spectrum-September-23-2026			125	0	697	651	6	Lebesgue	names/lebesgue.md
leble	citation	1					1	1	6	1	0	Leble	
lebowitz	citation	4					4	4	13	9	0	Lebowitz	
lecerf	citation	3					1	2	4	2	0	Lecerf|Lecerf's	
lech	subject	2	194		194		2	0	23	12	0	Lech's|Lech	names/lech.md
leclerc	citation	2					0	2	0	0	0		
leder	citation	1					1	1	8	1	0	Leder|Leder's	
ledoux	citation	4					3	3	5	3	1	Ledoux	
ledrappier	citation	1					1	1	2	1	0	Ledrappier's|Ledrappier	
ledwith	citation	1					0	1	0	0	0		
lee	subject	50			216		42	36	197	127	29	Lee|Lee's	names/lee.md
leeb	citation	4					3	4	8	6	0	Leeb|Leeb's	
legendre	subject	17			359		17	0	85	83	7	Legendre|Legendre's	names/legendre.md
leger	citation	1					1	1	1	1	0	Leger	
leguil	citation	1					0	1	0	0	0		
lehec	citation	4					4	4	20	15	0	Lehec|Lehec's	
lehmann	citation	4					3	4	9	8	0	Lehmann	
lehn	subject	6			041		4	4	19	12	0	Lehn|Lehn's	names/lehn.md
lehner	citation	4					4	1	29	27	0	Lehner	
lehtinen	citation	1					1	1	1	1	0	Lehtinen	
leibler	citation	4					3	2	4	3	0	Leibler	
leibman	citation	3			164		2	1	16	6	13	Leibman|Leibman's	
leigh	citation	1					1	1	1	1	0	Leigh	
leighton	citation	4					3	4	4	4	2	Leighton	
leindler	citation	5					5	1	13	13	0	Leindler	
lejmi	citation	2					2	2	8	4	0	Lejmi's|Lejmi	
lelarge	citation	1					1	1	2	2	0	Lelarge	
lelong	subject	12			034		12	0	193	174	20	Lelong	names/lelong.md
leman	subject	2	133	Parity-lifts-and-bounded-treewidth-witnesses-for-Weisfeiler-Leman-equivalence-September-25-2026|The-complexity-of-identifying-a-graph-by-Weisfeiler-Leman-refinement-September-25-2026|Unconditional-time-lower-bounds-for-Weisfeiler-Leman-equivalence-September-25-2026|Variable-dimension-Weisfeiler-Leman-equivalence-on-general-and-subcubic-graphs-September-25-2026	133		2	2	59	55	0	Leman|Leman's	names/leman.md
lemenant	citation	1					1	1	1	1	0	Lemenant	
lemm	citation	2					2	2	3	2	0	Lemm	
lempert	citation	2					2	2	4	3	0	Lempert|Lempert's	
leness	citation	1					1	1	2	2	0	Leness	
leng	subject	4			086		4	3	19	9	1	Leng|Leng's	names/leng.md
lenstra	citation	2					1	1	1	1	0	Lenstra	
lenz	citation	1					0	1	0	0	0		
leonard	citation	5					5	1	6	2	0	Leonard	
leonardi	citation	1					0	1	0	0	0		
leone	citation	2					2	2	7	5	0	Leone	
lepage	citation	1					1	1	3	2	0	Lepage's|Lepage	
lepingle	citation	3					2	3	8	7	0	Lepingle|Lepingle's	
lerario	citation	1					0	1	0	0	0		
leray	citation	17					17	2	113	67	4	Leray|Leray's	
lerman	citation	2					2	1	11	7	0	Lerman|Lerman's	
lerner	citation	2					1	1	2	0	0	Lerner	
leroux	citation	1					1	1	1	1	0	Leroux	
leschke	citation	1					0	1	0	0	0		
lesigne	citation	1					1	1	7	3	0	Lesigne	
lesourd	citation	1					1	1	3	3	0	Lesourd	
letellier	citation	2					2	1	8	1	0	Letellier|Letellier's	
letrouit	citation	1					1	1	1	1	0	Letrouit's	
letzter	citation	1					1	1	1	1	0	Letzter's	
leung	citation	3					3	1	9	5	0	Leung	
leuschke	citation	1					1	1	1	1	0	Leuschke	
leuzinger	citation	1					1	1	1	0	0	Leuzinger	
levenberg	citation	1					0	1	0	0	0		
levenshtein	citation	3					3	2	20	8	0	Levenshtein|Levenshtein's	
levermore	citation	1					0	1	0	0	0		
levesque	citation	1					1	1	1	1	0	Levesque	
levey	citation	1					1	1	1	1	0	Levey	
levi	subject	27			203|286		27	0	487	447	20	Levi|Levi's	names/levi.md
levin	citation	2					1	2	1	1	0	Levin	
levina	citation	1					0	1	0	0	0		
levine	subject	2			059		2	2	10	5	0	Levine|Levine's	names/levine.md
levitt	citation	2					2	2	3	1	0	Levitt|Levitt's	
levitzki	citation	1					0	1	0	0	0		
levy	citation	12					10	2	31	20	0	Levy|Levy's	
lewicka	citation	1					1	1	4	1	0	Lewicka|Lewicka's	
lewin	citation	5					4	3	13	8	0	Lewin	
lewis	citation	7					5	5	10	6	1	Lewis	
lewko	citation	1					1	1	2	1	0	Lewko	
liang	citation	3					2	3	4	4	0	Liang	
liao	citation	2					2	2	2	1	0	Liao	
licata	citation	2					1	2	7	5	0	Licata	
licea	citation	1					1	1	3	1	0	Licea	
lichter	citation	2					2	2	22	9	3	Lichter|Lichter's	
lichtman	citation	2					2	2	11	3	0	Lichtman	
lidicky	citation	1					1	1	2	2	0	Lidicky	
lidl	citation	2					1	1	1	0	0	Lidl	
lidman	citation	1					1	1	3	3	0	Lidman	
lido	citation	1					0	1	0	0	0		
lie	citation	62			008|032|033|206		61	3	1358	1051	5177	Lie|Lie's	
lieb	subject	34	262	Equality-cases-in-the-sharp-one-dimensional-matrix-Lieb-Thirring-inequality-October-5-2026|Sharp-One-Dimensional-Lieb-Thirring-Constants-September-23-2026|Sharp-one-dimensional-Lieb-Thirring-inequalities-for-matrix-potentials-October-5-2026		OAI.SharpLiebThirring.sharp_lieb_thirring	32	24	243	186	5	Lieb|Lieb's|LieB	names/lieb.md
liebeck	citation	3					2	3	21	15	14	Liebeck	
lieberman	citation	4					3	3	9	8	0	Lieberman	
lieblich	citation	1					1	1	2	0	0	Lieblich	
liedtke	citation	1					1	1	1	1	0	Liedtke	
lienard	subject	1				OAI.QuinticLienard.main	1	0	17	16	1	Lienard|Lienard's	names/lienard.md
lifshits	citation	1					0	1	0	0	0		
lifshitz	citation	6					5	2	14	8	6	Lifshitz	
liggett	citation	5					4	4	10	8	0	Liggett	
lihn	citation	1					1	1	3	2	0	Lihn	
liimatainen	citation	2					1	2	2	2	0	Liimatainen	
lima	subject	4			087		2	3	13	9	2	Lima|Lima's	names/lima.md
limaye	citation	1					1	1	3	3	0	Limaye	
limic	citation	1					0	1	0	0	0		
lin	citation	26					22	18	64	38	61	Lin|Lin's|LIN	
linckelmann	citation	2					2	1	8	3	0	Linckelmann	
lind	citation	3					3	2	5	3	0	Lind	
lindblad	citation	3					3	2	9	7	0	Lindblad	
lindenstrauss	subject	7			015		6	5	41	31	0	Lindenstrauss	names/lindenstrauss.md
lindstrom	citation	3					2	1	10	6	0	Lindstrom	
lindzey	citation	1					0	1	0	0	0		
lingham	citation	1					0	1	0	0	0		
linial	subject	14	127			OAI.LeanBlast.GotsmanLinial.gotsmanLinialStatement	11	8	39	28	0	Linial	names/linial.md
liniger	citation	1					1	1	1	1	0	Liniger	
linnell	citation	5					4	4	10	4	0	Linnell|Linnell's	
linnik	citation	6					6	2	18	10	0	Linnik's|Linnik	
linton	citation	2					2	1	23	10	0	Linton|Linton's	
liokumovich	citation	1					1	1	10	6	3	Liokumovich	
lion	citation	2					2	2	2	2	0	Lion	
lionheart	citation	1					0	1	0	0	0		
lions	citation	6					5	4	9	7	0	Lions	
liouville	subject	25		One-sided-negative-sectional-curvature-and-the-holomorphic-Liouville-property-September-25-2026|Random-Walks-on-Critical-FK-Ising-Maps-and-Liouville-Brownian-Motion-October-5-2026|The-critical-Liouville-quantum-sphere-and-geometric-limits-of-FK-maps-at-q-equals-4-September-24-2026	007|211|260|359		25	1	154	131	26	Liouville|Liouville's	names/liouville.md
lipman	subject	2	048				2	1	17	12	2	Lipman|Lipman's	names/lipman.md
lippman	citation	1					0	1	0	0	0		
lipschitz	subject	178	083|232|324|330	A-doubling-Hilbert-subset-with-no-finite-dimensional-bi-Lipschitz-embedding-September-25-2026|A-uniform-Hilbert-transform-estimate-for-Lipschitz-directions-September-25-2026|Bi-Lipschitz-Absorption-of-c0-Without-a-Linear-Copy-of-c0-September-26-2026|Bi-Lipschitz-Coordinates-at-Regular-Points-of-Noncollapsed-RCD-Spaces-September-25-2026|Failure-of-Bounded-Approximation-in-a-Lipschitz-Free-Space-over-a-Uniformly-Discrete-Metric-Space-September-26-2026|Gaussian-free-field-limits-of-weighted-integer-Lipschitz-heights-October-6-2026|Lipschitz-Equivalent-Separable-Banach-Spaces-Need-Not-Be-Linearly-Isomorphic-September-24-2026|The-Gaussian-free-field-limit-of-integer-Lipschitz-heights-with-two-arc-boundary-data-October-6-2026|Uniform-real-Lipschitz-surfaces-on-the-triangular-lattice-October-6-2026	078|136|222|255|267|291|324|337|356|368	OAI.LipschitzCounterexample.main	178	0	3297	3099	122	Lipschitz	names/lipschitz.md
lipton	citation	7					5	7	6	5	0	Lipton	
lis	citation	5					5	4	41	22	0	Lis	
lisca	citation	1					0	1	0	0	0		
liskiewicz	citation	1					0	1	0	0	0		
litt	citation	2					2	1	12	7	0	Litt|Litt's	
littelmann	citation	1					1	1	1	0	0	Littelmann's	
littlewood	subject	21	076	Asymptotically-minimal-maxima-of-real-Littlewood-polynomials-September-23-2026|Nearly-minimal-maxima-and-positive-minima-of-Littlewood-polynomials-October-5-2026|Ultraflat-real-Littlewood-polynomials-October-5-2026		OAI.AsymptoticallyMinimalLittlewood.main	21	4	112	94	0	Littlewood|Littlewood's	names/littlewood.md
littman	citation	1					0	1	0	0	0		
littmann	citation	1					1	1	3	3	0	Littmann	
litvak	citation	2					2	1	10	9	0	Litvak	
liu	citation	50					43	42	175	96	0	Liu|Liu's	
livesey	citation	1					1	1	8	7	0	Livesey|Livesey's	
livne	citation	2					1	2	2	2	0	Livne	
livshyts	citation	1					1	1	3	3	0	Livshyts	
llorens-fuster	citation	1					0	1	0	0	0		
lloyd	citation	3					3	1	10	4	1	Lloyd	
locke	citation	1					1	1	1	1	0	Locke	
lockhart	citation	2					1	2	1	1	0	Lockhart	
loeper	citation	1					1	1	6	2	0	Loeper	
loeser	citation	1					0	1	0	0	0		
loewner	subject	12			230		12	0	165	153	13	Loewner	names/loewner.md
loff	citation	3					1	3	2	2	0	Loff	
logan	citation	2					1	2	1	0	0	Logan	
logunov	citation	2					2	1	13	3	0	Logunov	
loh	citation	2					2	1	3	3	0	Loh	
lohkamp	citation	1					1	1	1	1	1	Lohkamp's	
lohr	citation	1					1	1	1	1	0	Lohr	
loi	citation	1					1	1	1	1	0	Loi	
lojasiewicz	citation	6					6	1	10	0	0	Lojasiewicz	
lombardi	citation	3					3	1	8	5	0	Lombardi	
longmou-moffo	citation	1					0	1	0	0	0		
longo	citation	3					1	2	6	2	0	Longo	
loomis	citation	4					4	3	6	5	4	Loomis	
lopatto	citation	4					4	3	37	15	0	Lopatto|Lopatto's	
lopez	citation	6					5	2	11	8	0	Lopez	
lopez-abad	citation	1					0	1	0	0	0		
lopez-pellicer	citation	1					0	1	0	0	0		
lorentz	subject	11			260|349		11	0	135	116	17	Lorentz	names/lorentz.md
lorenz	citation	3					1	2	1	1	0	Lorenz	
loridant	citation	1					0	1	0	0	0		
loring	citation	1					1	1	1	1	0	Loring	
lorys	citation	1					0	1	0	0	0		
lott	citation	6					5	6	6	3	0	Lott	
lotti	citation	1					1	1	1	1	0	Lotti	
louder	citation	2					2	2	3	2	0	Louder	
lovasz	subject	22			181		20	18	55	43	7	Lovasz|Lovasz's	names/lovasz.md
love	citation	2					1	2	1	1	0	Love	
lovett	citation	4					4	1	15	11	2	Lovett	
lowdenslager	citation	1					1	1	1	1	0	Lowdenslager	
lowen	citation	1					1	1	2	0	0	Lowen	
lozovanu	citation	1					1	1	1	1	0	Lozovanu	
lubeck	citation	3					3	2	3	2	0	Lubeck|Lubeck's	
lubetzky	citation	2					2	2	2	1	0	Lubetzky	
lubin	citation	5					5	3	48	36	2	Lubin	
lubotzky	citation	6					5	3	11	3	0	Lubotzky	
luby	citation	4					1	4	1	1	0	Luby	
luca	subject	3	011				3	1	5	4	0	Luca	names/luca.md
lucas	citation	3					3	1	5	2	1	Lucas's|Lucas	
lucchini	citation	1					1	1	2	2	0	Lucchini	
lucier	citation	1					1	1	6	5	0	Lucier	
lucietti	citation	1					0	1	0	0	0		
luck	subject	8			285		7	4	33	12	0	Luck|Luck's	names/luck.md
ludewig	citation	2					2	2	10	0	0	Ludewig	
ludwig	citation	4					3	1	23	9	1	Ludwig	
luecke	citation	1					1	1	1	1	0	Luecke's	
luengo	citation	1					0	1	0	0	0		
lugosi	citation	4					3	2	7	0	1	Lugosi	
luiro	citation	1					1	1	6	2	0	Luiro|Luiro's	
luk	citation	2					2	2	25	18	0	Luk	
luks	citation	1					1	1	2	2	0	Luks	
luna	citation	2					1	1	4	0	0	Luna|Luna's	
lund	citation	5					3	5	5	4	0	Lund	
lundholm	citation	2					1	2	1	1	0	Lundholm	
lundin	citation	1					1	1	2	2	0	Lundin	
luo	citation	13					10	9	32	17	0	Luo	
lupini	citation	1					0	1	0	0	0		
lupu	citation	3					2	3	8	2	0	Lupu	
luria	citation	3					3	2	4	3	0	Luria	
lurie	citation	5					3	4	10	2	2	Lurie|Lurie's	
lurye	citation	1					1	1	1	1	0	Lurye	
luscher	citation	1					1	1	6	2	0	Luscher|Luscher's	
lusztig	subject	5	168	Combinatorial-Invariance-of-Kazhdan-Lusztig-Polynomials-September-24-2026	168		5	1	68	62	0	Lusztig|Lusztig's	names/lusztig.md
lutkebohmert	citation	7					2	6	5	4	0	Lutkebohmert	
lutwak	citation	2					2	1	11	6	0	Lutwak	
luty	citation	1					1	1	2	1	0	Luty	
lynch	citation	1					0	1	0	0	0		
lyndon	citation	7					6	1	14	9	0	Lyndon	
lyons	citation	13					11	11	40	24	0	Lyons	
lytchak	citation	1					0	1	0	0	0		
lyusternik	citation	1					1	1	1	1	0	Lyusternik	
macaulay	subject	21	195	A-Complete-Local-Domain-Without-a-Small-Cohen-Macaulay-Module-September-23-2026			21	0	212	211	0	Macaulay	names/macaulay.md
macdonald	citation	5					5	2	21	3	0	Macdonald|MacDonald	
machigashira	citation	1					1	1	1	1	0	Machigashira	
macintyre	citation	1					0	1	0	0	0		
mack	citation	1					1	1	2	2	1	Mack	
mackey	citation	4					4	1	31	25	7	Mackey|Mackey's	
mackworth	citation	1					1	1	7	0	0	Mackworth	
maclachlan	citation	1					1	1	2	2	0	Maclachlan	
macri	citation	3					3	3	8	7	0	Macri	
maculan	citation	1					0	1	0	0	0		
maday	citation	1					1	1	1	1	0	Maday	
mader	citation	2					1	2	2	2	0	Mader's|Mader	
madiman	citation	2					1	2	1	0	0	Madiman	
madras	citation	2					1	1	11	6	0	Madras	
madrid	citation	2					1	2	2	2	0	Madrid	
madsen	citation	2					2	2	2	1	0	Madsen	
maeda	citation	1					1	1	1	1	0	Maeda	
maehara	citation	2					2	2	11	6	0	Maehara|Maehara's	
maes	citation	1					1	1	1	1	0	Maes	
magen	citation	1					0	1	0	0	0		
maggi	citation	4					4	2	15	7	0	Maggi	
maggiore	citation	1					1	1	2	2	0	Maggiore	
magnus	citation	5					5	2	61	49	8	Magnus|Magnus's	
maharry	citation	1					1	1	1	1	0	Maharry	
mahboubi	citation	1					0	1	0	0	0		
mahdavifar	citation	1					1	1	3	2	0	Mahdavifar	
mahdian	citation	1					0	1	0	0	0		
mahler	subject	5	087	The-Mahler-Conjecture-for-General-Convex-Bodies-September-22-2026|The-symmetric-Mahler-conjecture-and-its-equality-cases-September-22-2026	087	OAI.SymmetricMahler.symmetric_mahler|OAI.SymmetricMahler.symmetric_mahler_equality	5	3	46	28	27	Mahler|Mahler's	names/mahler.md
mahoney	citation	2					0	2	0	0	0		
mahowald	citation	4					3	2	14	11	0	Mahowald	
maier	citation	2					2	1	6	4	0	Maier	
maillard	citation	1					1	1	1	1	0	Maillard	
maillet	citation	2					1	2	2	2	0	Maillet	
maire	citation	1					1	1	1	1	0	Maire	
majid	citation	1					1	1	1	1	0	Majid	
majumder	citation	1					1	1	1	1	0	Majumder	
makai	citation	1					0	1	0	0	0		
makam	citation	1					1	1	1	1	0	Makam	
makar-limanov	citation	1					0	1	0	0	0		
makarov	citation	2					2	1	5	2	0	Makarov|Makarov's	
makarychev	citation	1					1	1	4	4	0	Makarychev	
maker	subject	1	187	Snaky-in-21-Maker-moves-September-25-2026			1	0	160	142	0	Maker|Maker's	names/maker.md
makino	citation	2					0	2	0	0	0		
makkai	citation	1					1	1	1	0	0	Makkai	
malcev	citation	2					2	1	6	4	0	Malcev|Malcev's	
maldacena	citation	1					0	1	0	0	0		
male	citation	1					1	1	2	1	0	Male	
malec	citation	1					1	1	3	1	0	Malec	
maleshich	citation	1					1	1	2	1	0	Maleshich	
malgrange	citation	2					2	2	5	2	0	Malgrange	
malle	citation	3					3	2	10	6	2	Malle|Malle's	
mallesham	citation	1					1	1	2	2	0	Mallesham	
mallows	citation	1					0	1	0	0	0		
malod	citation	1					1	1	1	1	0	Malod	
malthaner	citation	1					1	1	6	0	0	Malthaner	
maltsiniotis	citation	2					2	2	11	8	1	Maltsiniotis	
maly	citation	4					3	4	7	7	0	Maly|Maly's	
manasse	citation	1					0	1	0	0	0		
mande	citation	1					0	1	0	0	0		
mandel	citation	2					1	2	1	1	0	Mandel	
mandell	citation	5					3	3	4	2	1	Mandell	
mane	citation	2					2	1	8	3	0	Mane	
maneva	citation	1					1	1	5	4	0	Maneva|Maneva's	
mangam	citation	1					1	1	2	2	0	Mangam	
mangerel	citation	1					1	1	1	1	0	Mangerel	
mangolte	citation	1					1	1	1	0	0	Mangolte	
mangoubi	citation	1					0	1	0	0	0		
manin	citation	14					13	4	85	71	2	Manin|Manin's	
manini	citation	1					0	1	0	0	0		
manivel	citation	2					1	1	4	2	0	Manivel	
manjhi	citation	1					0	1	0	0	0		
mann	citation	3					3	2	8	5	7	Mann	
mannan	citation	1					1	1	6	2	0	Mannan	
manning	citation	5					5	3	13	6	0	Manning|Manning's	
manokaran	citation	1					1	1	4	3	0	Manokaran	
manolescu	citation	6					5	5	56	37	0	Manolescu	
manon	citation	2					0	2	0	0	0		
manoussos	citation	1					1	1	1	0	0	Manoussos	
mansfield	citation	1					0	1	0	0	0		
mansour	citation	3					3	2	5	5	0	Mansour	
mantzakouras	citation	1					1	1	1	1	0	Mantzakouras	
manuilov	citation	1					1	1	1	1	0	Manuilov	
manurangsi	citation	3					2	2	4	3	0	Manurangsi	
mao	citation	5					5	4	12	11	0	Mao	
marcati	citation	1					1	1	1	1	0	Marcati	
marchand	citation	1					1	1	2	1	0	Marchand	
marchese	citation	1					1	1	4	4	0	Marchese|Marchese's	
marchioro	citation	1					1	1	1	1	0	Marchioro	
marcinkowski	citation	1					0	1	0	0	0		
marcos	citation	1					0	1	0	0	0		
marcus	citation	7					4	4	9	2	0	Marcus	
marczinzik	citation	1					1	1	4	3	0	Marczinzik	
mardare	citation	1					1	1	1	1	0	Mardare	
margalit	citation	3					2	1	4	1	0	Margalit	
margolis	citation	1					0	1	0	0	0		
margulis	subject	5	018	The-Margulis-Platonov-conjecture-over-global-function-fields-October-5-2026|The-Margulis-Platonov-conjecture-over-number-fields-September-23-2026			5	2	55	34	0	Margulis|Margulis's	names/margulis.md
marien	citation	1					0	1	0	0	0		
marin	citation	3					3	1	3	3	0	Marin	
marinescu	citation	1					0	1	0	0	0		
marini	citation	1					1	1	1	1	0	Marini	
markakis	citation	1					0	1	0	0	0		
markey	citation	1					1	1	1	1	0	Markey	
markman	citation	4					4	3	75	24	0	Markman|Markman's	
markov	subject	134	327|332	Metric-Markov-Cotype-Two-of-l1-October-5-2026|Nontrivial-Markov-Type-Forces-Superreflexivity-September-23-2026	089	OAI.MarkovSuperreflexivity.hasNontrivialMarkovType_iff_hasEquivalentUCNorm	133	1	1108	782	33	Markov|Markov's	names/markov.md
markovic	citation	2					2	1	7	2	0	Markovic	
maroti	citation	1					1	1	4	1	0	Maroti's|Maroti	
marques	citation	1					1	1	2	2	0	Marques	
marrakchi	citation	2					2	2	35	18	0	Marrakchi|Marrakchi's	
mars	citation	1					1	1	8	5	0	Mars	
marshall	citation	3					2	1	2	1	0	Marshall	
marshall-maldonado	citation	1					0	1	0	0	0		
marsiglietti	citation	1					1	1	1	1	0	Marsiglietti	
marstrand	citation	3					3	3	10	8	0	Marstrand	
martel	citation	1					0	1	0	0	0		
martell	citation	1					0	1	0	0	0		
martelli	citation	1					1	1	3	1	0	Martelli	
martin	subject	27			211		23	12	100	80	0	Martin|Martin's	names/martin.md
martineau	citation	2					2	2	4	3	0	Martineau|Martineau's	
martinelli	citation	1					1	1	3	2	0	Martinelli	
martinez	citation	3					3	2	5	4	0	Martinez	
martinez-pedroza	citation	1					0	1	0	0	0		
martinez-perez	citation	1					0	1	0	0	0		
martini	citation	2					2	1	10	3	0	Martini	
martinsson	citation	1					1	1	2	0	0	Martinsson	
martiny	citation	1					0	1	0	0	0		
maruyama	citation	1					1	1	2	0	0	Maruyama	
marvizi	citation	1					1	1	4	2	0	Marvizi	
marx	citation	3					2	2	2	1	0	Marx	
mas	citation	1			081		1	1	4	2	0	Mas	
masamura	citation	1					1	1	2	0	0	Masamura	
masanes	citation	1					1	1	2	1	0	Masanes	
masani	citation	2					2	1	3	2	0	Masani	
mase	citation	1			059		1	1	3	2	0	Mase	
masek	citation	1					1	1	1	0	0	Masek	
masmoudi	citation	1					0	1	0	0	0		
mason	subject	3			047		3	1	13	8	3	Mason	names/mason.md
masood-ul-alam	citation	1					0	1	0	0	0		
massari	citation	1					1	1	2	2	1	Massari	
massart	citation	4					3	2	3	0	0	Massart	
masser	citation	2					2	1	10	8	2	Masser	
massey	citation	3					2	3	5	0	0	Massey	
massoulie	citation	1					1	1	5	5	0	Massoulie	
massuyeau	citation	1					1	1	1	0	0	Massuyeau	
mastrantonis	citation	1					1	1	1	0	0	Mastrantonis	
mastrolilli	citation	1					0	1	0	0	0		
mastropietro	citation	3					2	3	9	5	0	Mastropietro	
masur	citation	1					1	1	3	3	0	Masur	
mathe	citation	1					1	1	2	1	0	Mathe	
mather	citation	4					3	4	15	2	0	Mather|Mather's	
mathew	citation	7					6	7	30	11	5	Mathew|Mathew's	
matiyasevich	citation	3					3	3	20	14	0	Matiyasevich|Matiyasevich's	
matolcsi	citation	3					2	3	14	11	0	Matolcsi	
matomaki	subject	3			007		3	3	12	7	0	Matomaki	names/matomaki.md
matsen	citation	1					0	1	0	0	0		
matsubara	citation	1					0	1	0	0	0		
matsuda	citation	2					1	2	13	13	0	Matsuda	
matsui	citation	1					1	1	1	1	0	Matsui	
matsuki	citation	5					3	4	26	21	0	Matsuki	
matsumoto	citation	2					2	1	10	3	0	Matsumoto's|Matsumoto	
matsumura	subject	6			034		5	5	38	13	0	Matsumura|Matsumura's	names/matsumura.md
matsushita	citation	2					2	1	7	6	1	Matsushita|Matsushita's	
matszangosz	citation	1					1	1	1	1	0	Matszangosz	
mattheus	citation	1					1	1	2	1	0	Mattheus	
matthews	citation	2					1	1	4	1	0	Matthews	
mattila	citation	5					4	5	22	5	0	Mattila|Mattila's	
mattis	citation	1					1	1	2	2	0	Mattis	
matucci	citation	1					1	1	2	2	0	Matucci	
matui	citation	2					2	2	10	2	0	Matui	
matula	citation	1					0	1	0	0	0		
matveev	citation	2					1	2	1	1	0	Matveev	
matvieievskyi	citation	1					0	1	0	0	0		
matz	citation	1					1	1	1	1	0	Matz	
maulik	citation	4					3	4	7	6	0	Maulik	
maurey	citation	10					10	4	19	12	0	Maurey|Maurey's	
mauri	citation	4					4	3	11	10	0	Mauri	
mautner	citation	1					1	1	1	1	0	Mautner	
maxim	citation	3					1	2	1	0	0	Maxim	
maximo	citation	1					1	1	5	4	0	Maximo	
maxwell	subject	5	362	Global-classical-solutions-of-the-three-dimensional-relativistic-Vlasov-Maxwell-system-September-23-2026	282		5	1	105	75	11	Maxwell|Maxwell's	names/maxwell.md
mayer	subject	17			059|305		17	0	54	40	9	Mayer	names/mayer.md
mayer-eichberger	citation	1					0	1	0	0	0		
maynard	citation	5					5	3	19	14	0	Maynard|Maynard's	
mazaheri	citation	1					1	1	2	1	0	Mazaheri	
mazcunan-navarro	citation	1					0	1	0	0	0		
mazel	citation	1					1	1	2	2	0	Mazel	
mazorchuk	citation	1					1	1	2	2	0	Mazorchuk	
mazur	subject	7	010	Fontaine-Mazur-modularity-at-the-prime-2-October-6-2026			6	3	52	29	0	Mazur|Mazur's	names/mazur.md
mazza	citation	1					0	1	0	0	0		
mazzucchelli	citation	1					1	1	3	3	0	Mazzucchelli	
mccarthy	citation	1					0	1	0	0	0		
mcclure	citation	2					0	2	0	0	0		
mcgeoch	citation	1					0	1	0	0	0		
mcgrath	citation	1					0	1	0	0	0		
meagher	citation	1					0	1	0	0	0		
mecke	citation	2					1	1	2	2	0	Mecke	
meckes	citation	1					1	1	1	0	0	Meckes	
medard	citation	1					1	1	2	2	0	Medard	
medynets	citation	1					1	1	2	2	0	Medynets	
meggendorfer	citation	1					0	1	0	0	0		
mehrabian	citation	1					1	1	1	0	0	Mehrabian	
mehta	citation	3					2	2	5	1	0	Mehta	
mei	citation	1					1	1	2	2	0	Mei	
meiburg	citation	2					2	2	7	2	2	Meiburg|Meiburg's	
meierhans	citation	1					1	1	2	2	0	Meierhans	
meinhardt	citation	2					2	2	2	2	0	Meinhardt	
meka	citation	9					8	7	22	20	0	Meka|Meka's	
melbourne	citation	1					1	1	1	1	0	Melbourne	
melenk	citation	1					1	1	2	2	0	Melenk	
melissourgos	citation	1					1	1	1	1	0	Melissourgos	
melle-hernandez	citation	1					0	1	0	0	0		
mellin	subject	11			003|011|023		11	0	281	215	89	Mellin	names/mellin.md
mellit	citation	3					3	3	15	7	0	Mellit|Mellit's	
melnick	citation	1					1	1	2	2	0	Melnick	
melnikov	citation	1					1	1	1	0	0	Melnikov	
melotti	citation	1					0	1	0	0	0		
melrose	citation	3					1	3	4	4	0	Melrose|Melrose's	
menares	citation	1					1	1	2	2	0	Menares	
mendel	subject	4			332		3	2	8	3	0	Mendel	names/mendel.md
mendelson	citation	2					1	2	2	1	0	Mendelson	
meng	citation	5					2	4	6	1	0	Meng|Meng's	
menger	citation	3					3	1	4	3	0	Menger's|Menger	
menne	citation	1					1	1	6	3	0	Menne	
mennicke	citation	1					1	1	1	1	0	Mennicke	
menshikov	citation	2					2	1	6	6	0	Menshikov	
mereghetti	citation	1					0	1	0	0	0		
merigot	citation	1					0	1	0	0	0		
merkl	citation	1					1	1	4	4	0	Merkl	
merkurjev	citation	3					1	3	1	0	0	Merkurjev	
merle	citation	1					1	1	2	1	0	Merle	
mermin	citation	5					5	2	25	11	1	Mermin|Mermin's	
mertens	citation	11					11	1	78	53	15	Mertens	
mertz	citation	1					0	1	0	0	0		
meshulam	citation	2					1	1	4	0	0	Meshulam	
messing	citation	5					3	3	5	4	0	Messing	
mestre	citation	1					1	1	3	2	0	Mestre|Mestre's	
metger	citation	1					1	1	4	4	0	Metger	
methuku	citation	1					1	1	3	1	0	Methuku	
metivier	citation	1					1	1	1	0	0	Metivier	
metzger	citation	1					1	1	5	4	0	Metzger	
meyer	citation	12					7	9	21	14	0	Meyer|Meyer's	
meyerovitch	citation	2					1	2	8	1	0	Meyerovitch	
meyerson	citation	2					0	2	0	0	0		
meyniel	citation	1					1	1	1	0	0	Meyniel	
mezard	subject	6	221	The-Mezard-Parisi-formula-for-diluted-spin-glasses-September-23-2026			5	5	17	10	0	Mezard	names/mezard.md
mezzadri	citation	2					2	1	7	3	0	Mezzadri	
mian	citation	1					1	1	1	0	0	Mian	
miao	citation	5					4	4	15	11	1	Miao|Miao's	
micali	citation	3					2	2	2	2	0	Micali	
michael	citation	22					22	2	72	29	0	Michael	
michel	citation	17					17	3	48	28	3	Michel|Michel's	
michelsohn	citation	1					0	1	0	0	0		
midrijanis	citation	1			284		1	1	1	0	0	Midrijanis	
miermont	citation	1					1	1	1	1	0	Miermont	
migliorini	citation	4					3	2	6	4	0	Migliorini	
mignon	citation	1					0	1	0	0	0		
mignotte	citation	1					1	1	1	0	1	Mignotte	
mikayelyan	citation	1					1	1	1	1	0	Mikayelyan	
mikhailets	citation	1					0	1	0	0	0		
mikheenko	citation	1					1	1	3	2	0	Mikheenko	
mikkelsen	citation	1					0	1	0	0	0		
milanov	citation	1					0	1	0	0	0		
milicevic	citation	1					1	1	4	1	0	Milicevic|Milicevic's	
miller	citation	22					21	14	114	74	0	Miller|Miller's	
millson	citation	4					4	3	14	12	0	Millson	
milman	citation	23					19	11	55	25	0	Milman|Milman's	
milne	subject	36	001				23	27	201	34	5	Milne|Milne's	names/milne.md
milnor	subject	31	009	Reconstruction-from-Milnor-K-theory-modulo-the-characteristic-October-5-2026|Reconstruction-of-Function-Fields-from-Mod-ell-Milnor-K-Theory-October-5-2026	059		29	19	264	192	22	Milnor|Milnor's	names/milnor.md
miltersen	citation	2					1	2	1	1	0	Miltersen	
miltzow	citation	1					1	1	1	1	0	Miltzow	
mimouni	citation	2					0	2	0	0	0		
minami	citation	1					1	1	1	1	1	Minami	
minamoto	citation	1					1	1	3	3	0	Minamoto	
minets	citation	1					1	1	2	2	0	Minets	
mineyev	citation	4					4	4	8	5	2	Mineyev	
minguez	citation	1					0	1	0	0	0		
minh	citation	1					1	1	4	4	0	Minh	
minicozzi	citation	3					3	2	8	3	0	Minicozzi	
minkowski	subject	78	091	The-logarithmic-Brunn-Minkowski-conjecture-September-23-2026	059|091|239	OAI.LogBrunnMinkowski.main	78	0	307	205	11	Minkowski|Minkowski's	names/minkowski.md
minsky	citation	1					1	1	1	1	1	Minsky	
minter	citation	1					1	1	1	1	0	Minter	
minwalla	citation	1					1	1	1	0	0	Minwalla	
minzer	citation	5					4	3	39	37	0	Minzer	
miolane	citation	1					1	1	2	2	0	Miolane	
mirabi	citation	1					1	1	1	1	1	Mirabi	
miranda	citation	5					4	3	59	37	1	Miranda	
mirek	citation	1					1	1	4	2	0	Mirek	
mirkovic	citation	2					2	2	5	1	0	Mirkovic	
mironov	citation	1					1	1	3	3	0	Mironov|Mironov's	
mirrokni	citation	1					1	1	2	2	0	Mirrokni	
mischler	citation	1					1	1	1	1	0	Mischler	
misiurewicz	citation	1					1	1	2	0	0	Misiurewicz	
mislin	subject	1			207		1	1	5	3	0	Mislin|Mislin's	names/mislin.md
misner	citation	1					1	1	1	1	0	Misner	
mitchell	citation	2					2	1	3	2	0	Mitchell|Mitchell's	
mitchison	citation	1					0	1	0	0	0		
mitidieri	citation	1					1	1	5	5	0	Mitidieri	
mitra	citation	1					1	1	2	0	0	Mitra	
mitsche	citation	1					1	1	1	1	0	Mitsche	
mittal	citation	2					2	1	6	4	0	Mittal	
mitter	citation	2					2	2	3	1	0	Mitter	
mityagin	citation	1					1	1	1	0	0	Mityagin	
mitzenmacher	citation	1					1	1	3	3	0	Mitzenmacher	
miura	citation	1					1	1	1	1	0	Miura	
miyachi	citation	1					1	1	3	3	0	Miyachi	
miyagawa	citation	1					1	1	1	1	0	Miyagawa	
miyamoto	citation	4					2	3	5	2	0	Miyamoto|Miyamoto's	
miyaoka	citation	7					6	5	38	18	1	Miyaoka|Miyaoka's	
mkrtchyan	citation	1					1	1	2	1	0	Mkrtchyan|Mkrtchyan's	
mnich	citation	2					2	1	2	2	0	Mnich	
mobius	subject	23			211|282		23	0	185	171	24	Mobius	names/mobius.md
mochizuki	citation	2					1	2	5	5	0	Mochizuki	
mockenhaupt	citation	1					1	1	1	0	0	Mockenhaupt	
modica	citation	1					1	1	14	8	4	Modica|Modica's	
mohar	citation	2					2	2	3	3	0	Mohar	
moise	citation	3					3	3	16	13	0	Moise	
moishezon	subject	10			034|051		10	1	208	177	1	Moishezon|Moishezon's	names/moishezon.md
moitra	citation	1					0	1	0	0	0		
mok	citation	3					2	2	18	11	0	Mok|Mok's	
mokrani	citation	1					1	1	4	2	0	Mokrani	
molberg	citation	1					1	1	1	1	0	Molberg	
molchanov	citation	1					1	1	3	1	0	Molchanov	
molina	citation	1					1	1	2	2	0	Molina	
molinaro	citation	1					1	1	2	2	0	Molinaro	
moll	citation	1					1	1	6	6	0	Moll|Moll's	
moller	citation	2					1	2	1	0	0	Moller	
molnar	citation	1					1	1	1	0	0	Molnar	
momke	citation	2					1	1	2	2	0	Momke	
mondal	citation	2					1	2	1	1	2	Mondal	
mondino	citation	4					2	4	4	3	0	Mondino	
mongardi	citation	1					1	1	2	2	0	Mongardi	
monge	subject	11		A-counterexample-to-the-Monge-ansatz-for-the-three-marginal-Coulomb-cost-September-25-2026	051		11	0	43	38	0	Monge	names/monge.md
monneau	citation	1					1	1	1	1	0	Monneau	
monod	citation	2					2	2	11	9	0	Monod	
monsky	citation	4					4	2	22	18	0	Monsky|Monsky's	
montanari	citation	8					8	8	62	36	0	Montanari|Montanari's	
montanaro	citation	1					1	1	8	7	0	Montanaro|Montanaro's	
montenegro	citation	2					1	1	15	1	4	Montenegro	
montgomery	citation	14					10	12	38	19	1	Montgomery|Montgomery's	
montgomery-smith	citation	1					0	1	0	0	0		
moody	citation	5					5	1	18	16	0	Moody	
moonen	citation	3					3	2	29	5	0	Moonen	
mooney	citation	1					1	1	1	1	0	Mooney	
moore	subject	30	274				28	12	258	187	10	Moore|Moore's	names/moore.md
moorhouse	citation	1					1	1	2	1	0	Moorhouse's|Moorhouse	
mora	citation	3					3	1	9	4	0	Mora	
mora-corral	citation	1					0	1	0	0	0		
moraga	citation	4					3	4	37	16	0	Moraga|Moraga's	
morales	citation	2					1	1	1	0	0	Morales	
moran	citation	4					2	4	3	2	1	Moran|Moran's	
morava	subject	7			318		7	1	115	93	7	Morava|Morava's	names/morava.md
moreau	citation	4					4	4	14	8	2	Moreau|Moreau's	
morel	citation	1					1	1	3	1	0	Morel	
morf	citation	1					1	1	2	2	0	Morf	
morgan	citation	7					5	5	12	7	1	Morgan|Morgan's	
morgenstern	citation	2					2	1	6	1	0	Morgenstern|Morgenstern's	
mori	subject	19		Minimal-models-and-Mori-fibre-spaces-for-generalized-log-canonical-Q-pairs-September-24-2026	034|054|056		16	12	352	301	37	Mori|Mori's	names/mori.md
morin	citation	2					2	1	5	3	0	Morin	
morinelli	citation	2					1	1	1	0	0	Morinelli	
morley	citation	1					1	1	4	3	0	Morley's|Morley	
morra	citation	1					0	1	0	0	0		
morrey	citation	6					5	2	12	8	15	Morrey|Morrey's	
morris	citation	13					11	9	133	65	15	Morris|Morris's	
morris-wright	citation	1					0	1	0	0	0		
morrow	citation	4					2	3	3	1	0	Morrow	
morse	subject	22		A-nondegenerate-counterexample-to-the-Morse-number-Arnold-bound-September-23-2026|Hamiltonian-Fixed-Points-Below-the-Stable-Morse-Number-October-5-2026|Hamiltonian-Fixed-Points-Below-the-Stable-Morse-Number-in-Dimension-Twenty-Two-October-5-2026|Sharpness-of-the-Cyclic-Integral-Floer-Bound-Below-the-Stable-Morse-Number-October-5-2026	076|336		22	0	298	246	41	Morse	names/morse.md
mortimer	citation	1					0	1	0	0	0		
mortola	citation	1					1	1	1	1	0	Mortola	
morvan	citation	1					0	1	0	0	0		
mosca	citation	3					3	1	12	6	0	Mosca|Mosca's	
moschovakis	citation	2					2	2	3	0	0	Moschovakis	
mosco	citation	1					0	1	0	0	0		
moser	citation	13			343		10	7	55	31	28	Moser|Moser's	
mosher	citation	1					1	1	1	1	0	Mosher	
moss	citation	2					1	1	2	0	0	Moss	
mossel	citation	8					7	5	30	15	0	Mossel	
mossinghoff	citation	1					1	1	1	1	0	Mossinghoff's	
mostow	citation	3					3	1	6	3	0	Mostow	
mostowski	citation	1					1	1	5	4	0	Mostowski	
motives	citation	4					3	1	8	8	31	Motives	
motwani	citation	4					2	4	4	4	0	Motwani	
motzkin	citation	4					4	2	9	8	0	Motzkin	
moulines	citation	1					0	1	0	0	0		
mount	citation	2					2	2	7	6	0	Mount	
moura	subject	2			116		2	2	9	7	0	Moura|Moura's	names/moura.md
mourgoglou	citation	1					0	1	0	0	0		
mourougane	citation	1					0	1	0	0	0		
mourrain	citation	2					1	2	1	1	0	Mourrain	
mourrat	citation	3					2	2	59	28	4	Mourrat|Mourrat's	
moyua	citation	1					1	1	3	2	0	Moyua	
mozes	citation	3					2	2	2	1	0	Mozes	
mozgovoy	citation	1					1	1	2	2	0	Mozgovoy's|Mozgovoy	
mozgunov	citation	1					1	1	2	2	0	Mozgunov	
mrowka	citation	2					2	1	4	3	0	Mrowka	
mubayi	citation	2					2	2	2	1	0	Mubayi	
mucha	citation	2					2	1	4	1	1	Mucha	
mueller	citation	1					1	1	4	1	0	Mueller|Mueller's	
mukai	subject	7	063	The-Generalized-Mukai-Conjecture-September-24-2026			7	1	54	36	2	Mukai|Mukai's	names/mukai.md
mukhamedov	citation	1					1	1	1	1	0	Mukhamedov	
mukherjee	citation	1					1	1	2	2	0	Mukherjee	
mukhopadhyay	citation	1					1	1	5	3	0	Mukhopadhyay	
mulich	citation	1					1	1	2	2	0	Mulich	
mull	citation	1					1	1	3	0	0	Mull|Mull's	
muller	citation	10					8	5	12	8	0	Muller	
mullin	citation	1					1	1	22	12	0	Mullin|Mullin's	
mulmuley	citation	2					1	2	2	2	0	Mulmuley	
mumford	subject	26	366	Interior-regularity-of-planar-Mumford-Shah-minimizers-September-24-2026	034		23	7	119	96	6	Mumford|Mumford's	names/mumford.md
munagala	citation	1					0	1	0	0	0		
munkres	citation	3					3	3	3	0	0	Munkres	
munoz	citation	2					2	1	8	1	5	Munoz|Munoz's	
munoz-thon	citation	1					0	1	0	0	0		
murach	citation	1					0	1	0	0	0		
murakami	citation	1					1	1	2	0	0	Murakami	
murray	citation	4					3	3	5	5	0	Murray	
murskii	citation	1					1	1	5	2	0	Murskii	
murtagh	citation	1					1	1	1	1	0	Murtagh	
murty	citation	5					5	2	19	11	0	Murty	
musat	citation	1					1	1	2	2	0	Musat	
mutanguha	citation	1					1	1	5	0	0	Mutanguha	
muthiah	citation	1					1	1	1	1	0	Muthiah	
myasnikov	citation	2					2	2	2	2	0	Myasnikov	
mycielski	citation	1					0	1	0	0	0		
myers	citation	4					4	1	21	13	0	Myers|Myers's	
naber	citation	5					3	4	10	6	0	Naber	
nabutovsky	citation	2					2	2	2	2	2	Nabutovsky	
nachmias	citation	2					2	1	6	4	0	Nachmias	
nachtergaele	citation	4					4	4	29	16	0	Nachtergaele|Nachtergaele's	
nachum	citation	1					0	1	0	0	0		
nacinovich	citation	1					0	1	0	0	0		
naddef	citation	1					1	1	2	2	0	Naddef	
nadel	citation	4					3	2	11	6	2	Nadel|Nadel's	
nadimpalli	citation	1					1	1	3	0	0	Nadimpalli	
nadirashvili	citation	3					3	2	9	7	0	Nadirashvili|Nadirashvili's	
nadjimzadah	citation	1					1	1	3	1	0	Nadjimzadah's|Nadjimzadah	
nadkarni	citation	1					1	1	1	1	0	Nadkarni	
nadler	citation	2					2	2	17	10	0	Nadler	
nagata	subject	8	039			OAI.Nagata.nagata_conjecture	8	1	34	28	0	Nagata|Nagata's	names/nagata.md
nagda	citation	1					1	1	1	1	0	Nagda	
nagel	citation	3					1	2	1	0	0	Nagel	
nagloo	citation	1					0	1	0	0	0		
nagumo	citation	1					1	1	2	2	0	Nagumo	
nagy	citation	3					3	1	4	3	0	Nagy	
nahmod	citation	1					1	1	1	1	0	Nahmod	
naia	citation	1					1	1	1	1	0	Naia	
naimark	subject	3	297				3	0	8	6	0	Naimark's|Naimark	names/naimark.md
naimpally	citation	1					0	1	0	0	0		
nair	citation	2					2	2	21	18	0	Nair	
nakajima	citation	3					3	3	18	16	0	Nakajima|Nakajima's	
nakamaye	citation	1					0	1	0	0	0		
nakamura	citation	7					7	5	18	10	0	Nakamura|Nakamura's	
nakano	citation	5					3	2	8	7	3	Nakano	
nakayama	subject	42	199				42	6	160	126	1	Nakayama|Nakayama's	names/nakayama.md
nam	citation	9					7	7	20	14	0	Nam	
namikawa	citation	4					4	3	17	8	0	Namikawa|Namikawa's	
nandakumar	citation	1					0	1	0	0	0		
nanongkai	citation	1					0	1	0	0	0		
naor	subject	13			096|332		12	6	75	46	2	Naor|Naor's	names/naor.md
napier	citation	1					0	1	0	0	0		
narang	citation	1					0	1	0	0	0		
narasimhan	citation	13					12	1	90	84	0	Narasimhan	
narayanan	citation	6					4	5	6	5	0	Narayanan	
nardi	citation	1					0	1	0	0	0		
nardulli	citation	1					1	1	2	2	0	Nardulli	
nash	citation	13			136|271		12	6	85	56	29	Nash|Nash's	
nash-williams	citation	1					0	1	0	0	0		
nastase	citation	1					0	1	0	0	0		
naszodi	citation	1					1	1	2	1	0	Naszodi	
naumann	citation	6					5	4	16	12	0	Naumann|Naumann's	
naumov	citation	1					1	1	1	1	0	Naumov	
navarro	citation	3					2	2	3	2	0	Navarro	
navas	citation	1					1	1	1	1	0	Navas	
nave	citation	1					1	1	5	1	0	Nave	
naves	citation	1					1	1	1	1	0	Naves	
navier	subject	1	376	Computation-under-Rapidly-Vanishing-Navier-Stokes-Forcing-September-27-2026|Universal-Computation-with-Eventually-Stationary-Navier-Stokes-Forcing-September-27-2026|Velocity-Field-Detection-of-Computation-in-Forced-Navier-Stokes-Flows-September-27-2026			1	0	41	41	0	Navier	names/navier.md
nawata	citation	2					2	1	10	1	0	Nawata|Nawata's	
nayar	citation	1					1	1	1	1	0	Nayar	
nayatani	citation	1					1	1	3	3	0	Nayatani	
nazaret	citation	1					1	1	2	2	0	Nazaret	
nazarov	citation	8					5	7	18	12	0	Nazarov	
nederlof	citation	2					2	2	16	11	0	Nederlof	
nedialkov	citation	1					0	1	0	0	0		
neeb	citation	2					1	2	2	0	0	Neeb	
neeman	citation	2					1	1	1	1	0	Neeman	
neiman	citation	3					3	1	9	7	0	Neiman	
nekrashevych	citation	1					1	1	8	2	0	Nekrashevych|Nekrashevych's	
nekrasov	citation	1					0	1	0	0	0		
nekvinda	citation	1					0	1	0	0	0		
nelson	citation	3					3	2	14	7	0	Nelson|Nelson's	
nemethi	citation	1					1	1	6	3	0	Nemethi|Nemethi's	
nenna	citation	1					0	1	0	0	0		
ness	citation	3					3	2	12	12	6	Ness	
nesterenko	citation	1					1	1	2	1	0	Nesterenko	
netzer	citation	1					1	1	7	4	3	Netzer|Netzer's	
neuen	citation	1					1	1	15	13	0	Neuen	
neuhauser	citation	1					1	1	1	1	0	Neuhauser	
neukirch	citation	8					5	4	31	3	2	Neukirch|Neukirch's	
neumaier	citation	1					0	1	0	0	0		
neumann	subject	79	286	Near-Inclusions-of-von-Neumann-Algebras-Without-Small-Spatial-Embeddings-October-5-2026	086|260|267|287		79	2	677	630	29	Neumann|Neumann's	names/neumann.md
neunhoffer	citation	1					1	1	1	1	0	Neunhoffer	
neuwirth	citation	1					1	1	2	2	0	Neuwirth	
neves	citation	3					3	3	7	5	0	Neves	
nevins	citation	1					1	1	1	1	0	Nevins's	
newlander	citation	2					2	1	4	3	0	Newlander	
newman	subject	18		Electromagnetic-tails-and-the-Kerr-Newman-Penrose-inequality-October-5-2026|The-Kerr-Newman-Penrose-Inequality-for-Axisymmetric-Electrovacuum-Exteriors-October-5-2026			18	14	92	62	0	Newman|Newman's	names/newman.md
newton	subject	39			002|030|130|147|260|351		39	3	205	152	65	Newton|Newton's	names/newton.md
ngo	citation	3					2	2	9	0	0	Ngo	
nguyen	citation	6					4	5	15	8	0	Nguyen	
nica	citation	5					4	3	7	3	0	Nica	
nicholson	citation	1					1	1	4	4	0	Nicholson	
nicolai	citation	1					1	1	2	1	0	Nicolai	
nie	citation	2					2	2	4	4	0	Nie	
niedermaier	citation	1					1	1	1	1	0	Niedermaier	
niedermayer	citation	1					1	1	5	5	0	Niedermayer	
niederreiter	citation	2					1	1	1	0	0	Niederreiter	
nienhuis	citation	3					3	2	99	36	0	Nienhuis|Nienhuis's	
niese	citation	1					1	1	1	1	3	Niese	
nifa	citation	1					1	1	5	2	0	Nifa|Nifa's	
nigro	citation	1					1	1	1	1	0	Nigro	
nikiforov	citation	1					1	1	2	2	0	Nikiforov	
nikodym	subject	27			074		27	0	64	56	8	Nikodym	names/nikodym.md
nikolaus	citation	2					1	1	2	2	0	Nikolaus	
nikolov	citation	2					2	1	3	3	0	Nikolov	
nikshych	citation	1					0	1	0	0	0		
nikulin	citation	2					2	1	2	1	0	Nikulin	
niles-weed	citation	1					0	1	0	0	0		
nilli	citation	2					2	1	5	3	0	Nilli	
ning	citation	1					1	1	2	2	0	Ning's	
ninomiya	citation	1					1	1	1	1	0	Ninomiya	
nirenberg	citation	9					9	6	26	20	3	Nirenberg|Nirenberg's	
nisan	citation	7					7	6	30	17	0	Nisan|Nisan's	
nitsure	citation	2					1	1	3	0	0	Nitsure	
nitzan	citation	1					1	1	14	14	0	Nitzan|Nitzan's	
niu	citation	3			302		3	2	23	10	6	Niu|Niu's	
nivasch	citation	1					1	1	2	2	0	Nivasch	
nivoche	citation	1					1	1	2	2	0	Nivoche	
niwinski	citation	1					0	1	0	0	0		
nixon	citation	1					0	1	0	0	0		
nobili	citation	2					2	2	2	2	0	Nobili	
noel	citation	4					3	3	4	4	0	Noel	
noferini	citation	2					2	2	3	0	0	Noferini	
noguchi	citation	1					1	1	2	1	0	Noguchi	
nolin	citation	3					3	3	10	3	3	Nolin|Nolin's	
noll	citation	1					0	1	0	0	0		
noohi	citation	1					1	1	1	0	0	Noohi	
nordentoft	citation	1					1	1	2	2	0	Nordentoft	
nordstrom	citation	3					2	1	16	16	0	Nordstrom	
norguet	citation	1					0	1	0	0	0		
norin	citation	2					2	2	5	1	0	Norin	
norton	citation	1					1	1	2	0	0	Norton	
nosatzki	citation	1					1	1	1	1	0	Nosatzki	
nourdin	citation	2					1	2	1	1	0	Nourdin	
nourouzi	citation	1					1	1	1	0	0	Nourouzi	
nous	citation	1					1	1	2	2	0	Nous	
novack	citation	1					1	1	2	2	0	Novack	
novelli	citation	1					1	1	5	3	0	Novelli	
novikov	subject	15		A-counterexample-to-the-coarse-Novikov-conjecture-September-23-2026	308|309		15	2	138	119	0	Novikov|Novikov's	names/novikov.md
nowak	citation	1					1	1	1	1	0	Nowak	
ntalampekos	citation	1					1	1	13	6	0	Ntalampekos	
nucinkis	citation	1					0	1	0	0	0		
nuer	citation	1					1	1	1	1	0	Nuer	
nussbaum	citation	1					1	1	1	1	0	Nussbaum	
nussbaumer	citation	1					1	1	8	8	0	Nussbaumer	
nussinov	citation	1					1	1	3	2	0	Nussinov	
nyberg-brodda	citation	1					0	1	0	0	0		
nygaard	citation	1					0	1	0	0	0		
oancea	citation	1					1	1	2	2	0	Oancea	
obata	citation	4					4	1	15	6	0	Obata|Obata's	
oberlin	citation	4					3	4	5	4	0	Oberlin|Oberlin's	
occhetta	citation	3			063		2	2	8	4	3	Occhetta|Occhetta's	
ochiai	citation	3					3	1	7	6	0	Ochiai	
oda	citation	3					2	1	5	5	0	Oda	
odell	citation	1					1	1	2	0	0	Odell	
oesterle	citation	1					0	1	0	0	0		
ofman	citation	1					1	1	1	1	0	Ofman	
ogata	citation	3					2	3	3	2	0	Ogata	
ogle	citation	1					1	1	1	0	0	Ogle	
oguiso	citation	2					0	2	0	0	0		
oguni	citation	1					0	1	0	0	0		
ogus	citation	3					2	2	6	3	0	Ogus|Ogus's	
oh-hashi	citation	1					0	1	0	0	0		
ohanyan	citation	1					1	1	1	1	0	Ohanyan	
ohlmann	citation	1					1	1	1	1	0	Ohlmann	
ohsawa	citation	3					2	1	2	2	0	Ohsawa	
oinert	citation	1					0	1	0	0	0		
oka	subject	7	042	Every-complex-K3-surface-is-Oka-September-23-2026	042		7	0	44	41	2	Oka	names/oka.md
okamura	citation	1					1	1	1	1	0	Okamura	
oke	citation	1					1	1	1	0	0	Oke	
okonek	citation	1					1	1	1	1	0	Okonek	
okounkov	citation	11					9	7	24	18	1	Okounkov|Okounkov's	
okuma	citation	1					1	1	14	4	0	Okuma|Okuma's	
okun	citation	1					1	1	3	1	0	Okun	
olafsson	citation	2					1	1	1	0	0	Olafsson	
olbrich	citation	1					1	1	2	0	0	Olbrich's|Olbrich	
oldenburg	citation	1					1	1	1	1	0	Oldenburg	
olesen	citation	1					1	1	1	1	0	Olesen	
oleszkiewicz	citation	3					3	1	8	7	0	Oleszkiewicz	
olgiati	citation	1					1	1	8	5	0	Olgiati	
oliveira	citation	2					2	1	5	1	0	Oliveira	
olivieri	citation	2					2	2	5	4	0	Olivieri	
ollivier	citation	4					4	4	14	10	0	Ollivier|Ollivier's	
olschewski	citation	1					1	1	1	1	0	Olschewski	
olshanskii	citation	1					1	1	1	1	2	Olshanskii	
olsson	citation	4					2	3	7	3	0	Olsson	
olver	citation	1					0	1	0	0	0		
omodeo	citation	1					1	1	1	1	0	Omodeo	
onak	citation	1					1	1	7	7	0	Onak	
onninen	citation	2					2	2	5	4	0	Onninen	
ono	citation	2					2	2	18	8	0	Ono	
onorati	citation	1					1	1	1	1	0	Onorati	
onsager	citation	4					4	1	13	7	0	Onsager	
ooguri	citation	1					1	1	4	4	0	Ooguri	
oort	citation	4					3	1	14	12	0	Oort	
opris	citation	1					1	1	1	0	0	Opris	
opshtein	citation	2					2	1	7	4	0	Opshtein|Opshtein's	
ordentlich	citation	2					2	1	5	3	0	Ordentlich	
orellana	citation	1					1	1	1	1	2	Orellana	
orelowitz	citation	1					0	1	0	0	0		
ori	citation	2					2	1	10	9	0	Ori	
orlik	citation	1					1	1	5	5	5	Orlik	
orlov	citation	2					2	1	8	3	0	Orlov|Orlov's	
ornstein	subject	8			093		7	1	17	14	0	Ornstein	names/ornstein.md
orponen	citation	6					6	6	21	19	0	Orponen|Orponen's	
orr	citation	3					3	1	22	12	0	Orr|Orr's|ORR	
orson	citation	2					0	2	0	0	0		
ortiz	citation	2					2	2	4	2	0	Ortiz	
osajda	citation	3					3	1	15	6	0	Osajda|Osajda's	
osborn	citation	1					0	1	0	0	0		
oseledets	citation	4					4	2	14	10	0	Oseledets|Oseledets's	
osgood	citation	1					1	1	3	2	4	Osgood	
oshikawa	citation	1					1	1	2	2	0	Oshikawa	
oshima	citation	2					1	2	1	0	0	Oshima	
osin	citation	3					3	2	11	4	0	Osin	
osterwalder	citation	2					1	2	12	10	0	Osterwalder	
osthus	citation	1					1	1	1	1	0	Osthus	
ostmann	subject	1	013		013		1	1	5	2	2	Ostmann's|Ostmann	names/ostmann.md
ostrik	subject	1	208				1	1	13	12	0	Ostrik|Ostrik's	names/ostrik.md
ostrover	citation	1					1	1	3	3	0	Ostrover	
ostrovsky	subject	2			099		2	1	13	6	0	Ostrovsky	names/ostrovsky.md
othman	citation	1					1	1	1	0	0	Othman	
ott	citation	1					1	1	1	1	0	Ott	
ottazzi	citation	1					0	1	0	0	0		
otto	citation	2					1	2	1	0	0	Otto	
ottosen	citation	1					0	1	0	0	0		
oulamara	citation	2					2	2	2	2	0	Oulamara	
ozawa	subject	9			297		9	6	23	12	0	Ozawa|Ozawa's	names/ozawa.md
ozbagci	citation	1					0	1	0	0	0		
ozdaglar	citation	1					1	1	1	1	0	Ozdaglar	
ozgur	citation	1					1	1	1	1	0	Ozgur	
ozols	citation	3					2	1	2	0	0	Ozols	
ozornova	citation	1					1	1	4	2	0	Ozornova	
ozsvath	citation	1					1	1	1	1	0	Ozsvath	
ozuch	citation	1					1	1	8	5	0	Ozuch|Ozuch's	
pacard	citation	1					1	1	1	0	0	Pacard	
pach	citation	4					3	4	4	2	1	Pach	
padberg	citation	1					1	1	2	2	0	Padberg	
pade	citation	4					4	1	9	7	0	Pade	
pagano	citation	1					1	1	2	2	0	Pagano	
paget	citation	1					1	1	1	1	0	Paget	
pagliero	citation	1					0	1	0	0	0		
pago	citation	1					1	1	4	1	5	Pago|Pago's	
paixao	citation	2					1	1	1	0	0	Paixao	
pajitnov	citation	1					1	1	1	1	0	Pajitnov	
pajor	citation	1					1	1	1	1	0	Pajor	
pajwani	citation	1					1	1	4	0	0	Pajwani	
pak	citation	4					4	2	11	4	1	Pak	
pakusa	citation	1					1	1	9	7	2	Pakusa	
pal	citation	3					2	2	5	3	3	Pal	
paladin	citation	1					1	1	2	2	0	Paladin	
paley	subject	12			282		12	2	32	26	4	Paley	names/paley.md
palfy	citation	1					1	1	7	2	0	Palfy|Palfy's	
pallara	citation	5					1	5	2	2	0	Pallara	
pallard	citation	1					1	1	11	7	0	Pallard|Pallard's	
pallier	citation	1					1	1	1	0	0	Pallier	
palmer	citation	4					2	4	4	3	0	Palmer	
palvolgyi	citation	3					3	2	9	6	5	Palvolgyi|Palvolgyi's	
pan	citation	6					6	4	33	16	0	Pan|Pan's	
panageas	citation	1					1	1	1	1	0	Panageas	
panagiotopoulos	citation	1					0	1	0	0	0		
panangaden	citation	1					0	1	0	0	0		
pananjady	citation	1					1	1	1	1	0	Pananjady	
panchenko	citation	6					6	5	106	57	3	Panchenko|Panchenko's	
pandharipande	citation	6					5	3	29	12	0	Pandharipande	
pandit	citation	2					1	2	1	1	0	Pandit	
panferov	citation	1					0	1	0	0	0		
panigrahy	citation	1					1	1	3	3	0	Panigrahy	
panin	citation	1					1	1	2	1	0	Panin	
panova	citation	3					1	2	6	4	0	Panova	
pansu	citation	3					3	2	13	7	0	Pansu|Pansu's	
pantea	citation	1					1	1	10	7	0	Pantea	
pantev	citation	3					3	3	4	4	0	Pantev	
panyushev	citation	1					0	1	0	0	0		
paoli	citation	1					1	1	1	1	0	Paoli	
paolini	citation	1					1	1	6	1	0	Paolini	
papadigenopoulos	citation	1					0	1	0	0	0		
papadimitriou	citation	2					1	2	7	4	0	Papadimitriou	
papageorgiou	citation	1					1	1	2	2	0	Papageorgiou	
papakyriakopoulos	citation	2					2	1	3	3	0	Papakyriakopoulos	
papamichael	citation	1					1	1	4	0	0	Papamichael	
papas	citation	1					1	1	10	2	0	Papas|Papas's	
papasoglu	citation	1					1	1	4	2	0	Papasoglu	
pappas	citation	2					1	1	6	4	0	Pappas	
pappik	citation	2					2	1	4	3	0	Pappik	
paraashar	citation	1					0	1	0	0	0		
pardo	citation	1					0	1	0	0	0		
pardon	subject	2	058		058		2	2	27	9	0	Pardon|Pardon's	names/pardon.md
pareschi	citation	3					1	3	1	0	0	Pareschi	
parham	citation	1					1	1	3	3	0	Parham	
paris	citation	19					19	1	33	20	6	Paris	
parisi	subject	7	221	The-Mezard-Parisi-formula-for-diluted-spin-glasses-September-23-2026			7	4	137	111	14	Parisi|Parisi's	names/parisi.md
parissis	citation	1					1	1	1	1	0	Parissis	
park	citation	15					12	9	47	18	3	Park|Park's	
parker	citation	2					2	1	3	0	0	Parker	
parmar	citation	2					1	1	1	1	0	Parmar	
parrikar	citation	1					1	1	1	1	0	Parrikar	
parrilo	citation	6					4	4	12	6	2	Parrilo	
parry	citation	3					3	2	7	4	4	Parry	
parshall	citation	2					1	1	1	1	0	Parshall	
parthasarathy	citation	5					3	3	5	2	2	Parthasarathy	
parusinski	citation	3					3	3	8	1	0	Parusinski|Parusinski's	
parys	citation	1					1	1	8	7	0	Parys|Parys's	
pascoletti	citation	1					0	1	0	0	0		
pascu	citation	1					1	1	2	1	0	Pascu	
pasechnik	citation	1					1	1	2	2	0	Pasechnik	
pasnicu	citation	1					1	1	2	1	0	Pasnicu	
pasqualetto	citation	2					1	2	1	1	0	Pasqualetto	
pasquariello	citation	1					1	1	1	1	0	Pasquariello	
pasquier	citation	1					1	1	2	1	0	Pasquier	
passant	citation	1					0	1	0	0	0		
pasten	citation	1					1	1	4	2	0	Pasten	
patakfalvi	citation	2					2	2	16	14	0	Patakfalvi|Patakfalvi's	
patchell	citation	1					1	1	1	1	0	Patchell	
patel	citation	1					0	1	0	0	0		
paternain	citation	1					0	1	0	0	0		
paterson	citation	3					1	3	1	1	0	Paterson	
patodi	citation	1					0	1	0	0	0		
patras	citation	1					1	1	1	0	0	Patras	
patrascioiu	citation	1					1	1	1	0	0	Patrascioiu	
patri	citation	1					1	1	2	2	0	Patri	
pattakos	citation	1					1	1	1	1	0	Pattakos	
patterson	subject	3	023				3	0	51	24	0	Patterson|Patterson's	names/patterson.md
patton	citation	1					1	1	2	2	0	Patton	
paturi	citation	3					3	1	12	6	0	Paturi|Paturi's	
paulsen	citation	5					3	3	14	3	0	Paulsen|Paulsen's	
pauwels	citation	2					1	1	1	0	0	Pauwels	
pavlov	citation	1					0	1	0	0	1		
payne	citation	4					3	4	5	4	0	Payne	
pazuki	citation	2					2	2	38	10	0	Pazuki|Pazuki's	
peale	citation	1					1	1	1	1	0	Peale	
pearcy	citation	2					2	2	5	5	0	Pearcy	
pearson	citation	1					1	1	1	1	0	Pearson	
peccati	citation	1					0	1	0	0	0		
pechersky	citation	1					1	1	1	1	0	Pechersky	
pedersen	citation	5					4	4	11	7	0	Pedersen	
peebles	citation	1					1	1	1	1	0	Peebles	
peetre	citation	2					2	1	7	6	0	Peetre|Peetre's	
peled	citation	4					4	4	30	23	0	Peled|Peled's	
peletier	citation	1					1	1	2	2	0	Peletier	
pelissetto	citation	1					1	1	1	1	0	Pelissetto	
pelsmajer	citation	1					0	1	0	0	0		
peltola	citation	2					2	2	5	3	0	Peltola	
peluse	citation	1					1	1	2	1	0	Peluse	
pemantle	citation	5					5	4	19	12	0	Pemantle	
pendavingh	citation	1					1	1	1	0	0	Pendavingh	
peng	citation	7					6	6	9	6	0	Peng	
penrose	subject	14	260	A-Charged-Reduction-of-the-Spacetime-Penrose-Inequality-in-Spatial-Dimensions-at-Least-Four-October-5-2026|A-local-Penrose-inequality-for-conformal-perturbations-of-Schwarzschild-anti-de-Sitter-data-October-5-2026|Area-controlled-end-replacement-and-the-Bondi-Penrose-inequality-in-the-CKS-class-September-27-2026|Boundary-graph-deformations-for-the-spacetime-Penrose-inequality-September-27-2026|Conformal-flow-and-the-Riemannian-Penrose-inequality-with-minimizing-frontiers-September-27-2026|Electromagnetic-tails-and-the-Kerr-Newman-Penrose-inequality-October-5-2026|Equality-and-rigidity-in-the-spacetime-Penrose-inequality-September-27-2026|Spacetime-Penrose-inequalities-enclosing-area-charge-and-rigidity-October-5-2026|The-Kerr-Newman-Penrose-Inequality-for-Axisymmetric-Electrovacuum-Exteriors-October-5-2026|The-Penrose-inequality-for-maximal-asymptotically-hyperbolic-initial-data-October-5-2026|The-nonmaximal-anti-de-Sitter-Penrose-Inequality-and-original-data-rigidity-October-5-2026|The-spacetime-Penrose-inequality-and-enclosing-area-September-27-2026|The-spacetime-Penrose-inequality-with-charge-and-original-data-rigidity-October-5-2026	260		13	7	193	151	28	Penrose|Penrose's	names/penrose.md
pensyl	citation	1					0	1	0	0	0		
pepe	citation	1					1	1	2	2	0	Pepe	
peral	citation	1					1	1	3	3	0	Peral	
peralta-salas	citation	2					0	2	0	0	0		
perdomo	citation	1					1	1	6	3	0	Perdomo's|Perdomo	
pereira	citation	2					1	1	8	5	0	Pereira	
perelli	citation	1					1	1	4	2	0	Perelli	
perelman	citation	6					6	3	22	12	4	Perelman|Perelman's	
perelomov	citation	2					2	2	6	2	0	Perelomov	
perera	citation	4					4	2	18	11	0	Perera	
peres	citation	15					14	12	54	36	0	Peres	
pereszlenyi	citation	1					1	1	1	1	0	Pereszlenyi	
perez	citation	5					4	2	10	8	0	Perez	
perez-garcia	citation	2					0	2	0	0	0		
perez-gimenez	citation	1					0	1	0	0	0		
perkins	citation	4					3	4	4	4	0	Perkins	
pernecka	citation	1					1	1	1	1	0	Pernecka	
perreau	citation	1					1	1	10	1	0	Perreau|Perreau's	
perret	citation	1					1	1	2	2	0	Perret	
perron	subject	10			223		10	0	64	58	12	Perron	names/perron.md
perrucci	citation	1					0	1	0	0	0		
perry	citation	3					2	3	2	2	0	Perry	
persson	citation	1					0	1	0	0	0		
perthame	citation	1					1	1	1	1	0	Perthame	
pesin	citation	3					3	1	10	6	2	Pesin's|Pesin	
pestov	citation	1					1	1	6	0	0	Pestov	
petcu	citation	1					1	1	4	4	0	Petcu	
pete	citation	2					2	1	12	7	0	Pete	
peteranderl	citation	1					1	1	2	1	0	Peteranderl	
petermichl	citation	1					1	1	2	2	0	Petermichl	
peternell	subject	11	067	The-Campana-Peternell-conjecture-in-dimension-six-September-25-2026	034		9	7	91	60	6	Peternell|Peternell's	names/peternell.md
peters	citation	7					5	3	8	1	3	Peters	
petersen	citation	4					3	3	6	3	0	Petersen|Petersen's	
peterson	citation	9					9	5	42	36	0	Peterson|Peterson's	
petitjean	citation	1					1	1	2	2	0	Petitjean	
petitot	citation	1					1	1	2	2	0	Petitot	
petrache	citation	1					1	1	12	9	0	Petrache	
petrequin	citation	1					1	1	2	0	0	Petrequin	
petridis	citation	4					4	3	7	5	2	Petridis|Petridis's	
petrosyan	citation	1					1	1	1	1	0	Petrosyan	
petrov	citation	2					2	1	3	2	0	Petrov|Petrov's	
petrunin	citation	2					1	2	6	4	0	Petrunin	
pettie	citation	2					2	1	2	1	0	Pettie	
petty	subject	1	088			OAI.PettyProjection.petty_projection_volume	1	0	17	12	0	Petty|Petty's	names/petty.md
petz	citation	4					4	3	5	2	0	Petz|Petz's	
peyriere	citation	1					1	1	1	0	0	Peyriere	
peyrl	citation	2					1	2	1	1	0	Peyrl	
pfaffelhuber	citation	1					1	1	1	1	0	Pfaffelhuber	
pfaffelmoser	citation	1					1	1	2	2	0	Pfaffelmoser's|Pfaffelmoser	
pfaffian	subject	13			002|180|237		13	0	214	171	48	Pfaffian	names/pfaffian.md
pfeffer	citation	1					1	1	3	3	0	Pfeffer	
pfister	citation	2					0	2	0	0	0		
pham	citation	7					7	2	13	8	0	Pham	
phan	subject	1			370		1	1	12	8	2	Phan|Phan's	names/phan.md
phangara	citation	1					1	1	4	1	0	Phangara	
philippon	citation	3					3	2	6	5	1	Philippon	
phillips	subject	7	302				7	6	19	10	0	Phillips	names/phillips.md
phung	citation	1					1	1	5	1	0	Phung	
piantanida	citation	1					1	1	1	1	0	Piantanida	
picard	subject	38			035|203		38	1	366	322	50	Picard	names/picard.md
pichler	citation	1					1	1	1	0	0	Pichler	
pichot	citation	1					1	1	1	0	0	Pichot	
piddock	citation	1					1	1	8	8	0	Piddock	
pidstrigach	citation	1					1	1	1	1	0	Pidstrigach	
piene	citation	1					0	1	0	0	0		
piepenbrink	citation	1					1	1	1	1	0	Piepenbrink	
pierce	citation	1					1	1	1	1	0	Pierce	
pieri	subject	3			205		3	0	60	50	7	Pieri|Pieri's	names/pieri.md
pietsch	subject	1	329				1	1	3	3	0	Pietsch's	names/pietsch.md
pighizzini	citation	1					0	1	0	0	0		
pignon-ywanne	citation	1					0	1	0	0	0		
pikhurko	citation	2					2	2	3	1	0	Pikhurko	
pila	citation	3					3	2	25	15	0	Pila|Pila's	
pilatte	citation	4					4	3	26	6	0	Pilatte|Pilatte's	
pilipczuk	citation	1					1	1	2	2	0	Pilipczuk	
pillai	citation	1					1	1	2	1	0	Pillai	
pillen	citation	1					0	1	0	0	0		
pilloni	citation	1					1	1	1	1	0	Pilloni	
piltant	citation	1					1	1	2	2	0	Piltant	
pimsner	citation	2					2	2	5	4	0	Pimsner	
pinamonti	citation	2					2	2	5	4	0	Pinamonti	
pinchasi	citation	1					1	1	5	4	0	Pinchasi|Pinchasi's	
pincus	citation	2					2	1	9	4	0	Pincus|Pincus's	
pingali	citation	2					2	1	8	7	0	Pingali	
pink	subject	2	016	Elliptic-Squares-and-Zilber-Pink-for-Curves-in-A2-September-24-2026|The-Abelian-Zilber-Pink-Conjecture-September-24-2026|The-E-times-CM-Component-of-Zilber-Pink-for-Curves-in-A2-September-24-2026	016		2	2	49	33	1	Pink|Pink's	names/pink.md
pintz	citation	2					2	2	5	4	0	Pintz	
pippenger	subject	2			076		2	2	8	5	0	Pippenger	names/pippenger.md
pirot	citation	1					1	1	3	2	0	Pirot	
pirutka	citation	2					1	2	2	1	0	Pirutka	
pisaruk	citation	1					0	1	0	0	0		
pisier	citation	10					10	5	54	19	3	Pisier|Pisier's	
pisot	subject	2		Arithmetic-classification-and-non-Pisot-singularity-for-Bernoulli-convolutions-October-3-2026	153		2	0	23	20	1	Pisot	names/pisot.md
pistone	citation	1					0	1	0	0	0		
pitassi	citation	1					1	1	1	1	0	Pitassi	
piterman	citation	1					1	1	8	0	0	Piterman	
pitts	citation	1					1	1	4	2	0	Pitts	
pixton	subject	1	053	A-high-arity-counterexample-to-Pixton-completeness-in-Chow-September-24-2026	053		1	0	31	14	6	Pixton|Pixton's	names/pixton.md
plaisted	citation	1					0	1	0	0	0		
plamenevsky	citation	1					0	1	0	0	0		
plancherel	subject	31			069|238|286		31	0	180	118	42	Plancherel|Plancherel's	names/plancherel.md
planitzer	citation	1					1	1	2	2	0	Planitzer	
platonov	subject	3	018	The-Margulis-Platonov-conjecture-over-global-function-fields-October-5-2026|The-Margulis-Platonov-conjecture-over-number-fields-September-23-2026			2	3	39	32	0	Platonov|Platonov's	names/platonov.md
platzman	citation	1					1	1	1	1	0	Platzman	
plaumann	citation	1					1	1	1	1	0	Plaumann	
plaut	subject	1	098				1	0	4	3	0	Plaut	names/plaut.md
plenio	citation	1					1	1	1	1	0	Plenio	
plis	citation	1					0	1	0	0	0		
plotkin	citation	1					1	1	1	1	0	Plotkin	
pluhar	citation	1					1	1	1	1	0	Pluhar	
plummer	citation	1					1	1	1	0	0	Plummer	
plymen	citation	1					0	1	0	0	0		
poczobut	citation	1					1	1	1	0	0	Poczobut	
poggi-corradini	citation	1					0	1	0	0	0		
pogorelov	citation	1					1	1	2	0	0	Pogorelov	
pohl	citation	1					1	1	1	0	0	Pohl	
pohlmann	citation	1					1	1	4	4	0	Pohlmann's|Pohlmann	
pohoata	citation	2					2	2	2	2	0	Pohoata	
poincare	subject	101			114|115|320		101	0	698	554	66	Poincare|Poincare's	names/poincare.md
poineau	citation	1					1	1	4	2	0	Poineau	
poisson	subject	72		Cardys-formula-for-critical-Poisson-Voronoi-percolation-September-23-2026|The-Poisson-Dirichlet-Law-for-Prime-Predecessors-September-24-2026	003|006|090|092|094|224|232|260|357|368		72	1	1140	942	293	Poisson|Poisson's	names/poisson.md
pokrovskiy	citation	1					1	1	2	1	0	Pokrovskiy	
pokutta	citation	1					0	1	0	0	0		
polak	citation	2					2	2	2	2	0	Polak	
polchinski	citation	1					1	1	3	3	0	Polchinski|Polchinski's	
poldvere	citation	1					0	1	0	0	0		
poletsky	citation	2					2	1	11	7	0	Poletsky	
polishchuk	citation	1					1	1	1	0	0	Polishchuk	
poll	citation	1					1	1	1	0	0	Poll	
pollack	citation	4					3	4	10	7	0	Pollack|Pollack's	
pollard	citation	1					1	1	1	0	0	Pollard	
pollatos	citation	1					1	1	1	1	0	Pollatos	
pollett	citation	1					1	1	3	3	0	Pollett	
pollington	citation	1					1	1	3	3	0	Pollington	
pollmann	citation	1					1	1	3	2	0	Pollmann	
poloni	citation	1					0	1	0	0	0		
polyak	citation	1					1	1	1	0	0	Polyak	
polyakov	citation	2					2	1	11	7	0	Polyakov|Polyakov's	
polyanskiy	citation	1					1	1	1	1	0	Polyanskiy	
pomerance	citation	4					4	4	25	17	0	Pomerance|Pomerance's	
pommerenke	citation	6					5	5	20	10	3	Pommerenke	
ponagandla	citation	1					0	1	0	0	0		
pooladian	citation	3					0	3	0	0	0		
poole	citation	1					0	1	0	0	0		
poonen	citation	7					6	5	20	6	3	Poonen|Poonen's	
pooya	citation	1					1	1	1	1	0	Pooya	
pop	subject	7	009	The-Bogomolov-Pop-reconstruction-theorem-September-23-2026	009		7	3	64	29	27	Pop|Pop's	names/pop.md
popa	subject	14	300		295|296		11	12	107	54	13	Popa|Popa's	names/popa.md
popescu	citation	5					2	3	6	2	0	Popescu	
popiel	citation	1					1	1	1	1	0	Popiel	
poplawski	citation	1					0	1	0	0	0		
popovici	citation	1					0	1	0	0	0		
porcelli	citation	1					1	1	2	0	0	Porcelli	
poritsky	citation	1					1	1	6	4	0	Poritsky's|Poritsky	
porrati	citation	1					0	1	0	0	0		
porretta	citation	1					0	1	0	0	0		
porta	citation	1					0	1	0	0	0		
portales	citation	1					0	1	0	0	0		
portmann	citation	1					1	1	1	1	0	Portmann	
posa	citation	2					2	2	3	2	0	Posa	
postle	citation	2					2	1	21	13	0	Postle|Postle's	
posva	citation	1					1	1	6	2	2	Posva|Posva's	
potapchik	citation	1					1	1	5	4	0	Potapchik	
potts	subject	7		A-Capacity-Criterion-for-Four-State-Potts-Reconstruction-on-Trees-October-5-2026|The-Reconstruction-Threshold-for-the-Ferromagnetic-Four-State-Potts-Model-October-5-2026			7	0	31	31	0	Potts	names/potts.md
pouliot	citation	1					1	1	1	1	0	Pouliot	
pountourakis	citation	1					0	1	0	0	0		
povill	citation	1					1	1	2	2	0	Povill	
powell	citation	5					3	5	19	8	0	Powell	
poznyak	citation	1					1	1	4	1	0	Poznyak|Poznyak's	
pozzetta	citation	1					0	1	0	0	0		
prachar	citation	1					1	1	3	2	0	Prachar	
praeger	citation	1					1	1	1	1	0	Praeger	
prakash	citation	2					1	1	1	0	0	Prakash	
pramanik	citation	2					1	2	3	3	0	Pramanik	
prasad	citation	6					6	3	15	7	0	Prasad|Prasad's	
prasanna	citation	1					1	1	8	6	0	Prasanna	
pratelli	citation	1					1	1	13	12	0	Pratelli|Pratelli's	
precup	citation	1					0	1	0	0	0		
preiss	citation	4					3	3	11	9	0	Preiss|Preiss's	
prekopa	citation	9					9	5	39	25	0	Prekopa|Prekopa's	
premet	citation	1					0	1	0	0	0		
presas	citation	1					1	1	17	12	0	Presas	
presburger	citation	1					1	1	2	2	0	Presburger	
preston	citation	1					0	1	0	0	0		
presutti	citation	1					1	1	3	3	0	Presutti	
prezelj	citation	2					0	2	0	0	0		
prigioniero	citation	1					1	1	1	1	0	Prigioniero	
prikhodko	citation	2					1	1	1	0	0	Prikhodko	
prilepina	citation	1					1	1	1	1	0	Prilepina	
prinari	citation	1					0	1	0	0	0		
privault	citation	1					0	1	0	0	0		
priwaloff	citation	1					1	1	1	0	0	Priwaloff	
procacci	citation	3					3	1	7	3	0	Procacci	
procesi	citation	5					4	3	6	2	0	Procesi	
prochazka	citation	2					2	2	4	3	0	Prochazka	
proietti	citation	1					0	1	0	0	0		
prokhorov	citation	6					4	4	49	43	0	Prokhorov|Prokhorov's	
propp	citation	2					2	1	3	1	0	Propp	
prosanov	citation	1					1	1	5	2	0	Prosanov	
proschan	citation	1					0	1	0	0	0		
prosen	citation	1					0	1	0	0	0		
proudfoot	citation	1					0	1	0	0	0		
przytycki	citation	3					3	2	3	2	0	Przytycki|Przytycki's	
pudlak	citation	3					3	2	17	10	0	Pudlak|Pudlak's	
pugh	citation	3					2	1	5	4	0	Pugh|Pugh's	
pulleyblank	citation	1					1	1	1	1	0	Pulleyblank	
pulvirenti	citation	1					1	1	5	2	0	Pulvirenti	
purcell	citation	1					1	1	1	1	0	Purcell	
purin	citation	1					1	1	1	1	0	Purin	
purkait	citation	1					1	1	4	0	0	Purkait	
purnaprajna	citation	1					0	1	0	0	0		
puschnigg	citation	1					1	1	2	1	0	Puschnigg	
pusz	citation	1					1	1	1	1	0	Pusz	
putnam	citation	5					5	3	11	6	0	Putnam	
putterman	citation	2					2	2	3	1	0	Putterman	
pyatkin	citation	1					0	1	0	0	0		
pyber	citation	3					3	3	4	4	0	Pyber	
pyle	citation	1					1	1	2	0	0	Pyle	
pylyavskyy	citation	1					1	1	1	1	0	Pylyavskyy	
pyne	citation	1					1	1	3	1	0	Pyne	
pytlik	citation	2					2	2	6	5	0	Pytlik	
qian	citation	4					2	4	4	2	0	Qian	
qiao	citation	1					1	1	2	2	0	Qiao	
qing	citation	1					0	1	0	0	0		
qiu	citation	2					2	2	3	1	0	Qiu	
quandalle	citation	1					1	1	3	3	0	Quandalle	
quas	citation	1					1	1	2	0	0	Quas	
quer	citation	1					1	1	2	0	0	Quer	
quiggin	citation	1					1	1	7	5	0	Quiggin	
quillen	subject	13	310		317		12	9	85	60	1	Quillen|Quillen's	names/quillen.md
quinn	citation	3					3	1	19	14	0	Quinn|Quinn's	
quittner	citation	1					1	1	1	1	0	Quittner	
rabani	subject	6			099		4	5	25	18	0	Rabani	names/rabani.md
rabin	citation	1					1	1	1	1	0	Rabin	
rabiner	citation	1					1	1	2	1	3	Rabiner	
rabinoff	citation	2					1	2	5	5	0	Rabinoff	
rabinovich	citation	3					3	2	19	15	0	Rabinovich	
rackoff	citation	1					1	1	1	1	0	Rackoff	
radchenko	citation	1					1	1	10	6	0	Radchenko	
rademacher	subject	18			227		18	4	64	48	0	Rademacher|Rademacher's	names/rademacher.md
rader	citation	1					1	1	2	2	0	Rader	
radhakrishnan	citation	1					1	1	4	4	0	Radhakrishnan|Radhakrishnan's	
rado	citation	10					10	6	26	15	0	Rado|Rado's	
radon	subject	45			255		45	0	157	150	0	Radon	names/radon.md
radziszowski	citation	1					1	1	1	1	0	Radziszowski	
radziwi	subject	7			007		7	0	38	31	0	Radziwi	names/radziwi.md
raeburn	citation	1					1	1	3	3	0	Raeburn	
raggio	citation	1					0	1	0	0	0		
raghavendra	subject	7			102		4	6	25	15	1	Raghavendra|Raghavendra's	names/raghavendra.md
raghunathan	citation	2					2	1	7	5	0	Raghunathan	
ragognette	citation	1					1	1	1	1	0	Ragognette	
ragozin	citation	1					1	1	1	1	0	Ragozin	
rahavandrainy	citation	1					1	1	1	1	0	Rahavandrainy	
rahi	citation	1					1	1	1	1	1	Rahi	
rahimi	citation	2					1	1	2	1	0	Rahimi	
rai	citation	4					4	1	6	4	0	Rai	
raicu	citation	1					1	1	4	1	0	Raicu	
raigorodskii	citation	1					1	1	2	2	0	Raigorodskii	
rains	citation	2					2	1	4	2	0	Rains	
rajala	citation	4					4	3	15	8	0	Rajala|Rajala's	
rakhlin	citation	2					1	2	2	2	0	Rakhlin	
rallis	citation	2					2	1	17	13	0	Rallis	
ralston	citation	2					2	2	8	7	0	Ralston	
ramachandran	citation	2					2	1	6	6	0	Ramachandran	
ramadas	citation	1					1	1	2	2	0	Ramadas	
ramakrishna	citation	2					2	2	5	3	0	Ramakrishna|Ramakrishna's	
ramana	citation	1					1	1	2	2	2	Ramana	
ramanan	citation	1					1	1	5	2	0	Ramanan	
ramanathan	citation	2					2	1	7	1	0	Ramanathan	
ramanujam	citation	3					3	2	3	2	0	Ramanujam|Ramanujam's	
ramanujan	subject	10	014|178	Deterministic-nonbipartite-Ramanujan-graphs-in-every-fixed-degree-September-23-2026|Ramanujan-Arthur-Decompositions-of-Cuspidal-Functions-at-Full-Finite-Level-September-24-2026	014		10	0	82	69	4	Ramanujan|Ramanujan's	names/ramanujan.md
ramaswami	citation	1					1	1	4	4	0	Ramaswami	
ramirez	citation	4					4	3	13	7	0	Ramirez	
ramirez-ros	citation	1					0	1	0	0	0		
ramis	citation	2					2	1	2	1	0	Ramis	
ramos	citation	2					2	2	2	1	0	Ramos	
rams	citation	5					3	3	3	2	0	Rams|RAMs	
ramsey	subject	19	170|171|172|189	A-classification-of-finite-Euclidean-Ramsey-configurations-September-23-2026|Cycle-clique-Ramsey-numbers-September-25-2026|Sharp-Logarithmic-Exponents-for-Fixed-Off-Diagonal-Ramsey-Numbers-September-24-2026|The-hypercube-Ramsey-number-has-linear-order-September-23-2026	164|170	OAI.EuclideanRamsey.classification	18	8	163	142	5	Ramsey|Ramsey's	names/ramsey.md
ran	citation	8					7	1	83	51	83	Ran	
randal-williams	citation	1					0	1	0	0	0		
randall	citation	2					2	2	2	2	0	Randall	
randell	citation	1					1	1	2	2	0	Randell	
randolph	citation	1					1	1	4	2	0	Randolph	
randrianantoanina	citation	2					1	1	1	0	0	Randrianantoanina	
randrianarivony	citation	1					1	1	10	6	0	Randrianarivony	
ranicki	citation	6					5	3	9	2	0	Ranicki	
rankin	citation	15					15	5	41	35	6	Rankin|Rankin's	
rao	citation	17					14	14	31	25	2	Rao|Rao's	
raoufi	citation	3					2	1	7	4	0	Raoufi	
rapagnetta	citation	1					1	1	1	1	0	Rapagnetta	
rapaport	citation	1					1	1	4	0	0	Rapaport	
raphael	citation	3					3	1	5	3	0	Raphael	
rapinchuk	citation	2					2	2	35	12	0	Rapinchuk|Rapinchuk's	
rapoport	citation	6					5	1	27	17	0	Rapoport	
raskin	citation	3					2	2	60	40	0	Raskin|Raskin's	
rassoul-agha	citation	2					0	2	0	0	0		
ratner	citation	1					1	1	6	3	0	Ratner's|Ratner	
rattan	citation	1					1	1	3	3	0	Rattan	
rattazzi	citation	1					1	1	1	1	0	Rattazzi	
rauch	citation	1					1	1	2	1	0	Rauch's|Rauch	
raufi	citation	1					1	1	4	1	0	Raufi	
raussen	citation	1					0	1	0	0	0		
ravenel	citation	7					7	4	74	23	19	Ravenel|Ravenel's	
ravid	citation	1					0	1	0	0	0		
ravotti	citation	1					1	1	1	1	0	Ravotti	
rayleigh	subject	22			223|231		22	0	85	78	12	Rayleigh	names/rayleigh.md
raymond	citation	4					4	1	8	7	0	Raymond|Raymond's	
raynaud	citation	11					6	8	26	12	0	Raynaud|Raynaud's	
raz	citation	9					7	9	40	19	0	Raz|Raz's	
razak	subject	1	301	The-trace-cone-classifies-Razak-Jacelon-stabilizations-September-25-2026			1	1	6	3	0	Razak|Razak's	names/razak.md
razborov	citation	3					3	3	7	7	0	Razborov|Razborov's	
reall	citation	1					0	1	0	0	0		
recht	citation	1					0	1	0	0	0		
redaelli	citation	1					0	1	0	0	0		
redondo	citation	1					0	1	0	0	0		
reed	citation	7					6	4	10	7	0	Reed	
rees	subject	18			037		18	1	74	64	15	Rees	names/rees.md
reeves	citation	1					1	1	2	2	0	Reeves	
regev	citation	8					7	5	37	24	0	Regev|Regev's	
reich	citation	1					0	1	0	0	0		
reichstein	citation	1					0	1	0	0	0		
reid	citation	5					5	2	21	9	1	Reid|Reid's	
reider	citation	1					1	1	3	1	1	Reider|Reider's	
reiffenhauser	citation	1					0	1	0	0	0		
reimann	citation	1					1	1	3	2	0	Reimann	
reimer	citation	1					1	1	6	2	2	Reimer's|Reimer	
rein	citation	1					1	1	4	3	0	Rein	
reinecke	citation	1					0	1	0	0	0		
reineke	citation	2					1	2	1	1	0	Reineke's	
reiner	citation	1					1	1	13	11	0	Reiner	
reingold	citation	4					4	3	9	6	0	Reingold|Reingold's	
reiris	citation	1					0	1	0	0	0		
reisner	citation	1					1	1	13	7	0	Reisner|Reisner's	
reiten	subject	2	199	An-explicit-counterexample-to-the-Auslander-Reiten-conjecture-September-23-2026			2	2	15	14	0	Reiten	names/reiten.md
rekuski	citation	1					1	1	1	1	0	Rekuski	
remeslennikov	citation	1					1	1	1	1	0	Remeslennikov	
remmert	subject	8			058		8	1	20	12	1	Remmert|Remmert's	names/remmert.md
remond	citation	2					1	2	15	10	0	Remond|Remond's	
rempe	citation	1					0	1	0	0	0		
ren	subject	8			078		8	7	24	18	9	Ren|Ren's	names/ren.md
renard	citation	2					2	1	4	1	0	Renard	
renaud-chan	citation	1					0	1	0	0	0		
render	citation	2					2	2	3	0	0	Render	
renegar	citation	1					1	1	2	1	0	Renegar's|Renegar	
renner	citation	3					3	1	6	2	0	Renner	
resch	citation	1					1	1	1	1	0	Resch	
resende	citation	1					1	1	2	2	0	Resende	
reshetikhin	citation	1					1	1	2	2	0	Reshetikhin	
reshetnyak	citation	4					4	1	14	10	0	Reshetnyak|Reshetnyak's	
ressayre	citation	2					0	2	0	0	0		
resta	citation	1					1	1	2	2	0	Resta	
restuccia	citation	1					0	1	0	0	0		
reuss	citation	1					1	1	13	6	0	Reuss|Reuss's	
reutenauer	citation	2					2	1	9	4	0	Reutenauer	
revalski	citation	1					1	1	7	3	0	Revalski	
revesz	citation	1					1	1	2	2	0	Revesz	
revol	citation	1					1	1	1	0	0	Revol	
revuz	citation	3					1	2	1	1	0	Revuz	
rezaei	citation	3					3	2	22	11	4	Rezaei|Rezaei's	
rezayi	citation	1					1	1	1	1	0	Rezayi's	
rezk	citation	2					1	1	7	5	2	Rezk|Rezk's	
reznikov	citation	1					1	1	4	3	0	Reznikov|Reznikov's	
rhee	citation	1					0	1	0	0	0		
rhoades	citation	1					0	1	0	0	0		
rhodes	citation	2					2	2	12	10	0	Rhodes	
riazanov	citation	1					1	1	1	1	0	Riazanov	
ribe	citation	3					3	1	11	5	0	Ribe	
ribet	citation	4					3	4	17	4	0	Ribet	
ricard	citation	3					2	3	4	4	2	Ricard	
ricci	subject	26	351	A-closed-Ricci-flow-with-bounded-scalar-curvature-and-finite-time-curvature-blowup-September-24-2026|Bounded-scalar-curvature-and-smooth-extension-of-four-dimensional-Ricci-flow-September-24-2026|Path-selection-and-an-elliptic-inequality-on-degenerating-Ricci-flat-trees-September-24-2026	051|335|351		26	2	457	415	103	Ricci	names/ricci.md
ricci-tersenghi	citation	1					0	1	0	0	0		
rice	citation	2					2	1	12	5	0	Rice|Rice's	
richard	citation	12					11	1	17	6	0	Richard	
richardson	subject	3			212		3	1	51	49	0	Richardson|Richardson's	names/richardson.md
richarz	citation	1					1	1	2	0	0	Richarz	
richberg	citation	3					2	1	5	2	0	Richberg|Richberg's	
riche	citation	1					1	1	1	0	0	Riche	
richerby	citation	1					1	1	8	8	0	Richerby	
richter	citation	4					4	2	9	5	0	Richter|Richter's	
rickard	citation	2					2	1	7	3	0	Rickard|Rickard's	
rider	citation	1					1	1	6	6	0	Rider	
ried	citation	1					1	1	1	1	0	Ried	
riedl	citation	1					1	1	2	2	0	Riedl	
rieffel	citation	2					2	2	4	1	0	Rieffel	
riehm	citation	1					1	1	1	1	0	Riehm	
riemann	subject	110	003	The-Quasi-Riemann-Hypothesis-October-5-2026|The-Quasi-Riemann-Hypothesis-September-30-2026	065|285		110	0	711	595	19	Riemann|Riemann's	names/riemann.md
riemannian	subject	51		Conformal-flow-and-the-Riemannian-Penrose-inequality-with-minimizing-frontiers-September-27-2026|Infinitely-many-closed-geodesic-images-on-every-Riemannian-sphere-September-24-2026	260		51	0	500	456	0	Riemannian	names/riemannian.md
riesz	subject	43	078|081	Bochner-Riesz-Multipliers-in-Three-Dimensions-September-24-2026|Projection-moments-positive-cap-domination-and-Riesz-estimates-on-the-sphere-September-27-2026|Riesz-transforms-and-uniform-rectifiability-in-higher-codimension-September-24-2026	078|079|140|286	OAI.RieszRectifiability.quantitative_higher_codimension_riesz_rectifiability	43	2	178	156	128	Riesz|Riesz's	names/riesz.md
rifford	citation	2					2	2	8	6	0	Rifford|Rifford's	
rika	citation	1					1	1	1	1	0	Rika	
rindler	citation	1					1	1	2	2	0	Rindler	
ringel	citation	1					1	1	1	1	0	Ringel	
ringrose	subject	3	295				3	2	16	7	0	Ringrose|Ringrose's	names/ringrose.md
rinott	citation	1					1	1	1	1	0	Rinott	
riordan	citation	2					2	1	5	1	0	Riordan	
rios	citation	1					0	1	0	0	0		
rips	citation	4					3	2	36	33	0	Rips	
riva	citation	2					2	1	5	4	2	Riva	
rivera	citation	1					1	1	2	0	0	Rivera	
riviere	citation	1					1	1	4	4	0	Riviere	
rivin	citation	1					1	1	1	1	0	Rivin	
rivkin	citation	1					1	1	1	1	0	Rivkin	
rivoal	citation	1					1	1	4	1	0	Rivoal	
rizzi	citation	2					1	1	2	2	0	Rizzi	
rizzo	citation	1					1	1	4	4	0	Rizzo	
roberson	citation	1					1	1	8	3	0	Roberson|Roberson's	
robert	subject	25			291		23	5	64	32	0	Robert|Robert's	names/robert.md
roberto	citation	4					3	3	8	8	0	Roberto	
roberts	citation	5					4	2	19	10	0	Roberts	
robertson	citation	2					2	1	3	1	0	Robertson	
robinson	citation	13					12	9	36	19	5	Robinson	
robotis	citation	1					1	1	2	2	0	Robotis	
roch	subject	31			065		31	0	201	180	2	Roch	names/roch.md
rockafellar	citation	4					2	2	8	0	1	Rockafellar	
rockner	citation	1					0	1	0	0	0		
rodgers	citation	1					1	1	2	2	0	Rodgers	
rodl	citation	6					6	4	16	12	9	Rodl|Rodl's	
rodnianski	citation	2					2	2	8	8	0	Rodnianski	
rodrigo	citation	1					1	1	1	1	0	Rodrigo	
rodriguez	citation	4					4	1	14	11	0	Rodriguez|Rodriguez's	
rodriguez-piazza	citation	1					0	1	0	0	0		
rodriguez-villegas	citation	1					0	1	0	0	0		
roe	citation	3					2	3	66	54	0	Roe|Roe's	
rogantin	citation	1					0	1	0	0	0		
rogers	citation	6					6	3	27	18	2	Rogers|Rogers's	
rognes	citation	1					1	1	6	4	0	Rognes|Rognes's	
rogov	citation	2					2	2	5	1	0	Rogov|Rogov's	
rohde	citation	5					4	3	19	9	0	Rohde	
rohleder	citation	1					1	1	6	4	0	Rohleder|Rohleder's	
rohrle	citation	2					1	1	3	3	0	Rohrle	
rohrlich	citation	2					1	1	14	6	0	Rohrlich|Rohrlich's	
rojas	citation	3					1	2	4	3	0	Rojas	
rokhlin	subject	7	145				7	5	27	12	0	Rokhlin|Rokhlin's	names/rokhlin.md
rolin	citation	2					2	2	3	3	0	Rolin	
rollenske	citation	1			041		1	1	3	2	0	Rollenske	
romani	citation	1					1	1	1	1	0	Romani	
romero	citation	1					1	1	1	1	0	Romero	
rommelse	citation	1					1	1	1	1	0	Rommelse	
roney-dougal	citation	1					0	1	0	0	0		
roos	citation	3					3	1	6	5	6	Roos	
roquejoffre	citation	1					0	1	0	0	0		
roquette	citation	2					1	1	2	0	0	Roquette	
rordam	subject	5		The-Kirchberg-Rordam-character-criterion-September-25-2026		OAI.KirchbergRordam.character_criterion	4	0	20	5	1	Rordam	names/rordam.md
ros-oton	citation	1					0	1	0	0	0		
rosay	citation	3					3	1	22	12	0	Rosay|Rosay's	
rosen	citation	1					1	1	1	0	0	Rosen	
rosenblatt	citation	2					2	2	4	2	0	Rosenblatt|Rosenblatt's	
rosengren	citation	1					1	1	4	2	0	Rosengren	
rosenlicht	citation	1					0	1	0	0	0		
rosenthal	citation	7					6	4	36	19	0	Rosenthal|Rosenthal's	
rosicky	citation	1					0	1	0	0	0		
ross	citation	2					1	2	3	3	0	Ross	
rosser	citation	3					3	2	5	3	0	Rosser	
rossi	citation	3					3	2	4	2	0	Rossi	
rossman	citation	1					1	1	8	6	2	Rossman	
rost	citation	1					1	1	1	0	0	Rost	
rota	citation	3					3	3	5	2	0	Rota	
rotem	citation	1					1	1	4	4	0	Rotem	
roth	citation	4					4	3	27	16	1	Roth|Roth's	
rothaus	citation	4					4	3	10	6	0	Rothaus	
rothschild	citation	2					1	2	1	0	0	Rothschild	
rotman	citation	2					2	2	2	2	0	Rotman	
rotteler	citation	1					1	1	1	1	0	Rotteler	
rougerie	citation	3					2	3	15	5	0	Rougerie|Rougerie's	
rouillier	citation	1					1	1	1	1	0	Rouillier	
rouquier	citation	1					1	1	6	4	0	Rouquier	
roussarie	citation	1					1	1	4	2	0	Roussarie	
rousseau	citation	3					2	3	7	7	0	Rousseau	
roux	citation	1					1	1	4	2	0	Roux	
rouzbehani	citation	1					1	1	2	2	0	Rouzbehani	
rovenskii	citation	1					0	1	0	0	0		
roy	citation	13					8	6	23	8	0	Roy	
roychowdhury	citation	2					1	1	1	1	0	Roychowdhury	
roydor	citation	1					1	1	2	2	0	Roydor's	
royen	citation	1					1	1	2	1	0	Royen's|Royen	
roytwarf	citation	1					0	1	0	0	0		
rozenberg	citation	2					1	2	1	1	0	Rozenberg	
rozenblyum	citation	2					2	1	17	14	0	Rozenblyum	
rozendaal	citation	1					1	1	1	1	0	Rozendaal	
ruan	citation	4					4	4	19	12	0	Ruan	
ruane	citation	3					3	1	6	3	0	Ruane	
rubin	citation	6					6	3	30	13	0	Rubin|Rubin's	
rubinfeld	citation	2					1	2	1	1	0	Rubinfeld	
rubinstein	citation	8					8	5	36	19	0	Rubinstein|Rubinstein's	
rudin	citation	4					3	3	13	10	0	Rudin|Rudin's	
rudnick	citation	2					2	1	2	1	0	Rudnick	
rudolph	citation	2					0	2	0	0	0		
ruelle	citation	12					12	10	63	47	0	Ruelle|Ruelle's	
ruhr	citation	1					0	1	0	0	0		
ruiz	citation	5					5	3	8	6	0	Ruiz	
ruland	citation	1					1	1	1	0	0	Ruland	
rumin	citation	1					1	1	5	4	0	Rumin|Rumin's	
rump	citation	1					1	1	1	1	0	Rump	
runborg	citation	1					1	1	1	1	0	Runborg	
ruotolo	citation	1					0	1	0	0	0		
ruskai	citation	5					3	2	5	1	0	Ruskai	
russell	citation	5					5	1	14	7	0	Russell	
russo	citation	6			214		6	1	23	6	4	Russo|Russo's	
ruzsa	citation	8					7	5	19	12	2	Ruzsa|Ruzsa's	
ryabogin	citation	2					1	2	1	1	0	Ryabogin	
ryan-smith	citation	1					0	1	0	0	0		
rybicki	citation	1					0	1	0	0	0		
ryder	citation	1					1	1	1	1	1	Ryder	
rydh	citation	2					2	2	15	1	0	Rydh	
ryll	citation	2					2	1	3	3	0	Ryll	
ryll-nardzewski	citation	1					0	1	0	0	0		
rys	citation	2					2	1	5	2	0	Rys	
ryser	subject	3	162			OAI.RyserCoveringCounterexample.exists_prime_eventually_counterexampleRank|OAI.RyserOdd.eventualOddFailures_and_infinite	3	1	14	11	10	Ryser's|Ryser	names/ryser.md
ryzhik	citation	1					0	1	0	0	0		
ryzhikov	citation	1					1	1	14	10	0	Ryzhikov|Ryzhikov's	
saari	citation	1					1	1	4	2	0	Saari	
sabbah	citation	1					1	1	7	5	0	Sabbah	
saberi	citation	4					2	2	4	3	0	Saberi	
sabot	citation	1					1	1	1	0	0	Sabot	
sabourau	citation	1					1	1	1	1	0	Sabourau	
sachs	citation	2					2	1	5	4	0	Sachs	
sadhukhan	citation	1					0	1	0	0	0		
sadovskaya	citation	1					0	1	0	0	0		
saeki	citation	1					1	1	11	5	0	Saeki|Saeki's	
saff	citation	2					2	2	3	3	0	Saff	
saffirio	citation	1					1	1	1	1	0	Saffirio	
safra	citation	5					3	4	49	48	0	Safra|Safra's	
sagan	citation	2					1	2	25	17	2	Sagan	
sageev	citation	1					1	1	2	0	1	Sageev	
saghin	citation	1					1	1	2	2	0	Saghin	
saglam	citation	1					1	1	4	4	0	Saglam	
saglietti	citation	1					1	1	4	4	0	Saglietti	
sah	subject	6			086		6	3	23	14	0	Sah|SAh	names/sah.md
saha	citation	5					3	4	8	6	2	Saha	
sahajpal	citation	1					0	1	0	0	0		
sahasrabudhe	citation	2					2	1	10	5	0	Sahasrabudhe	
sahinalp	citation	1					1	1	1	1	0	Sahinalp	
sahni	citation	1					1	1	4	3	0	Sahni	
saint	subject	8			337		8	0	11	7	0	Saint	names/saint.md
saint-aubin	citation	1					0	1	0	0	0		
saint-donat	citation	3					0	3	0	0	0		
saint-gervais	citation	1					0	1	0	0	0		
saint-raymond	citation	2					0	2	0	0	0		
saito	citation	12					9	9	110	56	0	Saito|Saito's	
sakai	subject	4			297		4	3	10	3	0	Sakai|Sakai's	names/sakai.md
sakamoto	subject	1			059		1	1	10	6	0	Sakamoto|Sakamoto's	names/sakamoto.md
sakellaridis	citation	1					1	1	2	2	0	Sakellaridis	
saket	citation	3					3	2	3	3	0	Saket	
sakoda	citation	1					1	1	4	1	0	Sakoda	
sakovich	citation	1					1	1	11	5	0	Sakovich|Sakovich's	
saks	citation	9					7	5	18	11	0	Saks	
saksman	citation	1					1	1	3	2	0	Saksman	
salamon	subject	4	062	Contact-Fano-manifolds-and-the-LeBrun-Salamon-conjecture-September-23-2026			3	2	20	12	0	Salamon	names/salamon.md
salarian	citation	1					0	1	0	0	0		
salazar	citation	1					1	1	5	5	0	Salazar	
salberger	citation	1					1	1	7	4	0	Salberger|Salberger's	
salem	citation	3					3	3	15	11	0	Salem|Salem's	
salemi	citation	1					1	1	1	1	0	Salemi	
saleur	citation	2					2	2	2	2	0	Saleur	
salez	citation	1					1	1	2	1	0	Salez	
salikhov	citation	1					1	1	1	0	1	Salikhov's	
salim	citation	1					0	1	0	0	0		
salle	citation	1					1	1	1	1	0	Salle	
salmhofer	citation	1					1	1	2	1	0	Salmhofer	
salo	citation	3					1	3	5	5	0	Salo	
saloff-coste	citation	2					0	2	0	0	0		
salvetti	subject	1			254		1	1	28	23	4	Salvetti|Salvetti's	names/salvetti.md
sam	citation	5					4	3	25	15	1	Sam|Sam's	
sambale	citation	1					1	1	3	2	0	Sambale	
samorodnitsky	citation	6					6	3	9	8	0	Samorodnitsky	
samotij	citation	1					0	1	0	0	3		
sampaio	citation	1					1	1	13	3	0	Sampaio|Sampaio's	
samson	citation	1					1	1	6	6	0	Samson	
sanadhya	citation	1					0	1	0	0	0		
sanchez	citation	4					4	1	6	5	0	Sanchez	
sanchez-peralta	citation	1					0	1	0	0	0		
sancho	citation	1					0	1	0	0	0		
sandberg	citation	1					0	1	0	0	0		
sandeep	citation	3					1	3	1	0	0	Sandeep's	
sanders	citation	6					6	2	27	14	0	Sanders|Sanders's	
sandier	citation	1					1	1	11	8	0	Sandier|Sandier's	
sandling	citation	1					1	1	2	1	0	Sandling	
sandon	citation	1					1	1	2	2	0	Sandon	
sankaran	citation	3					1	3	1	0	0	Sankaran	
sankowski	citation	1					1	1	1	1	0	Sankowski	
sansuc	citation	1					1	1	6	1	0	Sansuc	
santalo	citation	1					1	1	11	11	0	Santalo	
santambrogio	citation	1					0	1	0	0	0		
santha	citation	1					1	1	1	1	0	Santha	
santiago	citation	3					3	3	16	12	0	Santiago|Santiago's	
santos	citation	3					2	2	3	3	0	Santos	
sanyal	citation	1					1	1	4	4	2	Sanyal	
saona	citation	1					0	1	0	0	0		
saptharishi	citation	2					2	2	3	2	0	Saptharishi	
saradha	citation	1					1	1	1	1	0	Saradha	
saraf	citation	1					1	1	2	2	0	Saraf	
saranurak	citation	1					0	1	0	0	0		
sarason	citation	2					2	1	5	2	0	Sarason	
sard	citation	23					22	6	62	37	0	Sard's|Sard	
sarkozy	citation	3					3	2	11	7	2	Sarkozy|Sarkozy's	
sarnak	citation	3					3	2	4	3	0	Sarnak	
saroglou	citation	3					3	2	25	6	0	Saroglou|Saroglou's	
sarti	citation	1					0	1	0	0	0		
sason	citation	2					2	2	2	1	0	Sason	
sasvari	citation	1					0	1	0	0	0		
satake	subject	5		A-Conditional-Reduction-for-Algebraic-Kuga-Satake-Correspondences-September-10-2026|Algebraic-Kuga-Satake-correspondences-and-Hodge-conjectures-on-a-K3-quadratic-locus-September-30-2026	014		5	0	261	233	56	Satake	names/satake.md
satge	citation	1					1	1	12	6	0	Satge's|Satge	
sathaye	subject	1				OAI.AbhyankarSathaye.exists_noncoordinate_polynomial|OAI.AbhyankarSathaye.CommutingDerivations.commuting_derivations_with_ordinary_extras	1	0	9	4	0	Sathaye	names/sathaye.md
sato	citation	4					4	1	25	11	0	Sato|Sato's	
sauer	citation	2					2	2	6	4	0	Sauer	
sauermann	citation	1					1	1	1	1	0	Sauermann	
sauers	citation	2					2	2	8	4	0	Sauers	
saunderson	citation	2					0	2	0	0	0		
saurabh	citation	2					1	1	3	3	0	Saurabh	
savare	citation	3					3	2	18	13	0	Savare|Savare's	
savin	citation	5					4	3	12	5	0	Savin	
savitch	citation	1					0	1	0	0	0		
sawhney	subject	6			086		6	4	24	15	0	Sawhney	names/sawhney.md
sawin	subject	5			014		5	2	15	5	1	Sawin	names/sawin.md
sawon	citation	1					1	1	4	2	0	Sawon	
sawyer	citation	1					1	1	1	1	0	Sawyer	
saxe	citation	1					1	1	3	2	0	Saxe	
saxena	citation	4					4	2	11	7	0	Saxena	
saxl	subject	1	205		205	OAI.Saxl.saxl_conjecture	1	0	29	21	9	Saxl|Saxl's	names/saxl.md
saxon	citation	1					1	1	3	2	0	Saxon	
sberlo	citation	1					1	1	2	2	0	Sberlo	
sbierski	citation	1					1	1	27	13	0	Sbierski|Sbierski's	
scarpa	citation	1					1	1	2	2	0	Scarpa	
schaefer	citation	4					3	3	7	4	0	Schaefer	
schaeffer	subject	3	022	The-weak-inhomogeneous-Duffin-Schaeffer-conjecture-September-25-2026	022		3	2	15	12	0	Schaeffer	names/schaeffer.md
schafer	citation	1					1	1	2	2	0	Schafer	
schaffer	citation	1					1	1	2	2	0	Schaffer	
schafhauser	citation	5					4	4	13	10	0	Schafhauser|Schafhauser's	
schalthofer	citation	1					1	1	4	4	0	Schalthofer	
schapira	citation	3					3	1	6	3	1	Schapira	
schapire	citation	1					1	1	1	1	0	Schapire	
schatten	subject	10			238		10	0	122	103	9	Schatten	names/schatten.md
schauder	subject	19			260|352		19	1	187	150	24	Schauder	names/schauder.md
schechtman	citation	5					5	3	14	9	0	Schechtman|Schechtman's	
schehr	citation	1					1	1	2	2	0	Schehr	
scheiderer	citation	1					1	1	9	5	1	Scheiderer|Scheiderer's	
scheja	citation	2					2	1	3	1	0	Scheja	
schelp	citation	1					1	1	5	5	0	Schelp	
schenck	citation	1					0	1	0	0	0		
schesler	citation	1					1	1	1	1	0	Schesler	
scheunert	citation	1					1	1	1	1	0	Scheunert	
schewe	citation	1					1	1	1	1	0	Schewe	
schick	citation	6					5	4	12	8	2	Schick	
schieber	citation	1					1	1	1	1	0	Schieber	
schieder	citation	2					2	1	3	0	0	Schieder	
schiermeyer	citation	1					1	1	2	2	0	Schiermeyer	
schiffmann	citation	1					1	1	2	2	0	Schiffmann	
schildkraut	citation	1					1	1	1	1	0	Schildkraut	
schilhan	citation	1					1	1	1	1	0	Schilhan's	
schippa	citation	1					1	1	1	1	0	Schippa	
schlafli	citation	1					1	1	2	1	0	Schlafli	
schlag	citation	1					0	1	0	0	0		
schlage-puchta	citation	1					0	1	0	0	0		
schlank	subject	5			318		5	3	17	11	0	Schlank	names/schlank.md
schleich	citation	1					1	1	2	0	0	Schleich	
schleimer	citation	1					1	1	1	1	0	Schleimer	
schlein	citation	2					2	1	14	8	0	Schlein	
schlenk	citation	2					2	1	5	2	0	Schlenk	
schlichting	citation	3					3	2	4	3	0	Schlichting|Schlichting's	
schlumprecht	citation	2					2	2	4	4	0	Schlumprecht	
schmid	citation	4					4	4	82	45	0	Schmid|Schmid's	
schmidt	subject	71			238		66	16	530	493	5	Schmidt|Schmidt's	names/schmidt.md
schmuckenschlager	citation	1					1	1	1	1	0	Schmuckenschlager	
schnaubelt	citation	1					0	1	0	0	0		
schneider	citation	6					3	5	9	6	0	Schneider	
schnell	subject	5		Schnell-fiber-spaces-and-good-canonical-models-September-24-2026	034		3	4	54	30	12	Schnell|Schnell's	names/schnell.md
schnieders	citation	1					1	1	2	1	0	Schnieders	
schnurer	citation	5					3	3	3	1	0	Schnurer	
schoen	citation	12					10	7	87	43	2	Schoen|Schoen's	
schoenberg	citation	5					4	3	22	12	0	Schoenberg|Schoenberg's	
schoenfeld	citation	3					3	2	5	4	0	Schoenfeld	
schofield	citation	2					1	2	2	2	0	Schofield	
scholbach	citation	1					1	1	2	2	0	Scholbach	
scholl	citation	2					1	1	2	0	0	Scholl	
scholze	citation	11					9	9	41	31	12	Scholze|Scholze's	
schonhage	citation	2					2	2	16	10	0	Schonhage|Schonhage's	
schorkhuber	citation	1					0	1	0	0	0		
schost	citation	1					1	1	1	1	0	Schost	
schrader	citation	2					1	2	12	10	0	Schrader	
schramm	subject	18	214				17	13	185	112	6	Schramm|Schramm's	names/schramm.md
schraven	citation	1					1	1	1	0	0	Schraven	
schreieder	citation	2					2	2	2	1	0	Schreieder	
schreve	citation	2					2	2	4	3	0	Schreve|Schreve's	
schreyer	citation	3					2	1	4	3	0	Schreyer	
schrijver	citation	8					6	6	22	11	0	Schrijver|Schrijver's	
schrodinger	subject	22	080|371	Endpoint-convergence-for-the-planar-Schrodinger-equation-September-24-2026|Endpoint-pointwise-convergence-for-the-Schrodinger-equation-in-higher-dimensions-September-24-2026|Stable-Self-Similar-Blowup-for-a-Supercritical-Defocusing-Schrodinger-Equation-on-the-Torus-September-24-2026	077		22	0	107	96	8	Schrodinger	names/schrodinger.md
schroeppel	citation	1					1	1	7	4	0	Schroeppel	
schroer	citation	2					1	2	4	3	0	Schroer	
schuch	citation	3					2	3	4	2	0	Schuch	
schul	citation	1					1	1	2	2	0	Schul	
schuldenzucker	citation	1					1	1	2	2	0	Schuldenzucker	
schulman	citation	4					4	2	13	8	0	Schulman	
schultz	citation	2					2	2	4	4	3	Schultz	
schulz	citation	4					4	3	22	12	0	Schulz|Schulz's	
schulze	citation	2					2	2	14	7	0	Schulze	
schulze-pillot	citation	1					0	1	0	0	0		
schupp	citation	4					1	3	1	0	2	Schupp	
schur	subject	88			006|012|219|237|261|265|338|344		88	0	746	585	129	Schur|Schur's	names/schur.md
schurmann	citation	2					0	2	0	0	0		
schuster	citation	2					2	1	2	1	1	Schuster	
schutzenberger	citation	2					2	1	18	11	0	Schutzenberger|Schutzenberger's	
schwartz	subject	48			285		47	9	428	385	10	Schwartz|Schwartz's	names/schwartz.md
schwarz	subject	193			102		193	1	1885	1815	9	Schwarz|Schwarz's	names/schwarz.md
schwarzschild	subject	1		A-local-Penrose-inequality-for-conformal-perturbations-of-Schwarzschild-anti-de-Sitter-data-October-5-2026	260		1	0	101	89	14	Schwarzschild	names/schwarzschild.md
schwede	citation	7					6	4	15	8	0	Schwede|Schwede's	
schweitzer	citation	2					2	2	25	23	0	Schweitzer|Schweitzer's	
schwendner	citation	3					2	1	6	0	0	Schwendner	
schwiegelshohn	citation	1					1	1	4	4	0	Schwiegelshohn	
schwimmer	citation	1					1	1	2	2	0	Schwimmer	
schwinger	citation	2					2	1	19	19	0	Schwinger|Schwinger's	
scoppola	citation	1					1	1	3	2	0	Scoppola	
scott	citation	8					8	4	14	10	1	Scott	
seacrest	citation	1					1	1	12	9	0	Seacrest's|Seacrest	
sebastiani	subject	2			059		2	1	7	6	0	Sebastiani	names/sebastiani.md
seco	citation	1					1	1	6	4	0	Seco	
sedgewick	citation	1					0	1	0	0	0		
seeger	citation	4					4	4	7	7	0	Seeger	
seeley	citation	1					0	1	0	0	1		
segal	citation	7					6	3	23	15	0	Segal|Segal's	
segev	citation	3					2	3	14	7	0	Segev|Segev's	
seidel	citation	5					5	5	13	10	3	Seidel	
seidl	citation	1					1	1	1	1	0	Seidl	
seifert	subject	4			059		4	0	102	96	7	Seifert	names/seifert.md
seiler	citation	1					1	1	1	1	0	Seiler	
seiringer	citation	7					4	5	28	19	0	Seiringer	
seitz	citation	2					2	2	14	11	0	Seitz|Seitz's	
selberg	citation	13					13	6	36	22	2	Selberg|Selberg's	
sellke	citation	3					3	1	32	19	0	Sellke	
selman	citation	2					2	2	3	3	0	Selman	
selmer	subject	5	002	Exact-Birch-Swinnerton-Dyer-Formula-from-Low-Selmer-Corank-October-7-2026|The-Selmer-converse-for-elliptic-curves-at-every-prime-October-7-2026|The-two-primary-Birch-Swinnerton-Dyer-formula-in-Selmer-corank-at-most-one-October-6-2026	002|006|019		5	0	918	816	98	Selmer	names/selmer.md
semerjian	citation	1					1	1	3	2	0	Semerjian	
semmes	subject	1	081		081		1	1	7	4	0	Semmes	names/semmes.md
semola	citation	2					1	2	1	1	0	Semola	
sen	citation	7					6	4	14	12	0	Sen	
senger	citation	3					2	2	7	7	0	Senger	
sentis	citation	1					1	1	1	1	0	Sentis	
seo	citation	1					1	1	1	1	0	Seo	
sepe	citation	1					1	1	1	1	0	Sepe	
seppalainen	citation	2					1	2	2	2	0	Seppalainen	
seppelt	citation	1					1	1	12	4	0	Seppelt|Seppelt's	
sepulveda	citation	5					4	4	11	9	0	Sepulveda	
serapioni	citation	1					0	1	0	0	0		
sereni	citation	1					1	1	3	2	0	Sereni	
serfaty	citation	1					1	1	19	19	0	Serfaty|Serfaty's	
serfozo	citation	1					1	1	1	0	0	Serfozo	
serganova	citation	1					1	1	1	1	0	Serganova	
sergeev	citation	1					1	1	2	2	0	Sergeev	
serra	citation	3					2	2	7	6	0	Serra	
serre	subject	57	193				54	20	538	360	24	Serre|Serre's	names/serre.md
serrin	citation	3					3	3	3	1	0	Serrin	
servedio	subject	7	192				6	3	32	20	0	Servedio	names/servedio.md
seshadri	subject	7	039	Maximal-Multipoint-Seshadri-Constants-in-Higher-Dimensions-October-5-2026|Maximal-Seshadri-Constants-on-Arbitrary-Polarized-Surfaces-September-23-2026|Maximal-multipoint-Seshadri-constants-in-positive-characteristic-October-5-2026	034	OAI.MaximalSeshadri.Geometry.maximalSeshadriConstants	7	1	110	98	29	Seshadri	names/seshadri.md
sethi	citation	1					1	1	2	0	0	Sethi	
sethuraman	citation	1					1	1	1	1	0	Sethuraman	
setiabrata	citation	1					1	1	2	2	0	Setiabrata's|Setiabrata	
seuken	citation	1					1	1	2	2	0	Seuken	
sevenster	citation	1					0	1	0	0	0		
severini	citation	1					1	1	1	1	0	Severini	
seymour	subject	5	173			OAI.SeymourSecondNeighborhood.exists_goodVertex	5	3	17	14	0	Seymour|Seymour's	names/seymour.md
sfragara	citation	2					2	1	3	2	0	Sfragara	
shabanov	citation	1					1	1	2	2	0	Shabanov	
shabanovich	citation	1					0	1	0	0	0		
shafarevich	subject	12	046	A-surface-counterexample-to-Shafarevich-holomorphic-convexity-September-23-2026			11	3	156	147	1	Shafarevich|Shafarevich's	names/shafarevich.md
shafer	citation	1					0	1	0	0	0		
shafkulovska	citation	1					1	1	2	2	0	Shafkulovska	
shah	subject	1	366	Interior-regularity-of-planar-Mumford-Shah-minimizers-September-24-2026			1	1	6	6	0	Shah	names/shah.md
shahrasbi	citation	2					1	1	2	2	0	Shahrasbi	
shahrokhi	citation	1					0	1	0	0	0		
shahshahani	citation	2					2	1	18	13	4	Shahshahani|Shahshahani's	
shaik	citation	1					1	1	1	0	0	Shaik	
shalev	citation	3					2	3	28	21	25	Shalev|Shalev's	
shallit	citation	1					0	1	0	0	0		
shalom	citation	4					4	4	22	9	0	Shalom|Shalom's	
shaltiel	citation	1					1	1	3	3	0	Shaltiel	
sham	subject	1	278	A-Coulomb-Ground-State-Density-without-Kohn-Sham-Ensemble-Representation-September-25-2026			1	0	12	11	0	Sham	names/sham.md
shamir	citation	2					2	2	21	13	0	Shamir|Shamir's	
shankar	citation	3					3	2	15	7	3	Shankar	
shannon	citation	24					23	4	61	48	1	Shannon	
shao	citation	3					2	3	8	3	0	Shao	
shapira	citation	1					1	1	1	1	0	Shapira	
shapiro	subject	15			002		15	1	175	134	11	Shapiro|Shapiro's	names/shapiro.md
shapley	citation	1					0	1	0	0	0		
sharan	citation	1					1	1	14	9	0	Sharan	
shareshian	subject	1	169				1	1	5	4	0	Shareshian	names/shareshian.md
sharifi	citation	2					1	2	1	1	0	Sharifi	
sharir	citation	3					3	3	9	9	0	Sharir	
sharma	citation	3					3	1	5	3	0	Sharma	
shastri	citation	1					1	1	1	1	0	Shastri	
shastry	citation	3					2	3	2	2	0	Shastry's|Shastry	
shatashvili	citation	1					0	1	0	0	0		
shavgulidze	citation	1					1	1	2	1	0	Shavgulidze	
shaw	citation	2					1	2	1	1	0	Shaw	
shayevitz	citation	1					1	1	1	0	0	Shayevitz	
shayya	citation	1					1	1	4	1	0	Shayya|Shayya's	
shcherbina	citation	2					2	2	4	2	0	Shcherbina	
shearer	citation	5					5	5	20	11	0	Shearer|Shearer's	
sheats	citation	1					1	1	1	1	0	Sheats	
sheffer	citation	1					1	1	2	2	0	Sheffer	
sheffield	citation	10					9	6	123	68	0	Sheffield|Sheffield's	
sheikh-jabbari	citation	1					0	1	0	0	0		
shelah	subject	6	240				5	5	42	21	3	Shelah|Shelah's	names/shelah.md
shelukhin	citation	2					2	2	3	1	0	Shelukhin	
shen	citation	13					11	8	27	17	0	Shen|Shen's	
shende	citation	1					1	1	6	1	0	Shende	
sheng	citation	2					1	1	2	2	0	Sheng	
shenker	citation	1					1	1	3	1	0	Shenker	
shephard	citation	2					1	1	1	1	0	Shephard	
shepherdson	citation	2					2	2	3	3	1	Shepherdson	
sherman	citation	9					8	5	15	5	0	Sherman	
sherrington	subject	7	217|227	A-spectral-gap-throughout-the-high-temperature-Sherrington-Kirkpatrick-phase-September-24-2026|Critical-mixing-in-the-Sherrington-Kirkpatrick-model-September-25-2026|Critical-slowing-down-in-the-Sherrington-Kirkpatrick-model-September-24-2026|Cutoff-throughout-the-high-temperature-Sherrington-Kirkpatrick-phase-September-24-2026|Full-support-of-the-zero-temperature-Sherrington-Kirkpatrick-order-parameter-September-27-2026|The-low-temperature-Sherrington-Kirkpatrick-fluctuation-scale-September-24-2026|The-low-temperature-Sherrington-Kirkpatrick-free-energy-limiting-law-September-24-2026|Universality-of-critical-quench-autocorrelations-in-the-Sherrington-Kirkpatrick-model-October-5-2026			7	3	92	76	0	Sherrington	names/sherrington.md
sherstov	citation	2					2	2	7	2	1	Sherstov	
sheshadri	citation	1					0	1	0	0	0		
shi	citation	10					9	7	29	18	3	Shi|Shi's	
shibata	citation	3					3	1	5	4	0	Shibata	
shiffman	citation	2					2	1	6	2	0	Shiffman|Shiffman's	
shimomura	citation	4					4	2	9	9	0	Shimomura|Shimomura's	
shimorin	citation	1					1	1	3	2	0	Shimorin|Shimorin's	
shimura	citation	7					6	3	92	84	0	Shimura	
shin	citation	5					3	4	5	2	0	Shin	
shinbrot	citation	1					1	1	1	1	0	Shinbrot	
shinder	citation	2					1	2	6	6	0	Shinder	
shioya	citation	3					2	3	2	2	0	Shioya	
shipley	citation	2					1	1	1	1	0	Shipley	
shirmohammadi	citation	1					1	1	1	1	0	Shirmohammadi	
shiromizu	citation	1					1	1	6	6	0	Shiromizu	
shirshov	citation	1					1	1	4	0	0	Shirshov's|Shirshov	
shiu	citation	2					2	2	15	14	9	Shiu|Shiu's	
shlapentokh	citation	3					3	2	6	4	0	Shlapentokh	
shlapentokh-rothman	citation	1					0	1	0	0	0		
shlyakhtenko	citation	1					1	1	3	2	0	Shlyakhtenko's|Shlyakhtenko	
shlykov	citation	1					1	1	3	2	0	Shlykov|Shlykov's	
shmalo	citation	1					1	1	1	0	0	Shmalo	
shmerkin	citation	7					7	7	34	31	0	Shmerkin	
shmoys	citation	2					2	1	3	2	0	Shmoys	
shnidman	citation	1					1	1	2	2	0	Shnidman	
shokurov	citation	7					6	3	35	22	0	Shokurov|Shokurov's	
shor	citation	5					5	1	19	12	0	Shor|Shor's	
shoup	citation	2					1	1	4	1	1	Shoup|Shoup's	
showalter	citation	1					1	1	2	0	0	Showalter	
shparlinski	citation	2					2	1	3	2	0	Shparlinski	
shpilka	citation	1					1	1	8	8	0	Shpilka	
shpilrain	citation	3					3	2	5	3	0	Shpilrain|Shpilrain's	
shramov	citation	2					1	2	1	1	0	Shramov	
shreve	citation	1					0	1	0	0	0		
shu	citation	3					1	2	6	0	0	Shu	
shub	subject	2	151				1	2	5	2	0	Shub's|Shub	names/shub.md
shulman	citation	1					1	1	1	0	0	Shulman	
shvidkoy	citation	1					1	1	2	2	0	Shvidkoy	
shvydkoy	citation	1					1	1	6	3	0	Shvydkoy's|Shvydkoy	
siddique	citation	1					1	1	1	1	0	Siddique	
sidford	citation	3					3	3	16	13	0	Sidford	
sidiropoulos	citation	1					1	1	15	9	0	Sidiropoulos|Sidiropoulos's	
sidoravicius	citation	2					2	2	4	4	0	Sidoravicius	
sidorenko	subject	1	161				1	1	10	8	2	Sidorenko's|Sidorenko	names/sidorenko.md
sieben	citation	1					1	1	9	2	0	Sieben|Sieben's	
siebenand	citation	1					1	1	1	0	0	Siebenand	
siebenmann	citation	2					2	1	3	1	0	Siebenmann	
siebert	citation	1					1	1	2	2	0	Siebert	
siegel	subject	16	016	Quaternionic-Division-Points-on-Curves-in-the-Siegel-Threefold-September-24-2026|Uniform-exclusion-of-Landau-Siegel-zeros-October-1-2026	011|058	OAI.SiegelZeros.WeightedTorusJets.exists_absolute_real_zero_gap	16	1	164	135	51	Siegel|Siegel's	names/siegel.md
siegl	citation	1					1	1	3	3	0	Siegl	
siemons	citation	1					1	1	1	1	0	Siemons	
sienkiewicz	citation	1					0	1	0	0	0		
sierakowski	citation	1					0	1	0	0	0		
sierpinski	citation	2					2	1	7	3	0	Sierpinski's|Sierpinski	
sigal	citation	1					1	1	6	5	0	Sigal	
sigalov	citation	1					0	1	0	0	0		
sikorav	citation	2					2	1	6	3	0	Sikorav	
silberman	citation	1					1	1	1	1	0	Silberman	
silberstein	citation	2					2	1	5	4	0	Silberstein	
silier	citation	1					1	1	1	1	0	Silier	
silverberg	citation	1					0	1	0	0	0		
silverman	citation	9					7	5	32	3	6	Silverman	
silvestre	citation	3					3	2	3	1	0	Silvestre	
simenhaus	citation	1					1	1	13	4	0	Simenhaus|Simenhaus's	
simmons	citation	2					2	2	3	2	0	Simmons	
simon	citation	40					35	31	156	77	18	Simon|Simon's	
simonella	citation	1					1	1	5	4	0	Simonella	
simonovits	citation	1					1	1	2	1	0	Simonovits's|Simonovits	
simons	subject	10			305		9	5	62	51	4	Simons|Simons's	names/simons.md
simonyi	citation	1					1	1	1	0	0	Simonyi	
simpson	citation	3					3	3	10	6	0	Simpson|Simpson's	
sims	citation	12					11	8	31	24	0	Sims	
sinai	subject	4	146				4	0	8	8	0	Sinai|Sinai's	names/sinai.md
sinclair	citation	12					9	11	57	38	1	Sinclair	
singer	subject	15	315	The-Singer-conjecture-in-dimension-four-September-25-2026	058		10	8	27	23	4	Singer|Singer's	names/singer.md
singh	citation	6					5	5	8	5	0	Singh	
singla	citation	3					3	3	6	4	0	Singla	
sinha	citation	4					4	4	9	7	0	Sinha	
sinn	citation	1					1	1	1	1	3	Sinn	
sinop	citation	1					1	1	1	1	0	Sinop's	
sion	citation	2					2	1	5	1	0	Sion	
sipser	citation	2					2	2	11	9	0	Sipser|Sipser's	
sirotkin	citation	1					1	1	2	2	0	Sirotkin	
sitharam	citation	1					0	1	0	0	0		
sitter	subject	2		A-local-Penrose-inequality-for-conformal-perturbations-of-Schwarzschild-anti-de-Sitter-data-October-5-2026|The-nonmaximal-anti-de-Sitter-Penrose-Inequality-and-original-data-rigidity-October-5-2026	260		2	0	32	29	0	Sitter	names/sitter.md
siu	citation	8					8	5	53	37	7	Siu|Siu's	
siudeja	citation	1					1	1	2	1	0	Siudeja	
sivakumar	citation	3					2	2	2	1	0	Sivakumar	
sivek	citation	1					1	1	1	0	0	Sivek	
sjamaar	citation	1					1	1	1	1	0	Sjamaar	
sjogren	citation	1					1	1	3	1	0	Sjogren	
sjolin	citation	4					4	4	14	9	0	Sjolin	
sjostrand	citation	3					3	2	4	2	0	Sjostrand	
skalit	citation	2					2	1	11	4	0	Skalit|Skalit's	
skandalis	citation	3					3	3	10	4	0	Skandalis	
skau	citation	3					2	2	2	2	0	Skau	
skenderis	citation	1					1	1	1	1	0	Skenderis	
skinner	citation	5					4	5	76	44	0	Skinner|Skinner's	
sklyanin	citation	1					1	1	2	2	0	Sklyanin	
skoda	citation	4					3	2	26	20	14	Skoda|Skoda's	
skokan	citation	3					3	2	7	3	6	Skokan	
skomra	citation	1					0	1	0	0	0		
skubenko	citation	1					1	1	3	3	0	Skubenko's|Skubenko	
slade	citation	4					4	1	16	10	0	Slade	
slavikova	citation	1					1	1	1	1	0	Slavikova	
slavnov	citation	2					1	2	10	4	0	Slavnov|Slavnov's	
sleator	citation	3					1	2	1	1	0	Sleator	
slipantschuk	citation	1					0	1	0	0	0		
sliwa	citation	1					0	1	0	0	0		
sloane	citation	1					1	1	1	1	0	Sloane	
slofstra	citation	1					1	1	1	1	0	Slofstra	
slomka	citation	1					1	1	1	1	0	Slomka	
slonim	citation	1					1	1	2	0	0	Slonim	
slowik	citation	1					0	1	0	0	0		
slutsky	citation	3					2	1	4	4	0	Slutsky's	
sly	citation	6					6	6	39	28	0	Sly|Sly's	
smale	subject	10			059|347		10	7	55	27	6	Smale|Smale's	names/smale.md
smilga	citation	1					1	1	4	0	0	Smilga	
smillie	citation	1					1	1	2	2	0	Smillie	
smirnov	citation	7					7	5	129	73	0	Smirnov|Smirnov's	
smirnova-nagnibeda	citation	1					0	1	0	0	0		
smith	subject	30	304|308|314	A-finite-Smith-Toda-complex-V4-at-the-prime-1009-September-23-2026|Finite-Smith-Toda-Complexes-at-Varying-Primes-September-23-2026|The-Hilbert-Smith-conjecture-in-every-finite-dimension-September-23-2026	304		27	15	143	86	2	Smith|Smith's	names/smith.md
smotrovs	citation	1					1	1	1	1	0	Smotrovs	
snaith	citation	1					1	1	2	1	0	Snaith	
snaky	subject	1	187	Snaky-in-21-Maker-moves-September-25-2026			1	0	9	8	0	Snaky	names/snaky.md
snashall	citation	1					1	1	2	2	0	Snashall	
snell	citation	2					1	1	1	1	0	Snell	
snively	citation	1					1	1	1	1	0	Snively	
snowden	citation	1					0	1	0	0	0		
sobolev	subject	76	080|093	A-dimension-free-logarithmic-Sobolev-inequality-for-subgaussian-log-concave-measures-September-23-2026	071|072|085|087|119|211|216|227|232|260|337|348|368		76	0	1114	966	180	Sobolev|Sobolev's	names/sobolev.md
sodin	citation	2					2	1	3	1	0	Sodin	
soergel	citation	5					4	2	15	10	0	Soergel|Soergel's	
sofos	citation	2					2	2	4	1	0	Sofos	
sogge	subject	1	079				1	1	14	9	0	Sogge|Sogge's	names/sogge.md
sohl-dickstein	citation	1					0	1	0	0	0		
sohn	citation	1					1	1	6	4	0	Sohn	
sohoni	citation	1					0	1	0	0	0		
soibelman	citation	3					3	3	6	6	0	Soibelman	
soifer	citation	1					1	1	1	0	0	Soifer	
sokal	citation	6					6	4	44	32	0	Sokal|Sokal's	
sokolov	citation	3					2	2	6	6	0	Sokolov	
sokolowsky	citation	1					1	1	1	1	0	Sokolowsky	
sol	citation	8					8	1	14	12	7	Sol|SOL	
sola	citation	4					4	1	9	5	0	Sola	
solberg	citation	1					1	1	5	5	0	Solberg	
soldatenkov	citation	1			041		1	1	5	1	0	Soldatenkov	
soleimanifar	citation	1					1	1	2	2	0	Soleimanifar	
solitar	subject	2		Baumslag-Solitar-free-one-relator-groups-are-hyperbolic-September-25-2026			2	0	25	25	0	Solitar	names/solitar.md
solleveld	citation	2					0	2	0	0	0		
solomon	subject	8	349	The-Solomon-Yau-least-volume-theorem-September-23-2026			6	6	12	9	0	Solomon	names/solomon.md
solomyak	citation	3					3	3	10	8	0	Solomyak	
solotar	citation	1					0	1	0	0	0		
solovay	citation	3			323		3	1	7	4	3	Solovay	
solovej	citation	3					3	3	62	24	0	Solovej|Solovej's	
solovyev	citation	1					0	1	0	0	0		
soltan	citation	1					1	1	2	2	0	Soltan	
solymosi	citation	4					4	4	10	5	0	Solymosi	
sombra	citation	1					0	1	0	0	0		
sommers	citation	2					2	2	5	4	0	Sommers	
sommese	citation	2					2	1	7	6	0	Sommese	
sompolinsky	citation	1					1	1	4	3	0	Sompolinsky	
song	subject	11			277		9	7	30	16	7	Song|Song's	names/song.md
soo	citation	1					1	1	2	2	0	Soo|Soo's	
sorensen	citation	2					2	1	2	0	0	Sorensen	
soria	citation	2					2	1	6	5	0	Soria|Soria's	
sorkin	citation	3					3	3	3	3	0	Sorkin	
sormani	citation	1					1	1	1	1	0	Sormani	
sorrentino	citation	1					1	1	3	3	0	Sorrentino	
sos	citation	1					1	1	1	1	0	Sos	
sosoe	citation	2					2	2	5	4	0	Sosoe	
sospedra-alfonso	citation	1					0	1	0	0	0		
soto	citation	2					2	1	4	2	0	Soto	
soudry	citation	1					1	1	1	1	0	Soudry	
soudsky	citation	1					1	1	2	2	0	Soudsky	
soundararajan	citation	6					4	5	15	7	0	Soundararajan	
souplet	citation	2					2	1	7	6	0	Souplet	
spadaro	citation	2					1	2	4	4	0	Spadaro	
spalek	citation	2					2	1	3	3	0	Spalek	
spaltenstein	citation	2					2	1	2	0	0	Spaltenstein	
spanier	citation	6					6	1	9	4	0	Spanier	
sparks	citation	1					1	1	3	2	0	Sparks	
spath	citation	2					2	1	3	2	0	Spath	
spatzier	citation	1					1	1	2	2	0	Spatzier	
specker	citation	2					2	1	3	1	0	Specker	
spector	citation	2					2	1	5	2	0	Spector	
speder	citation	1					1	1	1	1	0	Speder	
speelman	citation	2					1	2	2	2	0	Speelman	
speicher	citation	2					2	1	10	5	0	Speicher|Speicher's	
speissegger	citation	2					2	2	4	3	0	Speissegger	
spekkens	citation	1					0	1	0	0	0		
spencer	subject	29			076		28	14	161	130	5	Spencer|Spencer's	names/spencer.md
sperner	citation	2					1	1	4	2	0	Sperner|Sperner's	
spiegel	citation	1					1	1	2	2	0	Spiegel	
spielman	citation	4					3	2	7	3	0	Spielman	
spiga	citation	1					0	1	0	0	0		
spindler	citation	1					1	1	3	3	0	Spindler	
spinka	citation	3					3	3	7	6	0	Spinka	
spohn	citation	2					2	1	7	5	0	Spohn	
spolaor	citation	1					1	1	7	4	0	Spolaor	
spotti	citation	1					1	1	3	1	0	Spotti	
sprouse	citation	1					1	1	2	2	0	Sprouse	
spruck	citation	2					2	2	6	6	0	Spruck	
squier	citation	1					1	1	1	1	0	Squier	
sra	citation	5					5	1	14	10	0	Sra|SRa|SRA	
srba	citation	1					0	1	0	0	0		
srednicki	citation	1					1	1	2	1	0	Srednicki	
srhir	citation	1					1	1	2	2	0	Srhir	
sridharan	citation	1					1	1	2	2	0	Sridharan	
srinivasan	citation	8					7	4	20	16	6	Srinivasan	
srivastava	citation	6					5	3	14	14	1	Srivastava	
stadler	citation	1					1	1	1	1	0	Stadler	
staffilani	citation	2					2	2	2	2	0	Staffilani	
stagliano	citation	1					1	1	1	1	0	Stagliano	
stallings	citation	7					7	4	29	18	0	Stallings	
stampacchia	citation	1					0	1	0	0	0		
stancu	citation	1					1	1	2	0	0	Stancu	
standards	citation	5					2	3	2	1	15	Standards	
stanfield	citation	1					1	1	1	1	0	Stanfield	
stanley	citation	9					8	7	37	25	1	Stanley|Stanley's	
stapleton	subject	4			318		4	3	10	7	0	Stapleton	names/stapleton.md
stark	citation	4					4	3	23	9	0	Stark|Stark's	
starr	citation	9					8	8	27	22	0	Starr	
stasheff	citation	3					1	2	1	0	0	Stasheff	
stav	citation	1					1	1	1	1	0	Stav	
stavrianos	citation	1					0	1	0	0	0		
stavroulakis	citation	1					1	1	1	1	0	Stavroulakis	
stechkin	citation	1					1	1	2	2	0	Stechkin	
steenbock	citation	2					1	2	2	1	0	Steenbock	
steenbrink	citation	6					6	4	34	20	0	Steenbrink|Steenbrink's	
steenrod	citation	5					4	2	42	36	0	Steenrod	
stefanov	citation	1					1	1	2	1	0	Stefanov	
steiger	citation	2					2	2	3	3	0	Steiger	
stein	subject	50	083	A-projective-fourfold-with-large-fundamental-group-and-non-Stein-universal-cover-October-5-2026|Arithmetic-Stein-degree-bounds-for-log-Calabi-Yau-pairs-September-25-2026	034|042		47	16	661	594	27	Stein|Stein's	names/stein.md
steinberg	subject	18			002|247		17	4	272	224	29	Steinberg|Steinberg's	names/steinberg.md
steinberger	citation	1					0	1	0	0	0		
steiner	citation	7					7	3	34	22	4	Steiner|Steiner's	
steinerberger	citation	2					2	1	4	2	0	Steinerberger	
steinhardt	citation	2					1	2	12	4	0	Steinhardt	
stellari	citation	2					2	2	4	4	0	Stellari	
stembridge	citation	1					1	1	3	3	0	Stembridge	
stephan	citation	2					2	1	2	1	0	Stephan	
stephens-davidowitz	citation	1					0	1	0	0	0		
sterbenz	citation	1					1	1	3	2	0	Sterbenz's|Sterbenz	
stergiou	citation	1					0	1	0	0	0		
sterk	citation	2					1	1	3	0	0	Sterk	
stern	citation	2					1	2	2	2	0	Stern's|Stern	
sternberg	citation	1					0	1	0	0	0		
sternfeld	citation	1			248		1	1	3	1	0	Sternfeld	
steurer	citation	6					3	6	21	21	0	Steurer	
stevens	citation	1					0	1	0	0	0		
stewart	citation	2					1	2	1	1	0	Stewart	
stichtenoth	citation	1					0	1	0	0	0		
stiebitz	citation	1					1	1	1	1	0	Stiebitz	
stiefel	subject	11			140		11	0	35	30	4	Stiefel	names/stiefel.md
stigum	citation	1					1	1	12	11	0	Stigum	
stinespring	citation	2					2	1	10	7	0	Stinespring	
stipsicz	citation	1					1	1	1	1	1	Stipsicz	
stix	citation	1					1	1	34	30	0	Stix|Stix's	
stockmeyer	citation	1					0	1	0	0	0		
stoelinga	citation	1					0	1	0	0	0		
stojanoska	citation	2					1	2	1	1	0	Stojanoska	
stokes	subject	29	376	Computation-under-Rapidly-Vanishing-Navier-Stokes-Forcing-September-27-2026|Universal-Computation-with-Eventually-Stationary-Navier-Stokes-Forcing-September-27-2026|Velocity-Field-Detection-of-Computation-in-Forced-Navier-Stokes-Flows-September-27-2026	071		29	0	168	122	22	Stokes	names/stokes.md
stoll	citation	3					2	2	14	4	0	Stoll's|Stoll	
stolz	citation	2					1	1	1	0	0	Stolz	
stone	citation	9					9	2	17	12	1	Stone|Stone's	
storch	citation	2					2	1	3	2	0	Storch	
storer	citation	1					1	1	3	2	0	Storer	
storozhenko	citation	1					1	1	1	1	0	Storozhenko	
stothers	subject	2			047		2	1	14	8	0	Stothers	names/stothers.md
stottmeister	citation	1					1	1	2	2	0	Stottmeister	
stovall	citation	1					0	1	0	0	0		
stover	citation	1					1	1	2	1	3	Stover	
stra	citation	1					1	1	1	1	0	Stra	
strain	citation	2					2	1	9	8	31	Strain	
strassen	citation	3					3	3	23	13	0	Strassen|Strassen's	
straubing	citation	1					1	1	14	5	0	Straubing	
strauch	citation	3					3	2	6	3	3	Strauch|Strauch's	
straus	citation	3					3	3	6	6	0	Straus	
strauss	citation	3					2	2	7	4	1	Strauss	
stredulinsky	citation	1					1	1	1	1	0	Stredulinsky	
street	subject	2			317		2	2	134	21	0	Street|Street's	names/street.md
streets	citation	1					1	1	2	1	0	Streets	
streltsova	citation	1					1	1	1	0	0	Streltsova	
strickland	subject	5			311		4	3	21	15	1	Strickland|Strickland's	names/strickland.md
strohmer	citation	1					1	1	2	1	0	Strohmer	
stromberg	citation	1					1	1	2	2	0	Stromberg	
strominger	citation	1					1	1	1	1	0	Strominger	
struwe	citation	2					2	2	4	4	0	Struwe	
strycharz-szemberg	citation	1					0	1	0	0	0		
sturgis	citation	1					1	1	1	1	0	Sturgis	
sturm	citation	7					6	5	16	9	0	Sturm|Sturm's	
sturmfels	citation	3					1	2	1	0	0	Sturmfels	
suan	citation	1					1	1	4	4	0	Suan	
subi	citation	1					1	1	1	1	0	Subi	
subrahmanyam	citation	1					1	1	2	2	0	Subrahmanyam	
subramanian	citation	1					1	1	1	1	0	Subramanian	
sucheston	citation	2					2	1	6	3	0	Sucheston	
sudakov	citation	10					9	5	47	37	13	Sudakov|Sudakov's	
sudan	citation	6					5	4	16	16	0	Sudan	
sudarsky	citation	1					1	1	2	2	0	Sudarsky	
sudbury	citation	1					1	1	1	1	0	Sudbury	
suhr	citation	1					1	1	1	1	0	Suhr	
sukhov	citation	1					0	1	0	0	0		
sukochev	citation	1					0	1	0	0	0		
suli	citation	1					0	1	0	0	0		
sullivan	citation	8					8	6	32	22	0	Sullivan|Sullivan's	
sulser	citation	1					0	1	0	0	0		
sulway	citation	1					1	1	1	1	0	Sulway	
sumihiro	citation	3					2	2	8	4	0	Sumihiro	
sun	citation	25					20	22	88	51	0	Sun|Sun's	
suominen	citation	1					0	1	0	0	0		
superconcentrators	citation	1					0	1	0	0	0		
sury	citation	1					1	1	4	2	0	Sury	
suslin	citation	4					3	2	14	9	0	Suslin|Suslin's	
susskind	citation	1					1	1	3	2	0	Susskind	
sutherland	citation	4					4	3	9	6	0	Sutherland|Sutherland's	
suto	citation	1					1	1	6	2	0	Suto's|Suto	
suzuki	citation	10					8	5	22	16	0	Suzuki	
svensson	subject	6			125		3	6	19	12	4	Svensson|Svensson's	names/svensson.md
svoboda	citation	1					0	1	0	0	0		
svozil	citation	1					1	1	1	1	0	Svozil	
swan	citation	5					5	2	10	8	1	Swan	
swanson	citation	1					1	1	1	1	0	Swanson	
swennenhuis	citation	1					1	1	2	1	0	Swennenhuis	
swidinsky	citation	1					0	1	0	0	0		
swieca	citation	1					1	1	1	1	0	Swieca	
swift	citation	2					2	1	6	1	0	Swift	
swingle	citation	1					1	1	2	1	0	Swingle	
swinnerton	subject	4		Exact-Birch-Swinnerton-Dyer-Formula-from-Low-Selmer-Corank-October-7-2026|The-two-primary-Birch-Swinnerton-Dyer-formula-in-Selmer-corank-at-most-one-October-6-2026			4	0	84	65	0	Swinnerton	names/swinnerton.md
swinnerton-dyer	subject	3	002				0	3	0	0	0		names/swinnerton-dyer.md
sylow	subject	10			202|203|320		10	0	108	84	15	Sylow	names/sylow.md
sylvester	citation	12			002		11	3	42	35	25	Sylvester|Sylvester's	
symonds	citation	1					1	1	1	1	2	Symonds	
syzdek	citation	1					1	1	1	1	0	Syzdek	
szabo	subject	7			291		7	7	30	20	1	Szabo|Szabo's	names/szabo.md
szamuely	citation	3					2	1	2	0	0	Szamuely	
szarek	citation	5					5	1	17	8	1	Szarek	
szeftel	citation	2					2	2	3	3	0	Szeftel	
szegedy	citation	11					9	10	25	22	0	Szegedy|Szegedy's	
szekely	citation	3					3	2	9	3	3	Szekely|Szekely's	
szekelyhidi	citation	2					2	1	4	3	0	Szekelyhidi	
szekeres	citation	2					2	2	3	2	0	Szekeres	
szemberg	citation	5					3	4	10	8	0	Szemberg	
szemeredi	subject	17	159		166		17	10	70	52	2	Szemeredi|Szemeredi's	names/szemeredi.md
sznitman	citation	5					4	4	29	17	0	Sznitman|Sznitman's	
szpiro	citation	2					2	1	3	3	0	Szpiro	
szusz	citation	1					1	1	2	1	0	Szusz	
szwarc	citation	2					2	2	6	5	0	Szwarc	
szwej	citation	1					1	1	1	1	0	Szwej	
szymik	citation	1					1	1	2	2	0	Szymik	
ta-shma	citation	2					0	2	0	0	0		
tabaa	citation	1					1	1	2	0	0	Tabaa	
tabachnikov	citation	2					2	1	3	2	0	Tabachnikov	
tachikawa	subject	1	199			OAI.Tachikawa.main_theorem	1	1	13	9	0	Tachikawa's|Tachikawa	names/tachikawa.md
tadej	citation	1					0	1	0	0	0		
tadic	citation	1					1	1	6	2	0	Tadic	
taheri	citation	1					1	1	1	1	0	Taheri	
taiani	citation	1					1	1	2	1	0	Taiani	
taibi	citation	1					1	1	1	1	0	Taibi	
taimanov	citation	1					1	1	4	4	0	Taimanov	
taji	citation	2					2	2	16	8	0	Taji|Taji's	
takagi	citation	1					1	1	6	2	0	Takagi|Takagi's	
takayama	citation	5					3	3	16	9	0	Takayama|Takayama's	
takeda	citation	2					2	2	3	0	0	Takeda	
takegoshi	citation	3					2	1	2	2	0	Takegoshi	
takenouchi	citation	1					1	1	2	0	0	Takenouchi's|Takenouchi	
takesaki	citation	6					6	5	20	12	0	Takesaki	
tal	citation	5					5	3	15	11	0	Tal|Tal's	
talagrand	subject	11	175			OAI.TalagrandDiscreteConvexity.talagrand_discrete_convexity|OAI.TalagrandThreshold.talagrand_expectation_threshold_equivalence	11	7	90	54	0	Talagrand|Talagrand's	names/talagrand.md
talenti	citation	2					2	2	11	10	3	Talenti|Talenti's	
tallana	citation	1					0	1	0	0	0		
talwar	citation	4					2	3	3	3	0	Talwar	
tam	citation	4					4	1	19	11	0	Tam|TAm	
tamagawa	citation	5					5	1	31	24	2	Tamagawa|Tamagawa's	
tamagni	citation	1					1	1	1	1	0	Tamagni's	
tamanini	citation	1					1	1	1	1	0	Tamanini's	
tamme	citation	2					1	1	3	2	0	Tamme|Tamme's	
tanaka	citation	6			147		6	4	22	8	5	Tanaka	
tang	citation	10					7	8	31	10	0	Tang|Tang's	
tange	citation	2					1	1	1	1	0	Tange	
tangherlini	subject	1			260		1	1	43	40	5	Tangherlini	names/tangherlini.md
tangwongsan	citation	1					1	1	1	1	0	Tangwongsan	
tanimoto	citation	3					2	2	6	3	0	Tanimoto	
tanisaki	citation	2					2	1	3	3	0	Tanisaki	
taniyama	citation	1					0	1	0	0	0		
tanushev	citation	1					1	1	7	7	0	Tanushev	
tao	subject	40			007		38	33	171	99	0	Tao|Tao's	names/tao.md
tapp	citation	5					4	3	5	4	0	Tapp	
tardos	citation	10					7	9	17	15	2	Tardos	
tarjan	citation	5					4	5	5	5	0	Tarjan	
tarnawski	citation	2					0	2	0	0	0		
tarski	citation	4					4	3	12	7	0	Tarski|Tarski's	
tasaki	citation	1					1	1	27	14	0	Tasaki|Tasaki's	
taslaman	citation	2					1	1	1	1	0	Taslaman	
tassion	citation	6					6	6	33	25	0	Tassion|Tassion's	
tassy	citation	2					1	2	1	1	0	Tassy	
tataru	citation	1					0	1	0	0	0		
tate	subject	36			032|311		36	7	1711	1577	39	Tate|Tate's	names/tate.md
tattar	citation	1					1	1	1	0	0	Tattar	
taubes	citation	5			341		5	3	85	27	58	Taubes|Taubes's	
taussky	citation	1					1	1	1	1	0	Taussky	
tautz	citation	1					1	1	1	1	0	Tautz	
tavasoli	citation	1					0	1	0	0	0		
tavenas	citation	2					2	2	8	7	0	Tavenas|Tavenas's	
taylor	subject	165			037|058|066|090|143|164|217|218|266|282|334|355		164	21	1916	1482	184	Taylor|Taylor's	names/taylor.md
technau	citation	1					1	1	4	4	0	Technau|Technau's	
technology	citation	8					5	3	7	7	1	Technology	
teicher	citation	1					0	1	0	0	0		
teichmann	citation	1					1	1	1	1	0	Teichmann	
teichner	citation	2					1	2	7	6	0	Teichner|Teichner's	
teissier	citation	5					5	3	27	8	0	Teissier|Teissier's	
teitelbaum	citation	1					0	1	0	0	0		
teleman	citation	3					3	2	24	12	0	Teleman|Teleman's	
tell	citation	1					1	1	1	1	1	Tell	
teller	subject	2	233	The-joint-scaling-limit-of-critical-Ashkin-Teller-currents-October-6-2026			2	1	14	11	0	Teller	names/teller.md
temkin	citation	3					2	3	8	1	0	Temkin	
temperley	citation	5					5	1	29	26	0	Temperley|Temperley's	
templier	citation	1					1	1	4	2	0	Templier|Templier's	
tenenbaum	citation	2					2	2	3	1	0	Tenenbaum	
teng	citation	1					1	1	1	1	0	Teng	
tengvall	citation	1					1	1	2	2	0	Tengvall	
tenpas	citation	1					1	1	3	2	0	Tenpas	
terao	citation	1					0	1	0	0	0		
teravainen	citation	3					3	2	12	5	0	Teravainen	
terras	citation	2					1	2	2	2	0	Terras	
teschl	citation	5					4	4	16	0	0	Teschl	
tessera	citation	2					2	2	7	5	0	Tessera|Tessera's	
teste	citation	1					1	1	1	1	0	Teste	
testerman	citation	3					3	2	4	3	0	Testerman	
tetali	citation	7					5	5	28	21	8	Tetali|Tetali's	
tewari	citation	1					0	1	0	0	0		
texier	citation	1					1	1	1	1	0	Texier	
teyssier	citation	1					1	1	1	1	2	Teyssier	
thaddeus	citation	1					1	1	2	2	0	Thaddeus	
thankey	citation	1					1	1	3	2	0	Thankey	
theil	citation	1					1	1	2	2	0	Theil	
theisen	citation	1					1	1	1	1	0	Theisen	
thejaswini	citation	1					0	1	0	0	0		
theobald	citation	1					0	1	0	0	1		
therien	citation	1					1	1	6	6	0	Therien	
thibert	citation	1					0	1	0	0	0		
thibon	citation	1					0	1	0	0	0		
thiel	citation	3					3	1	19	11	0	Thiel	
thiele	citation	5					4	5	22	20	0	Thiele|Thiele's	
thierauf	citation	1					1	1	6	6	0	Thierauf	
thirring	subject	3	262	Equality-cases-in-the-sharp-one-dimensional-matrix-Lieb-Thirring-inequality-October-5-2026|Sharp-One-Dimensional-Lieb-Thirring-Constants-September-23-2026|Sharp-one-dimensional-Lieb-Thirring-inequalities-for-matrix-potentials-October-5-2026		OAI.SharpLiebThirring.sharp_lieb_thirring	3	2	57	46	1	Thirring	names/thirring.md
tholozan	citation	1					1	1	1	1	0	Tholozan	
thom	subject	28			033|059|308		28	7	199	171	29	Thom|Thom's	names/thom.md
thoma	citation	2					2	2	2	2	0	Thoma	
thomas	citation	35					30	13	116	86	0	Thomas|Thomas's	
thomason	subject	5	317	Thomason-Model-Structures-in-Every-Strict-Higher-Dimension-September-25-2026			5	2	35	24	0	Thomason|Thomason's	names/thomason.md
thomasse	citation	1					1	1	2	2	0	Thomasse|Thomasse's	
thomassen	citation	1					1	1	1	0	0	Thomassen	
thompson	subject	8	248			OAI.ThompsonNonamenability.thompson_F_nonamenable_composition	8	4	38	30	0	Thompson|Thompson's	names/thompson.md
thomsen	citation	1					1	1	1	1	0	Thomsen	
thorin	citation	2					2	1	5	4	0	Thorin|Thorin's	
thorne	citation	2					2	2	19	10	0	Thorne|Thorne's	
thorner	citation	5					5	2	7	2	0	Thorner	
thorp	subject	1	238	Compatibility-entropy-and-the-spectrum-of-a-Thorp-sweep-September-26-2026|Optimal-order-mixing-of-the-Thorp-shuffle-September-26-2026|Routing-densities-and-representation-contraction-for-Thorp-sweeps-September-26-2026		OAI.ThorpNine.main|OAI.ThorpCompatibility.weightedCompatibility_main	1	1	131	105	7	Thorp|Thorp's	names/thorp.md
thorup	citation	1					0	1	0	0	0		
thouless	citation	4					4	3	30	23	0	Thouless	
thouvenot	citation	2					2	2	6	6	0	Thouvenot	
thrall	citation	2					2	1	4	2	3	Thrall|Thrall's	
thurston	citation	3					2	1	2	1	0	Thurston	
tian	citation	13					10	12	68	50	0	Tian|Tian's	
tiba	citation	1					1	1	4	4	0	Tiba	
tiberio	citation	1					0	1	0	0	0		
tidor	citation	1					1	1	6	4	0	Tidor	
tiep	citation	5					3	3	10	9	0	Tiep|Tiep's	
tignol	citation	2					1	2	1	0	0	Tignol	
tikhonovskaia	citation	3					2	2	3	3	0	Tikhonovskaia	
tikuisis	subject	5			291		4	4	45	33	0	Tikuisis|Tikuisis's	names/tikuisis.md
tilouine	citation	1					0	1	0	0	0		
timar	citation	4					3	4	20	7	0	Timar|Timar's	
timorin	citation	1					0	1	0	0	0		
timourian	citation	1					1	1	2	2	0	Timourian	
tindall	citation	1					1	1	1	1	0	Tindall	
tingley	subject	3	322			OAI.Tingley.tingley_sphere_isometry_full	2	2	15	9	0	Tingley's|Tingley	names/tingley.md
tirozzi	citation	1					1	1	3	2	0	Tirozzi	
titi	citation	1					1	1	2	1	0	Titi	
tits	citation	6					6	3	36	34	0	Tits|Tits's	
tobasco	citation	3					3	2	12	9	0	Tobasco	
tobin	citation	1					0	1	0	0	0		
tod	citation	2					1	1	1	0	0	Tod	
toda	subject	4	055|308	A-finite-Smith-Toda-complex-V4-at-the-prime-1009-September-23-2026|Finite-Smith-Toda-Complexes-at-Varying-Primes-September-23-2026			4	2	50	28	0	Toda|Toda's	names/toda.md
todd	citation	8					7	1	19	18	2	Todd	
todo	citation	1					1	1	1	1	0	Todo	
todorov	citation	4					4	2	15	8	0	Todorov|Todorov's	
toen	citation	4					3	2	7	3	0	Toen	
toeplitz	subject	6			130		6	0	43	35	12	Toeplitz	names/toeplitz.md
toft	citation	1					1	1	1	1	0	Toft	
tognoli	citation	1					1	1	1	1	0	Tognoli	
tointon	citation	1					1	1	4	3	0	Tointon's|Tointon	
tokoly	citation	1					0	1	0	0	0		
toledo	citation	1					1	1	2	2	3	Toledo's|Toledo	
tolev	citation	1					0	1	0	0	0		
tolias	citation	1					0	1	0	0	0		
tolksdorf	citation	1					0	1	0	0	0		
tolsa	subject	1			081		1	1	15	7	0	Tolsa|Tolsa's	names/tolsa.md
tom	citation	3					3	1	8	3	2	Tom	
toma	citation	4					3	2	7	5	0	Toma	
tomanov	citation	1					1	1	12	3	0	Tomanov|Tomanov's	
tomas	citation	2					2	1	6	5	0	Tomas	
tomczak-jaegermann	citation	1					0	1	0	0	0		
tomon	citation	1					1	1	1	1	0	Tomon	
toms	subject	3	291|302				3	2	40	22	0	Toms|Toms's	names/toms.md
tonchev	citation	1					1	1	1	0	0	Tonchev	
toner	citation	1					1	1	1	1	0	Toner	
toninelli	citation	3					3	3	4	2	0	Toninelli	
tonks	citation	1					1	1	1	1	0	Tonks	
toom	citation	1					1	1	3	2	0	Toom's|Toom	
topaz	citation	1					1	1	28	6	0	Topaz|Topaz's	
toponogov	citation	1					0	1	0	0	0		
topping	citation	3					3	3	3	2	0	Topping	
torii	citation	1					1	1	12	6	0	Torii|Torii's	
toro	citation	2					1	2	1	1	0	Toro	
torrence	citation	1					0	1	0	0	0		
torroba	citation	1					1	1	1	1	0	Torroba	
tosatti	citation	5					4	4	9	4	0	Tosatti	
totaro	citation	5					5	3	7	3	1	Totaro|Totaro's	
toth	citation	8					7	5	31	22	0	Toth|Toth's	
tothmeresz	citation	1					1	1	2	2	0	Tothmeresz	
tournier	citation	1					1	1	3	1	0	Tournier	
tousi	citation	1					0	1	0	0	0		
touzet	citation	2					2	1	12	9	0	Touzet|Touzet's	
townsend	citation	1					1	1	5	3	0	Townsend|Townsend's	
toyoda	citation	1					1	1	2	0	0	Toyoda	
tracy	citation	3					3	1	6	2	0	Tracy	
tralle	citation	1					0	1	0	0	0		
tran	citation	4					4	3	14	10	15	Tran	
trang	citation	3					1	2	1	0	0	Trang	
trapani	citation	1					1	1	1	1	0	Trapani	
traschen	citation	1					1	1	1	1	0	Traschen	
traub	citation	1					0	1	0	0	0		
trefethen	citation	2					0	2	0	0	0		
tregub	citation	1					1	1	2	0	0	Tregub	
trevino	citation	1					1	1	1	1	0	Trevino	
trevisan	citation	6					4	4	13	7	0	Trevisan	
triay	citation	1					1	1	6	4	0	Triay	
trinh	citation	1					0	1	0	0	0		
tripp	citation	1					1	1	1	0	0	Tripp	
trlifaj	citation	1					0	1	0	0	0		
trofimov	citation	1					1	1	6	6	0	Trofimov|Trofimov's	
tropp	citation	8					7	7	17	1	0	Tropp	
troscheit	citation	1					0	1	0	0	0		
trotter	subject	5			166		4	4	10	7	2	Trotter	names/trotter.md
troyanov	citation	1					0	1	0	0	0		
trudinger	subject	11			353		8	7	35	21	0	Trudinger	names/trudinger.md
truffet	citation	1					0	1	0	0	0		
trugman	citation	1					1	1	3	2	0	Trugman	
tsai	citation	1					1	1	1	1	0	Tsai	
tsakanikas	citation	4					3	4	23	17	0	Tsakanikas	
tschinkel	citation	5					5	2	16	8	0	Tschinkel	
tseng	citation	5					4	3	8	5	0	Tseng	
tserunyan	citation	1					1	1	1	0	0	Tserunyan	
tsimerman	citation	5					5	4	22	17	0	Tsimerman|Tsimerman's	
tsouvalas	citation	1					1	1	1	1	0	Tsouvalas	
tsuji	citation	4					3	3	18	5	0	Tsuji|Tsuji's	
tsujimura	citation	1					1	1	5	5	0	Tsujimura	
tsukamoto	citation	1					1	1	1	1	0	Tsukamoto	
tsushima	citation	1					1	1	4	3	0	Tsushima|Tsushima's	
tsymbaliuk	citation	1					1	1	11	8	0	Tsymbaliuk|Tsymbaliuk's	
tubach	citation	2					1	1	1	0	0	Tubach	
tucci	citation	1					1	1	2	0	0	Tucci	
tucker	citation	5					4	3	10	7	0	Tucker	
tukey	citation	3					3	3	5	4	0	Tukey	
tulsiani	citation	2					1	1	2	1	0	Tulsiani	
tumanov	citation	1					0	1	0	0	0		
tung	citation	3					3	1	12	9	0	Tung|Tung's	
tura	citation	1					0	1	0	0	0		
turan	citation	8					8	3	13	9	2	Turan|Turan's	
turchin	citation	2					0	2	0	0	0		
turett	citation	1					0	1	0	0	0		
turing	subject	15	241	Rigidity-of-the-Turing-degrees-September-24-2026		OAI.TuringRigidity.ManuscriptMain.rigidity	15	1	152	117	0	Turing|Turing's	names/turing.md
turner	citation	1					1	1	1	1	0	Turner	
turyn	citation	2					2	1	17	6	0	Turyn|Turyn's	
tutte	citation	9					8	4	61	47	0	Tutte|Tutte's	
tuza	citation	1					1	1	4	4	0	Tuza|Tuza's	
tweedale	citation	1					1	1	2	2	0	Tweedale	
tychonoff	citation	3					2	1	4	3	0	Tychonoff	
tymoczko	citation	1					1	1	2	1	0	Tymoczko|Tymoczko's	
tyomkin	citation	1					0	1	0	0	0		
tyurin	citation	2					2	1	4	1	0	Tyurin	
tzou	citation	2					1	2	1	0	0	Tzou	
uchiyama	citation	1					1	1	1	1	0	Uchiyama	
ueda	citation	2					2	1	6	4	0	Ueda|Ueda's	
ueltschi	citation	2					2	2	7	2	0	Ueltschi|Ueltschi's	
ueno	citation	3					2	3	5	2	0	Ueno|Ueno's	
ugaglia	citation	1					1	1	1	1	0	Ugaglia	
uhlenbeck	subject	10			093		9	2	26	17	0	Uhlenbeck|Uhlenbeck's	names/uhlenbeck.md
uhlmann	citation	3					3	3	19	16	0	Uhlmann|Uhlmann's	
uhrin	citation	1					1	1	2	2	0	Uhrin	
ukai	citation	1					1	1	4	1	0	Ukai|Ukai's	
ukhlov	citation	1					1	1	1	1	0	Ukhlov	
ukkonen	citation	2					2	1	4	3	0	Ukkonen	
ulam	subject	5	251	Strong-Ulam-Stability-Characterizes-Amenability-October-5-2026			5	1	29	27	0	Ulam	names/ulam.md
ullman	citation	1					1	1	1	0	0	Ullman	
ullmo	citation	2					2	2	7	6	0	Ullmo	
ulyanov	citation	1					1	1	1	1	0	Ulyanov	
umans	citation	1					1	1	1	1	2	Umans	
umegaki	citation	2					2	1	7	2	0	Umegaki	
umemura	citation	1					1	1	6	2	0	Umemura	
ummels	citation	1					1	1	1	1	0	Ummels	
unger	citation	3					3	2	5	5	0	Unger	
upadhyay	citation	1					1	1	1	1	0	Upadhyay	
urban	citation	3					3	2	15	9	0	Urban|Urban's	
urech	citation	1					1	1	1	1	0	Urech	
urrutia	citation	1					1	1	1	1	1	Urrutia	
urysohn	subject	1		Spectral-scalar-curvature-and-Urysohn-width-in-dimension-three-October-5-2026|Spectral-scalar-curvature-and-uniform-Urysohn-width-October-5-2026			1	0	11	11	0	Urysohn	names/urysohn.md
usuba	citation	1					1	1	1	0	0	Usuba	
usui	citation	2					2	2	12	4	0	Usui	
vaaler	citation	2					2	1	4	3	0	Vaaler	
vaccarino	citation	1					1	1	1	0	0	Vaccarino	
vaccaro	citation	2					2	2	8	6	0	Vaccaro|Vaccaro's	
vadhan	citation	3					2	2	4	3	0	Vadhan	
vaes	subject	4	300				3	3	21	14	0	Vaes|Vaes's	names/vaes.md
vafa	citation	1					1	1	4	4	0	Vafa	
vaintrob	citation	3					2	1	6	0	0	Vaintrob	
vaisala	citation	2					2	1	8	4	0	Vaisala|Vaisala's	
vajaitu	citation	1					1	1	4	2	0	Vajaitu	
valdimarsson	citation	1					0	1	0	0	0		
valdinoci	citation	1					0	1	0	0	0		
valette	citation	7					3	7	3	1	0	Valette	
valiant	citation	6					5	5	38	25	0	Valiant|Valiant's	
valko	citation	1					1	1	2	1	0	Valko	
valtorta	citation	2					1	2	1	1	0	Valtorta	
vanden-eijnden	citation	1					0	1	0	0	0		
vandenberghe	citation	4					1	4	1	1	1	Vandenberghe	
vanneuville	citation	1					1	1	19	5	4	Vanneuville|Vanneuville's	
vaquie	citation	3					3	1	4	2	0	Vaquie	
varadarajan	citation	1					1	1	1	1	0	Varadarajan	
varadhan	citation	2					2	1	4	3	0	Varadhan	
varaiya	citation	1					0	1	0	0	0		
varchenko	citation	1					1	1	4	4	0	Varchenko|Varchenko's	
vardabasso	citation	1					1	1	1	1	0	Vardabasso	
vardi	citation	3					3	2	10	3	1	Vardi|Vardi's	
varela	citation	1					1	1	2	1	0	Varela	
varga	citation	2					1	2	1	1	0	Varga	
vargas	citation	4					4	4	22	17	0	Vargas	
varghese	citation	1					1	1	1	1	0	Varghese	
varju	citation	2					2	2	11	8	0	Varju|Varju's	
varma	citation	1					1	1	5	2	0	Varma's|Varma	
varouchas	citation	1					0	1	0	0	0		
varshamov	citation	1					1	1	2	2	0	Varshamov	
varshavsky	citation	1					1	1	13	9	0	Varshavsky	
varvitsiotis	citation	2					2	1	2	1	0	Varvitsiotis	
vasconcelos	citation	1					1	1	6	4	0	Vasconcelos	
vaserstein	citation	2					1	1	1	0	0	Vaserstein	
vasey	citation	1					1	1	5	3	0	Vasey	
vaskou	citation	1					1	1	1	1	0	Vaskou	
vassilvitskii	citation	1					0	1	0	0	0		
vasy	citation	1					1	1	1	1	0	Vasy	
vatan	citation	2					1	1	1	1	0	Vatan	
vatsal	citation	2					2	1	5	2	0	Vatsal	
vaughan	citation	9					7	7	24	13	3	Vaughan|Vaughan's	
vazirani	citation	10					8	8	20	16	0	Vazirani	
vazquez	citation	1					1	1	3	3	0	Vazquez	
vedral	citation	2					2	1	5	4	0	Vedral	
vega	citation	4					4	2	17	12	0	Vega	
vegh	citation	1					0	1	0	0	0		
vejnar	citation	1					1	1	2	2	0	Vejnar	
velani	citation	1					1	1	4	3	0	Velani	
velasco	citation	1					0	1	0	0	0		
velenik	citation	3					2	2	4	2	0	Velenik	
veliche	citation	1					1	1	2	1	0	Veliche	
velo	citation	1					0	1	0	0	0		
vempala	citation	5					2	3	5	3	0	Vempala	
venereau	citation	2					2	1	5	2	0	Venereau	
veneziano	citation	1					1	1	1	1	0	Veneziano	
venjakob	citation	2					1	2	7	2	0	Venjakob	
venkat	citation	2					2	1	2	1	0	Venkat	
venkatesh	citation	5					4	5	16	16	0	Venkatesh	
verberkmoes	citation	1					1	1	1	1	0	Verberkmoes	
verbitsky	subject	3			041		3	2	13	11	0	Verbitsky|Verbitsky's	names/verbitsky.md
verdera	citation	1					1	1	1	0	0	Verdera	
verdier	citation	8					8	1	42	34	4	Verdier	
verdiere	subject	2	157	A-counterexample-to-the-Colin-de-Verdiere-chromatic-conjecture-September-23-2026			2	0	14	11	0	Verdiere	names/verdiere.md
verdu	citation	2					2	2	3	3	0	Verdu	
vergara	citation	1					1	1	3	0	0	Vergara	
vergne	citation	2					1	1	1	1	0	Vergne	
verlinde	subject	1			208		1	0	10	9	0	Verlinde	names/verlinde.md
verma	citation	4					4	1	6	5	0	Verma	
veron	citation	3					2	1	8	5	0	Veron	
veronese	subject	14			200		14	0	79	71	15	Veronese	names/veronese.md
verreault	citation	1					1	1	6	3	0	Verreault's|Verreault	
vershik	citation	3					1	2	2	2	0	Vershik	
vershynin	citation	4					3	2	11	6	0	Vershynin|Vershynin's	
vershynina	citation	2					2	1	2	1	0	Vershynina	
verstraete	citation	4					3	4	8	6	0	Verstraete	
veselic	citation	1					1	1	1	1	0	Veselic	
vesztergombi	citation	1					1	1	1	1	0	Vesztergombi	
vey	subject	1			058		1	0	18	7	2	Vey|Vey's	names/vey.md
vezzosi	citation	3					3	1	4	2	0	Vezzosi	
viaclovsky	citation	1					1	1	3	0	0	Viaclovsky	
viada	citation	1					1	1	8	5	0	Viada	
viana	subject	4			221		3	4	8	5	0	Viana|Viana's	names/viana.md
viazovska	citation	1					1	1	12	10	0	Viazovska	
vicari	citation	1					1	1	1	1	0	Vicari	
vicente	citation	1					1	1	2	0	0	Vicente	
victoir	citation	1					0	1	0	0	0		
vidaux	citation	1					1	1	2	0	0	Vidaux	
vidick	citation	2					1	2	4	4	0	Vidick	
viehweg	subject	8			033|038		8	3	69	46	6	Viehweg|Viehweg's	names/viehweg.md
vietoris	subject	12			059|305		12	0	39	36	3	Vietoris	names/vietoris.md
vigoda	citation	3					3	3	34	30	0	Vigoda	
vigue-poirrier	citation	1					0	1	0	0	0		
vihko	citation	1					1	1	2	2	0	Vihko	
vikash	citation	1					1	1	4	4	0	Vikash	
viklund	citation	1					1	1	1	1	0	Viklund	
vilalta	citation	3					3	1	12	9	0	Vilalta	
villa	citation	2					0	2	0	0	0		
villadsen	citation	2					2	1	11	3	0	Villadsen|Villadsen's	
villain	subject	1			216		1	1	38	33	4	Villain	names/villain.md
villani	subject	7	360				6	7	15	9	0	Villani|Villani's	names/villani.md
ville	citation	3					3	2	8	2	0	Ville|Ville's	
villemaire	citation	1					1	1	1	1	0	Villemaire	
vilonen	citation	2					2	1	10	6	0	Vilonen	
vinay	citation	1					1	1	1	1	0	Vinay	
vinberg	subject	2			069		2	1	23	21	1	Vinberg	names/vinberg.md
vincent	citation	5					5	1	16	6	0	Vincent	
vinhage	citation	1					0	1	0	0	0		
vinnikov	citation	4					3	3	5	4	2	Vinnikov	
vinogradov	citation	6					6	1	28	14	0	Vinogradov|Vinogradov's	
vinzant	citation	3					3	3	13	12	0	Vinzant	
viola	citation	1					1	1	3	2	0	Viola	
violo	citation	2					2	2	2	2	0	Violo|Violo's	
virag	citation	3					3	3	7	6	0	Virag	
virasoro	subject	3	065	Virasoro-Constraints-for-Projective-Complete-Intersections-September-24-2026|Virasoro-Constraints-under-Projectivization-October-5-2026			3	0	69	61	4	Virasoro	names/virasoro.md
virza	citation	1					1	1	2	1	0	Virza	
visan	citation	1					0	1	0	0	0		
vishkin	citation	1					1	1	1	1	0	Vishkin	
vishnoi	citation	4					4	3	6	5	0	Vishnoi	
vistoli	citation	5					3	4	5	3	0	Vistoli	
vitale	citation	1					1	1	6	3	0	Vitale	
vitek	citation	1					1	1	4	3	0	Vitek	
viterbo	citation	1					1	1	3	1	0	Viterbo	
vizer	citation	1					1	1	2	2	0	Vizer	
vizing	citation	2					2	1	6	4	0	Vizing	
vlasov	subject	1	362	Global-classical-solutions-of-the-three-dimensional-relativistic-Vlasov-Maxwell-system-September-23-2026			1	0	11	9	0	Vlasov	names/vlasov.md
voevodsky	citation	1					1	1	2	1	0	Voevodsky	
vogelius	citation	1					1	1	1	1	0	Vogelius	
voiculescu	subject	8	298				8	7	32	18	9	Voiculescu|Voiculescu's	names/voiculescu.md
voight	citation	4					4	4	17	4	0	Voight	
voigt	citation	1					1	1	2	1	0	Voigt	
voisin	citation	4					4	2	14	6	0	Voisin|Voisin's	
vojta	citation	1					1	1	8	7	0	Vojta|Vojta's	
volberg	citation	2					2	1	6	6	0	Volberg	
volic	citation	2					0	2	0	0	0		
volin	citation	1					0	1	0	0	0		
volk	citation	1					0	1	0	0	0		
volkov	citation	1					0	1	0	0	0		
vondrak	citation	1					1	1	3	3	0	Vondrak	
vorobets	citation	1					1	1	4	1	0	Vorobets	
vorobyov	citation	1					0	1	0	0	0		
voronoi	subject	9	224	A-Pivotal-Amplitude-for-Voronoi-Percolation-from-Cardys-Formula-October-5-2026|Cardys-formula-for-critical-Poisson-Voronoi-percolation-September-23-2026|From-critical-crossings-to-quenched-near-critical-universality-in-Voronoi-percolation-October-5-2026	023|090|224		9	0	121	98	12	Voronoi	names/voronoi.md
voronov	citation	1					1	1	1	0	0	Voronov	
vorotnikova	citation	1					1	1	1	1	0	Vorotnikova	
vose	citation	1					1	1	2	1	0	Vose	
vraciu	citation	1					1	1	1	1	0	Vraciu	
vulpiani	citation	1					1	1	2	2	0	Vulpiani	
vuong	citation	2					2	1	10	8	0	Vuong	
vust	citation	1					0	1	0	0	0		
vygen	citation	1					0	1	0	0	0		
wachs	subject	1	169				1	1	5	5	0	Wachs	names/wachs.md
wadsley	citation	1					0	1	0	0	0		
waerden	subject	3	160	Quantitative-Superexponential-Bounds-for-van-der-Waerden-Numbers-September-23-2026		OAI.QuantitativeVanDerWaerden.uniform_lower_bound	3	0	13	9	0	Waerden|Waerden's	names/waerden.md
wager	citation	1					1	1	4	3	0	Wager	
wagner	citation	11					10	8	26	15	0	Wagner|Wagner's	
wahl	citation	3					3	3	16	12	0	Wahl|Wahl's	
wahlen	citation	2					1	1	1	1	0	Wahlen	
wainwright	citation	1					0	1	0	0	0		
wakimoto	subject	2			014		2	0	31	25	0	Wakimoto	names/wakimoto.md
wakin	citation	1					0	1	0	0	0		
wald	citation	1					1	1	7	7	0	Wald	
waldhausen	subject	1			340		1	1	10	7	0	Waldhausen's|Waldhausen	names/waldhausen.md
waldron	citation	2					1	1	6	3	0	Waldron	
waldschmidt	citation	2					2	1	5	3	1	Waldschmidt	
waldspurger	citation	4					4	4	57	31	0	Waldspurger|Waldspurger's	
waldvogel	citation	1					1	1	3	1	0	Waldvogel	
walfisz	subject	4			011		4	0	18	16	3	Walfisz	names/walfisz.md
walker	citation	2					2	1	14	10	28	Walker	
walkup	citation	2					1	2	2	1	0	Walkup's|Walkup	
wallace	citation	1					1	1	1	0	0	Wallace	
walsh	citation	14			157|238|326		14	3	92	72	56	Walsh|Walsh's	
walter	citation	8					7	2	12	9	0	Walter|Walter's	
walters	citation	1					1	1	8	7	0	Walters	
wampler	citation	1					0	1	0	0	0		
wan	citation	9					8	6	33	19	0	Wan	
wang	subject	74			078|353		65	53	292	198	8	Wang|Wang's	names/wang.md
wang-erickson	citation	1					0	1	0	0	0		
wanless	citation	1					1	1	6	6	0	Wanless	
ward	subject	5			219|234|282		5	0	160	130	45	Ward|Ward's	names/ward.md
warhurst	citation	1					0	1	0	0	0		
warmuth	citation	1					1	1	2	2	0	Warmuth	
warning	citation	6					6	3	18	15	5	Warning	
warnke	citation	1					1	1	1	0	0	Warnke	
warren	citation	2					1	2	2	1	0	Warren	
warzel	citation	4					3	3	17	11	0	Warzel	
washington	citation	4					4	2	6	6	6	Washington|Washington's	
wassermann	citation	4					4	3	16	12	0	Wassermann|Wassermann's	
watanabe	citation	3					2	3	12	6	0	Watanabe|Watanabe's	
watson	citation	5					4	4	24	23	0	Watson	
watts	citation	2					2	2	2	2	0	Watts	
weaver	citation	1					1	1	5	5	0	Weaver	
webb	citation	4					3	3	6	3	0	Webb	
webster	citation	1					1	1	1	1	0	Webster	
weck	citation	1					1	1	3	3	0	Weck	
wee	citation	1					1	1	3	3	0	Wee	
weekes	citation	1					1	1	8	5	0	Weekes|Weekes's	
weeks	citation	1					1	1	1	1	0	Weeks	
wegman	citation	1					0	1	0	0	0		
wegner	citation	3					3	1	13	7	0	Wegner	
wei	citation	13					13	8	32	22	0	Wei	
weibel	citation	8					7	4	37	5	0	Weibel|Weibel's	
weideman	citation	1					0	1	0	0	0		
weidl	citation	1					1	1	20	17	0	Weidl|Weidl's	
weigert	citation	1					1	1	4	3	0	Weigert	
weigt	citation	1					1	1	10	5	0	Weigt|Weigt's	
weil	subject	37		Weil-classes-and-Hodge-classes-on-abelian-powers-October-6-2026	014|032		37	7	1199	1064	109	Weil|Weil's	names/weil.md
wein	citation	1					0	1	0	0	0		
weinberg	citation	1					1	1	6	6	0	Weinberg	
weinberger	citation	11					7	8	12	8	0	Weinberger	
weiner	citation	3					3	2	29	19	0	Weiner|Weiner's	
weinstein	subject	7			318		7	5	32	27	0	Weinstein	names/weinstein.md
weisfeiler	subject	4	133	Parity-lifts-and-bounded-treewidth-witnesses-for-Weisfeiler-Leman-equivalence-September-25-2026|The-complexity-of-identifying-a-graph-by-Weisfeiler-Leman-refinement-September-25-2026|Unconditional-time-lower-bounds-for-Weisfeiler-Leman-equivalence-September-25-2026|Variable-dimension-Weisfeiler-Leman-equivalence-on-general-and-subcubic-graphs-September-25-2026	133		3	3	64	53	0	Weisfeiler	names/weisfeiler.md
weiss	subject	10			217		10	5	26	17	0	Weiss|Weiss's	names/weiss.md
weissbach	citation	2					2	1	5	5	0	Weissbach	
weissler	citation	1					0	1	0	0	0		
weisz	citation	1					0	1	0	0	0		
weitz	citation	2					1	2	1	1	0	Weitz	
welch	citation	3					3	2	5	3	0	Welch	
welker	citation	2					1	1	1	0	0	Welker	
welland	citation	1					1	1	2	2	0	Welland	
wellens	citation	2					2	1	4	1	0	Wellens	
welsh	citation	3					3	1	18	9	0	Welsh	
welzl	citation	2					1	2	1	1	0	Welzl	
wen	citation	4					3	1	5	3	0	Wen	
wendl	citation	1					1	1	22	2	0	Wendl	
wenger	citation	1					1	1	8	3	0	Wenger|Wenger's	
wennberg	citation	1					1	1	5	3	0	Wennberg|Wennberg's	
wenzl	citation	1					1	1	6	5	0	Wenzl	
werner	subject	12			331		9	7	60	46	0	Werner	names/werner.md
werness	citation	1					1	1	2	2	0	Werness	
westbury	citation	2					2	1	2	1	0	Westbury	
weston	citation	1					1	1	2	2	0	Weston	
westzynthius	citation	1					1	1	2	1	0	Westzynthius	
wetherell	citation	1					0	1	0	0	0		
wets	citation	2					0	2	0	0	1		
weyl	subject	41			086|281|348		41	1	596	534	38	Weyl|Weyl's	names/weyl.md
weyman	citation	2					2	2	5	4	0	Weyman	
whang	citation	1					1	1	1	0	0	Whang's	
wheeler	citation	2					2	2	6	2	0	Wheeler	
whitehead	citation	17					17	2	32	30	0	Whitehead|Whitehead's	
whitfield	citation	1					1	1	4	1	0	Whitfield	
whiting	citation	1					1	1	1	1	0	Whiting	
whitley	citation	1					1	1	1	1	0	Whitley	
whitney	subject	30			064		30	7	182	153	14	Whitney|Whitney's	names/whitney.md
whittaker	subject	4			014|069		4	0	222	194	25	Whittaker	names/whittaker.md
whyte	citation	1					1	1	3	2	0	Whyte	
wibisono	citation	1					0	1	0	0	0		
wichmann	citation	2					2	2	3	2	0	Wichmann	
wick	subject	16			215|216|298		16	1	165	131	39	Wick|Wick's	names/wick.md
wickramasekera	citation	2					2	2	4	1	0	Wickramasekera	
widder	citation	2					2	1	11	8	0	Widder	
widman	citation	1					0	1	0	0	0		
widmer	citation	1					1	1	1	0	0	Widmer	
widom	citation	4					4	1	7	3	0	Widom	
wiebking	citation	1					1	1	2	2	0	Wiebking	
wieder	citation	1					1	1	3	3	0	Wieder	
wiederrecht	citation	1					1	1	2	1	0	Wiederrecht	
wiegmann	citation	1					0	1	0	0	0		
wiener	citation	12					12	1	55	46	11	Wiener	
wierdl	citation	2					2	1	3	1	0	Wierdl|Wierdl's	
wiersema	citation	1					0	1	0	0	0		
wiesbrock	citation	1					0	1	0	0	0		
wiese	citation	1					1	1	1	1	0	Wiese	
wieser	citation	1					1	1	2	0	0	Wieser	
wigderson	citation	8					6	7	12	11	0	Wigderson	
wiggins	citation	1					1	1	2	2	0	Wiggins	
wightman	citation	3					3	1	22	17	0	Wightman	
wijshoff	citation	1					0	1	0	0	0		
wildon	citation	1					1	1	2	1	0	Wildon	
wiles	citation	3					3	3	48	29	0	Wiles|Wiles's	
wilkerson	citation	1					1	1	4	1	0	Wilkerson|Wilkerson's	
wilkie	citation	1					1	1	4	3	0	Wilkie	
wilking	citation	1					1	1	6	3	0	Wilking	
willett	citation	2					2	2	9	5	0	Willett	
williams	citation	12					9	8	30	22	2	Williams|Williams's	
williamson	citation	3					3	1	15	11	0	Williamson|Williamson's	
willig	citation	1					1	1	4	1	0	Willig's|Willig	
willms	citation	1					1	1	2	2	0	Willms	
willumsgaard	citation	1					1	1	1	1	0	Willumsgaard	
wilson	subject	23	319	Counterexamples-to-the-Hahn-Wilson-conjecture-at-height-two-September-26-2026	215|235		21	12	122	81	78	Wilson|Wilson's	names/wilson.md
wilton	citation	3					2	3	3	3	0	Wilton	
wiman	citation	1					1	1	2	0	0	Wiman	
wingberg	citation	2					0	2	0	0	0		
winkler	citation	1					0	1	0	0	0		
winnink	citation	1					0	1	0	0	0		
winograd	citation	1					1	1	13	10	0	Winograd	
winston	citation	1					1	1	3	3	0	Winston	
wintenberger	citation	2					2	1	14	10	0	Wintenberger	
winter	subject	10	291		291|299		10	5	83	51	0	Winter|Winter's	names/winter.md
wintner	citation	1					0	1	0	0	0		
wise	citation	8					5	5	23	9	35	Wise|Wise's	
wisniewski	citation	3					2	1	11	7	0	Wisniewski	
witaszek	citation	1					1	1	8	4	0	Witaszek|Witaszek's	
witmer	citation	3					2	2	3	3	0	Witmer	
witt	subject	21		Integral-Donovan-Finiteness-over-Witt-Vectors-September-25-2026	304|318		21	1	198	157	47	Witt|Witt's	names/witt.md
witten	citation	14					13	3	68	55	0	Witten|Witten's	
wocjan	citation	1					0	1	0	0	0		
woess	citation	1					1	1	1	1	0	Woess	
wogen	citation	1					1	1	4	4	0	Wogen	
wojciechowski	citation	1					0	1	0	0	0		
wojtaszczyk	citation	1					1	1	2	2	0	Wojtaszczyk	
wojtczak	citation	1					1	1	1	1	0	Wojtczak	
wolf	citation	9					7	7	22	11	0	Wolf|Wolf's	
wolfe	citation	1					1	1	2	2	0	Wolfe	
wolff	citation	9					8	8	34	27	0	Wolff|Wolff's	
wolke	citation	1					1	1	1	1	0	Wolke	
wollan	citation	1					1	1	1	1	0	Wollan	
wollman	citation	1					1	1	2	1	0	Wollman	
wong	citation	5					5	2	13	6	0	Wong|Wong's	
wongkew	citation	1					1	1	4	1	0	Wongkew|Wongkew's	
wood	citation	3					3	2	3	3	0	Wood	
woodall	citation	2					2	2	10	5	0	Woodall|Woodall's	
woodin	subject	1			241		1	0	9	5	0	Woodin|Woodin's	names/woodin.md
woodruff	citation	2					2	2	4	3	0	Woodruff	
wooley	citation	1					1	1	6	2	0	Wooley	
woolf	citation	1					1	1	7	2	0	Woolf	
wootters	citation	3					3	1	9	2	0	Wootters	
wormald	citation	3					3	1	4	1	0	Wormald	
woronowicz	citation	1					1	1	1	1	0	Woronowicz	
worrell	citation	1					1	1	1	1	0	Worrell	
worytkiewicz	citation	1					1	1	1	0	0	Worytkiewicz	
wotzlaw	citation	4					2	3	2	1	0	Wotzlaw	
wouters	citation	2			291		1	1	3	0	0	Wouters	
wright	citation	9					9	6	16	11	0	Wright|Wright's	
wrochna	citation	1					0	1	0	0	0		
wustholz	citation	1					1	1	6	5	0	Wustholz	
wyner	citation	1					0	1	0	0	0		
xia	citation	4					3	4	9	5	1	Xia	
xiang	citation	2					2	2	2	2	0	Xiang	
xiao	citation	3					2	2	6	3	0	Xiao|Xiao's	
xie	citation	10					9	9	38	21	3	Xie|Xie's	
xing	citation	2					2	2	2	2	0	Xing	
xiong	citation	4					3	4	10	8	0	Xiong|Xiong's	
xue	citation	3					3	1	11	7	0	Xue|Xue's	
xylouris	citation	2					2	2	4	1	0	Xylouris	
yabe	citation	1					1	1	4	4	0	Yabe's|Yabe	
yacobi	citation	1					1	1	1	1	0	Yacobi	
yadin	citation	1					1	1	2	1	0	Yadin	
yakimova	citation	1					0	1	0	0	0		
yakovenko	citation	1					1	1	3	3	0	Yakovenko|Yakovenko's	
yam	citation	1					1	1	1	1	0	Yam	
yamabe	citation	2					2	1	16	13	5	Yamabe	
yamada	citation	2					2	1	8	6	0	Yamada	
yamagami	citation	1					1	1	1	1	0	Yamagami	
yamamoto	citation	1					1	1	2	1	0	Yamamoto	
yamana	citation	1					1	1	8	2	0	Yamana	
yamanoi	citation	2					2	2	7	5	0	Yamanoi	
yamashita	citation	2					0	2	0	0	0		
yamaura	citation	1					1	1	3	3	0	Yamaura|Yamaura's	
yan	citation	2					2	1	5	3	0	Yan|Yan's	
yanez	citation	3					1	3	1	1	0	Yanez	
yang	subject	37			216		36	19	163	119	8	Yang|Yang's	names/yang.md
yannakakis	citation	3					2	2	3	3	0	Yannakakis	
yao	citation	9					6	8	32	26	0	Yao|Yao's	
yarotsky	citation	1					1	1	2	0	0	Yarotsky	
yaskin	citation	1					0	1	0	0	0		
yau	subject	37	338|349|350|361	Arithmetic-Stein-degree-bounds-for-log-Calabi-Yau-pairs-September-25-2026|Relative-denominators-and-effective-systems-for-log-Calabi-Yau-fibrations-September-27-2026|The-Solomon-Yau-least-volume-theorem-September-23-2026|Uniform-indices-for-semi-log-canonical-log-Calabi-Yau-pairs-October-5-2026	034|066	OAI.YauCounterexamples.sphere_three|OAI.YauCounterexamples.sphere_two_torus_two|OAI.Yau.Target.yau_nodal_set_upper_bound_counterexample	34	24	366	299	16	Yau|Yau's	names/yau.md
yavicoli	citation	2					2	2	6	6	0	Yavicoli	
yee	citation	1					0	1	0	0	0		
yehudayoff	citation	1					0	1	0	0	0		
yeoh	citation	1					0	1	0	0	0		
yeung	citation	2					2	1	5	2	0	Yeung|Yeung's	
yin	citation	10					8	8	26	22	0	Yin|Yin's	
yip	citation	2					2	2	3	2	1	Yip	
yngvason	citation	3					3	3	24	19	0	Yngvason	
yohananov	citation	1					1	1	1	1	0	Yohananov	
yokota	citation	1					1	1	2	2	0	Yokota	
yomdin	citation	2					1	2	2	1	0	Yomdin	
yoneda	citation	11					10	1	49	36	2	Yoneda	
yonekura	citation	1					1	1	2	1	0	Yonekura	
yong	citation	4					3	1	3	3	0	Yong	
yoo	citation	2					0	2	0	0	0		
yor	citation	2					0	2	0	0	0		
yorke	citation	1					1	1	15	8	0	Yorke|Yorke's	
yoshioka	citation	1					1	1	2	1	0	Yoshioka	
yost	citation	1					1	1	1	1	0	Yost	
youcis	citation	2					1	2	1	1	0	Youcis	
young	subject	62			169|205|262		60	5	340	229	33	Young's|Young	names/young.md
younsi	citation	1					1	1	3	1	0	Younsi	
yuan	citation	10					7	7	18	10	1	Yuan|Yuan's	
yudovina	citation	3					2	1	6	0	0	Yudovina	
yue	citation	1					1	1	1	1	0	Yue's	
yuen	citation	4					4	2	12	8	2	Yuen|Yuen's	
yun	citation	2					2	1	14	9	0	Yun|Yun's	
yuster	citation	5					4	4	6	6	0	Yuster	
zabrocki	citation	2					2	1	5	5	3	Zabrocki	
zaccagnini	citation	1					1	1	1	1	0	Zaccagnini	
zacharias	subject	2			291		2	1	11	9	0	Zacharias|Zacharias's	names/zacharias.md
zagier	subject	6			002		5	5	116	93	12	Zagier|Zagier's	names/zagier.md
zagrebnov	citation	2					2	2	3	2	0	Zagrebnov	
zaharopol	citation	1					1	1	1	0	0	Zaharopol	
zahidi	citation	1					1	1	6	6	0	Zahidi	
zahl	citation	3					3	3	15	14	0	Zahl|Zahl's	
zahradova	citation	1					0	1	0	0	0		
zaid	citation	1					1	1	3	3	0	Zaid	
zaidenberg	citation	3					3	1	6	3	0	Zaidenberg	
zakharov	citation	4					3	4	10	7	0	Zakharov|Zakharov's	
zaman	citation	5					5	2	9	4	0	Zaman	
zamani	citation	1					1	1	1	1	0	Zamani	
zamolodchikov	citation	3					3	2	9	7	0	Zamolodchikov|Zamolodchikov's	
zane	citation	2					2	1	5	5	0	Zane	
zang	citation	1					1	1	2	2	0	Zang	
zannier	citation	2					2	1	6	3	0	Zannier	
zanolin	citation	1					0	1	0	0	0		
zarankiewicz	subject	1				OAI.Zarankiewicz.mainTarget_proof	1	1	5	4	0	Zarankiewicz	names/zarankiewicz.md
zare	citation	1					1	1	4	0	0	Zare	
zaremsky	subject	2			250		2	2	15	8	3	Zaremsky|Zaremsky's	names/zaremsky.md
zarhin	citation	5					5	4	29	13	0	Zarhin|Zarhin's	
zariski	subject	57	048|059				57	1	540	496	2	Zariski|Zariski's	names/zariski.md
zaslavsky	citation	3					2	2	3	2	0	Zaslavsky	
zaslow	citation	1					1	1	1	1	0	Zaslow	
zassenhaus	citation	3					2	1	6	5	0	Zassenhaus	
zauner	citation	1					1	1	7	4	0	Zauner|Zauner's	
zavyalov	citation	2					0	2	0	0	0		
zbysinski	citation	1					0	1	0	0	0		
zecchina	citation	1					1	1	5	3	0	Zecchina	
zehnder	citation	2					2	2	12	7	0	Zehnder	
zeidler	citation	1					1	1	1	1	0	Zeidler	
zeilberger	citation	2					2	1	2	1	0	Zeilberger	
zeitouni	citation	5					4	5	21	17	0	Zeitouni|Zeitouni's	
zelada	citation	1					1	1	1	1	0	Zelada	
zelditch	citation	3					3	3	5	4	0	Zelditch|Zelditch's	
zelesko	citation	1					1	1	2	2	0	Zelesko	
zelevinsky	citation	3					3	1	10	0	1	Zelevinsky	
zelingher	citation	1					0	1	0	0	0		
zemlyakov	citation	1					1	1	2	2	0	Zemlyakov	
zemor	citation	2					2	2	3	2	0	Zemor	
zeng	citation	5					5	3	12	5	0	Zeng	
zenklusen	citation	1					1	1	7	7	0	Zenklusen	
zentner	citation	1					0	1	0	0	0		
zerbes	citation	1					0	1	0	0	0		
zeriahi	citation	4					3	4	6	5	0	Zeriahi	
zerner	citation	1					1	1	27	18	0	Zerner|Zerner's	
zhai	citation	2					1	1	12	6	0	Zhai	
zhan	citation	5					5	3	27	16	1	Zhan|Zhan's	
zhang	subject	69			080		55	55	209	141	0	Zhang|Zhang's	names/zhang.md
zhao	citation	10					10	5	26	10	1	Zhao	
zheng	citation	13					11	7	23	12	0	Zheng	
zhiboedov	citation	1					0	1	0	0	0		
zhislin	citation	1					1	1	2	1	0	Zhislin's|Zhislin	
zhitniaia	citation	1					1	1	2	1	0	Zhitniaia	
zhivkov	citation	1					1	1	7	7	0	Zhivkov	
zhong	citation	2					2	1	3	1	0	Zhong	
zhou	citation	27					24	21	102	61	1	Zhou|Zhou's	
zhu	citation	20					18	12	61	36	1	Zhu|Zhu's	
zhuang	citation	7					7	5	23	18	0	Zhuang	
zibrowius	citation	1					1	1	1	1	0	Zibrowius	
ziegler	citation	4					4	2	25	11	0	Ziegler	
zielonka	citation	1					1	1	1	1	0	Zielonka's	
ziemer	citation	2					2	2	2	2	0	Ziemer	
zilber	subject	2	016	Elliptic-Squares-and-Zilber-Pink-for-Curves-in-A2-September-24-2026|The-Abelian-Zilber-Pink-Conjecture-September-24-2026|The-E-times-CM-Component-of-Zilber-Pink-for-Curves-in-A2-September-24-2026	016		2	2	34	26	0	Zilber|Zilber's	names/zilber.md
ziller	citation	1					1	1	2	0	0	Ziller	
zimmer	citation	4					4	3	16	11	0	Zimmer	
zimmermann	citation	3					2	2	5	5	0	Zimmermann	
zink	citation	4					3	2	8	8	0	Zink	
zinn-justin	citation	2					0	2	0	0	0		
zippel	citation	6					6	6	17	10	0	Zippel|Zippel's	
zippelius	citation	1					1	1	6	6	0	Zippelius	
zippin	citation	2					1	2	3	3	0	Zippin	
ziv	citation	2					1	2	1	1	0	Ziv	
zlotnikov	citation	1					1	1	2	2	0	Zlotnikov	
zolotov	citation	1					0	1	0	0	0		
zong	citation	1					1	1	1	1	0	Zong	
zorin-kranich	citation	3					0	3	0	0	0		
zou	citation	3					3	2	8	5	0	Zou|Zou's	
zsamboki	citation	1					0	1	0	0	0		
zsido	citation	1					0	1	0	0	0		
zuber	citation	2					2	1	3	2	0	Zuber	
zuckerman	citation	2					2	1	7	7	0	Zuckerman|Zuckerman's	
zuddas	citation	1					1	1	1	1	0	Zuddas	
zudilin	citation	2					2	2	11	4	1	Zudilin|Zudilin's	
zugmeyer	citation	1					0	1	0	0	0		
zuily	citation	1					0	1	0	0	0		
zuliani	citation	1					1	1	2	2	0	Zuliani	
zuo	citation	2					2	1	5	5	0	Zuo	
zureick-brown	citation	1					0	1	0	0	0		
zuzic	citation	1					0	1	0	0	0		
zvavitch	citation	2					2	1	4	3	0	Zvavitch	
zwick	citation	3					2	2	3	3	0	Zwick	
zworski	citation	3					2	3	2	1	0	Zworski	
zygmund	citation	14					14	4	33	32	0	Zygmund|Zygmund's	
